developer,appid,name,type,rating,release,followers,online,peak
Valve,620,Portal 2,Game,97.74,1303171200,356072,1833,98460
Valve,400,Portal,Game,97.27,1191974400,148308,567,20672
Valve,550,Left 4 Dead 2,Game,96.79,1258416000,1280138,29948,162399
Valve,546560,Half-Life: Alyx,Game,96.77,1584921600,254682,282,42858
Valve,220,Half-Life 2,Game,96.52,1100563200,103125,1353,64085
Valve,10,Counter-Strike,Game,96.31,973036800,227366,5865,319586
Valve,4465480,Counter-Strike:Global Offensive,Game,95.6,1345507200,25444,30795,66099
Valve,70,Half-Life,Game,95.24,911433600,66209,849,33471
Valve,420,Half-Life 2: Episode Two,Tool,95.19,1191974400,51065,37,1419
Valve,240,Counter-Strike: Source,Game,95.09,1099267200,443363,17208,100056
Valve,500,Left 4 Dead,Game,94.73,1226880000,344792,658,30616
Valve,380,Half-Life 2: Episode One,Tool,93.79,1149120000,17441,7,1132
Valve,1902490,Aperture Desk Job,Game,92.74,1646092800,19934,14,3519
Valve,630,Alien Swarm,Game,92.62,1279497600,87770,16,60467
Valve,245550,Free to Play,Game,92.32,1395187200,24437,3,53002
Valve,323180,Portal 2 Soundtrack,Music,92.16,1411516800,0,0,1
Valve,323130,Half-Life Soundtrack,Music,91.69,1411516800,0,0,1
Valve,450390,The Lab,Game,91.68,1459814400,26672,12,927
Valve,1840,Source Filmmaker,Application,91.18,1341878400,139168,981,3975
Valve,629330,Fight Songs: The Music Of Team Fortress 2,Music,91.15,1493856000,0,0,1
Valve,323170,Portal Soundtrack,Music,91.05,1411516800,0,0,2
Valve,323140,Half-Life 2 Soundtrack,Music,91.0,1411516800,0,0,2
Valve,290930,Half-Life 2: Update,Game,90.62,1427414400,46741,26,3175
Valve,440,Team Fortress 2,Game,90.24,1191974400,1435575,53721,253997
Valve,300,Day of Defeat: Source,Game,89.74,1127692800,27019,277,7507
Valve,80,Counter-Strike: Condition Zero,Game,89.56,1078099200,48104,285,32748
Valve,320,Half-Life 2: Deathmatch,Game,88.55,1099267200,9917,131,2702
Valve,30,Day of Defeat,Game,87.47,1051747200,7664,128,7758
Valve,539730,True Sight,Series,87.46,1476403200,6534,0,229
Valve,323160,Half-Life 2: Episode Two Soundtrack,Music,87.27,1411516800,0,0,1
Valve,340,Half-Life 2: Lost Coast,Tool,87.11,1130371200,14618,2,180
Valve,2678630,Counter-Strike 2 Soundtrack,Music,87.11,0,0,0,0
Valve,411180,Dota 2 Player Profiles,Series,86.88,1447372800,19587,0,93
Valve,652720,The Dota 2 Remixes EP,Music,86.72,1581379200,0,0,1
Valve,323150,Half-Life 2: Episode One Soundtrack,Music,86.49,1411516800,0,0,1
Valve,1241930,The Dota 2 Official Soundtrack,Music,86.16,1581379200,0,0,0
Valve,730,Counter-Strike 2,Game,85.91,1345507200,4753445,662892,1862531
Valve,322070,Left 4 Dead 2 - Uncensored,DLC,85.88,0,0,0,0
Valve,1310460,Half-Life: Alyx Soundtrack,Music,85.68,1588636800,0,0,0
Valve,250820,SteamVR,Tool,85.57,0,61441,0,815
Valve,1070910,Are you ready for Valve Index?,Tool,84.78,1556582400,0,9,156
Valve,20,Team Fortress Classic,Game,84.74,922924800,10160,72,1897
Valve,1244060,Steam Summer Saliens Soundtrack,Music,84.66,1581379200,0,0,2
Valve,323120,Free to Play Soundtrack,Music,83.86,1411516800,0,0,1
Valve,1244070,Steam Summer Monsters Soundtrack,Music,83.53,1581379200,0,0,1
Valve,1046930,Dota Underlords,Game,81.19,1560988800,68526,511,202334
Valve,60,Ricochet,Game,80.68,973036800,3122,3,353
Valve,570,Dota 2,Game,80.62,1373328000,2488269,290576,1295114
Valve,40,Deathmatch Classic,Game,80.3,991353600,2975,3,629
Valve,1554570,"Half-Life: Alyx - Final Hours ""Triage at Dawn"" Theme",Music,78.6,1614038400,0,0,0
Valve,534600,Steam Dev Days,Series,77.59,1478217600,973,0,25
Valve,3324680,Counter-Strike Nexon - 11th Anniversary Fever Pack,DLC,75.48,1758067200,0,0,0
Valve,323910,SteamVR Performance Test,Tool,74.56,1456099200,0,0,1566
Valve,360,Half-Life Deathmatch: Source,Game,73.62,1146441600,7071,34,223
Valve,1669410,"Welcome To Next Fest, June 2021",Video,73.19,0,30,0,2
Valve,1434240,Steam Game Festival,Series,69.2,1602028800,306,0,2
Valve,280,Half-Life: Source,Game,67.63,1086048000,21500,20,629
Valve,1082354,The International 10 Battle Pass,DLC,67.19,1590451200,0,0,0
Valve,273110,Counter-Strike Nexon,Game,65.9,1412640000,84516,273,10007
Valve,480560,RPG Maker MV - Team Fortress 2 Character Pack,DLC,57.75,1464220800,0,0,0
Valve,1269260,Artifact Foundry,Game,56.78,0,1762,3,561
Valve,613220,Steam 360 Video Player,Tool,54.43,1494374400,1394,0,53
Valve,1838090,The Aghanim’s Labyrinth Battle Pass,DLC,54.07,0,0,0,0
Valve,3324690,Counter-Strike Nexon - All-in-One Mega Pack,DLC,53.31,1764115200,0,0,0
Valve,583950,Artifact,Game,47.21,1543363200,137746,18,60646
Valve,3324670,Counter-Strike Nexon - Versus Zombies: Weapon Drop,DLC,40.6,1747180800,0,0,0
Valve,1082357,Nemestice 2021 Battle Pass,DLC,37.9,1624406400,0,0,0
Valve,3324660,Counter-Strike Nexon - Hopeful Chest DLC,DLC,32.42,1734998400,0,0,0
Valve,1422450,Deadlock,Game,,9223372036854775807,383674,83769,171490
Valve,453170,Destinations,Game,,0,2267,0,74
Valve,100,Counter-Strike: Condition Zero Deleted Scenes,Game,,0,1289,28,361
Valve,530,Left 4 Dead Demo,Game,,0,61,0,0
Valve,4165870,Steam Controller,Game,,9223372036854775807,53,0,0
Valve,659,Portal 2 - Pre-order,Game,,0,52,0,0
Valve,3407570,Pineapple,Game,,0,30,0,10
Valve,4165890,Steam Frame,Game,,9223372036854775807,27,0,0
Valve,52003,Mac Portal,Game,,0,26,0,0
Valve,1778370,"Next Fest Welcome, Oct 2021",Video,,0,20,0,0
Valve,2132230,Reach the Hilltop,Game,,0,19,0,2
Valve,343450,Free To Play (Streaming),Video,,1395187200,16,0,28
Valve,2762000,BEST FIGHTER,Game,,0,12,0,1
Valve,2397720,Racer,Game,,0,11,0,0
Valve,3429630,Half-Life: TCC - High Definition Pack,DLC,,0,0,0,0
Valve,3428170,Half-Life Classic - Further Data,DLC,,0,0,0,0
Valve,3375820,Ricochet (Definitive Edition),DLC,,0,0,0,0
Valve,3375810,Deathmatch Classic (Definitive Edition),DLC,,0,0,0,0
Valve,3368040,Half-Life: The Classic Collection,Game,,0,0,0,0
Valve,2279721,Counter-Strike 2 Workshop Tools,DLC,,0,0,0,0
Valve,2279720,Counter-Strike 2 (Limited Test),DLC,,0,0,0,0
Valve,2174530,Welcome to Next Fest October 2022,Video,,0,0,0,1
Valve,1838092,The Aghanim’s Labyrinth Battle Pass - Level 100,DLC,,0,0,0,0
Valve,1838091,The Aghanim’s Labyrinth Battle Pass - Level 50,DLC,,0,0,0,0
Valve,1766730,CS:GO - Operation Riptide,DLC,,1632268800,0,0,0
Valve,1660740,Left 4 Dead - Uncensored,DLC,,0,0,0,0
Valve,1490530,Counter-Strike: Global Offensive - Operation Broken Fang,DLC,,0,0,0,0
Valve,1082359,Nemestice 2021 Battle Pass - Level 100,DLC,,0,0,0,0
Valve,1082358,Nemestice 2021 Battle Pass - Level 50,DLC,,0,0,0,0
Valve,1082356,The International 10 Battle Pass - Level 100,DLC,,0,0,0,0
Valve,1082355,The International 10 Battle Pass - Level 50,DLC,,0,0,0,0
Valve,1082353,The International 2019 Battle Level Bundle,DLC,,0,0,0,0
Valve,1082352,The International 2019 Battle Pass - Level 100,DLC,,0,0,0,0
Valve,1082351,The International 2019 Battle Pass - Level 50,DLC,,0,0,0,0
Valve,1082350,The International 2019 Battle Pass,DLC,,0,0,0,0
Valve,859041,The International 2018 Battle Pass - Level 75,DLC,,0,0,0,0
Valve,859040,The International 2018 Battle Pass - Level 1,DLC,,0,0,0,0
Valve,665530,The International 2017 Battle Level Bundle,DLC,,0,0,0,0
Valve,633890,The International 2017 Battle Pass - Level 1,DLC,,0,0,0,0
Valve,632440,Half-Life Uncensored,DLC,,0,0,0,0
Valve,624820,Counter-Strike 2 Full Edition,Config,,0,0,0,0
Valve,539760,The Fall 2016 Battle Pass,DLC,,0,0,0,0
Valve,480610,The International 2016 Battle Pass,DLC,,0,0,0,0
Valve,469960,Destinations - Workshop Tools,Tool,,0,0,0,13
Valve,401530,Dota 2 - OpenGL support for Windows,DLC,,0,0,0,0
Valve,366490,VRMonitor,Config,,0,0,0,0
Valve,287540,Murder of Crows (Dendi's Pudge Set),DLC,,0,0,0,0
Valve,287531,Crown of Hells (hyhy's Doom Set),DLC,,0,0,0,0
Valve,287530,Forge of Iron Will (Fear's Sven Set),DLC,,0,0,0,0
Valve,255700,Steam - The Game (Tutorial App),Game,,0,0,0,0
Valve,217221,Team Fortress 2 - Quakecon Bundle,DLC,,0,0,0,0
Valve,81958,CS GO_Trailer_Short_NR,Legacy Media,,1346112000,0,0,0
Valve,81954,CS GO_Trailer_Short,Legacy Media,,0,0,0,0
Valve,81943,Mann vs Machine_Trailer,Legacy Media,,1345420800,0,0,0
Valve,81848,Source FilmMaker Trailer,Legacy Media,,1342051200,0,0,0
Valve,81845,SFM Demo,Legacy Media,,0,0,0,0
Valve,81800,Team Fortress 2: Meet the Pyro,Legacy Media,,1340755200,0,0,0
Valve,81798,Meet the Pyro,Legacy Media,,1340755200,0,0,0
Valve,81613,Portal 2 DLC 2 Trailer,Legacy Media,,1335484800,0,0,0
Valve,81061,Counter-Strike: GO - Intro Trailer,Legacy Media,,1314144000,0,0,0
Valve,81026,Dota 2 Teaser,Legacy Media,,1313366400,0,0,0
Valve,80923,Team Fortress 2: Meet the Medic,Legacy Media,,1308873600,0,0,0
Valve,80822,Portal 2 Remix Trailer,Legacy Media,,1304467200,0,0,0
Valve,80788,Portal 2 - Launch TV Ad,Legacy Media,,1303171200,0,0,0
Valve,80765,Portal 2 - Boots Short (Russian),Legacy Media,,1302566400,0,0,0
Valve,80764,Portal 2 - Boots Short (German),Legacy Media,,1302566400,0,0,0
Valve,80763,Portal 2 - Boots Short (French),Legacy Media,,1302566400,0,0,0
Valve,80762,Portal 2 - Boots Short (English),Legacy Media,,1302566400,0,0,0
Valve,80755,Portal 2 Turrets (French),Legacy Media,,0,0,0,0
Valve,80754,Portal 2 Turrets (Russian),Legacy Media,,1302480000,0,0,0
Valve,80753,Portal 2 Turrets (German),Legacy Media,,0,0,0,0
Valve,80752,Portal 2 Turrets,Legacy Media,,1302480000,0,0,0
Valve,80750,Portal 2 - Bot Trust Short (Russian),Legacy Media,,1301270400,0,0,0
Valve,80749,Portal 2 - Bot Trust Short (German),Legacy Media,,1301270400,0,0,0
Valve,80748,Portal 2 - Bot Trust Short (French),Legacy Media,,1301270400,0,0,0
Valve,80747,Portal 2 - Bot Trust Short (English),Legacy Media,,1301270400,0,0,0
Valve,80742,Portal 2 - Panels Short (Russian),Legacy Media,,1300838400,0,0,0
Valve,80741,Portal 2 - Panels Short (german),Legacy Media,,1300838400,0,0,0
Valve,80740,Portal 2 - Panels Short (French),Legacy Media,,1300838400,0,0,0
Valve,80739,Portal 2 - Panels Short (English),Legacy Media,,1300838400,0,0,0
Valve,80633,Portal 2 Valentines,Legacy Media,,1297641600,0,0,0
Valve,5952,Left 4 Dead - The Sacrifice Teaser,Legacy Media,,1285891200,0,0,0
Valve,5930,Portal 2 PAX Trailer,Legacy Media,,0,0,0,0
Valve,5825,Alien Swarm Gameplay Video,Legacy Media,,1279238400,0,0,0
Valve,5734,Team Fortress 2 - Mac Trailer,Legacy Media,,1276214400,0,0,0
Valve,5724,Free Yourself - 5.26.2010,Legacy Media,,0,0,0,0
Valve,5722,Alien Swarm Launch Video,Legacy Media,,1279238400,0,0,0
Valve,5489,Left 4 Dead 2 - TV Spot 2,Legacy Media,,1257292800,0,0,0
Valve,5268,Left 4 Dead 2: E3 Teaser,Legacy Media,,1243814400,0,0,0
Valve,5260,Team Fortress 2: Meet the Spy,Legacy Media,,1242691200,0,0,0
Valve,5150,Left 4 Dead TV Spot 2 - 1080p,Legacy Media,,1226880000,0,0,0
Valve,5149,Left 4 Dead TV Spot 2 - 720p,Legacy Media,,1226880000,0,0,0
Valve,5145,Left 4 Dead Intro (Spanish),Legacy Media,,1225411200,0,0,0
Valve,5144,Left 4 Dead Intro (Russian),Legacy Media,,1225411200,0,0,0
Valve,5143,Left 4 Dead Intro (German),Legacy Media,,1225411200,0,0,0
Valve,5142,Left 4 Dead Intro (French),Legacy Media,,1225411200,0,0,0
Valve,5141,Left 4 Dead Intro,Legacy Media,,1225411200,0,0,0
Valve,5139,Left 4 Dead TV Spot 1 - 720p,Legacy Media,,1225324800,0,0,0
Valve,5138,Left 4 Dead TV Spot 1 - 1080p,Legacy Media,,1225324800,0,0,0
Valve,5112,Team Fortress 2: Meet the Engineer (Russian),Legacy Media,,1224288000,0,0,0
Valve,5091,Team Fortress 2: Meet the Demoman (Russian),Legacy Media,,1221696000,0,0,0
Valve,5090,Team Fortress 2: Meet the Soldier (Russian),Legacy Media,,1221696000,0,0,0
Valve,5073,Team Fortress 2: Meet the Sandvich,Legacy Media,,1219104000,0,0,0
Valve,5063,Team Fortress 2: Meet the Sniper (Spanish),Legacy Media,,1216080000,0,0,0
Valve,5062,Team Fortress 2: Meet the Sniper (Russian),Legacy Media,,1215993600,0,0,0
Valve,5059,Team Fortress 2: Meet the Soldier (German),Legacy Media,,1215388800,0,0,0
Valve,5058,Team Fortress 2: Meet the Soldier (French),Legacy Media,,1215388800,0,0,0
Valve,5057,Team Fortress 2: Meet the Sniper (German),Legacy Media,,1214956800,0,0,0
Valve,5056,Team Fortress 2: Meet the Sniper (French),Legacy Media,,1214956800,0,0,0
Valve,5051,Team Fortress 2: Meet the Sniper,Legacy Media,,1213660800,0,0,0
Valve,5036,Team Fortress 2: Meet the Scout (Spanish),Legacy Media,,1208563200,0,0,0
Valve,5035,Team Fortress 2: Meet the Scout (Russian),Legacy Media,,1208563200,0,0,0
Valve,5034,Team Fortress 2: Meet the Scout (German),Legacy Media,,1208563200,0,0,0
Valve,5033,Team Fortress 2: Meet the Scout (French),Legacy Media,,1208563200,0,0,0
Valve,5032,Team Fortress 2: Meet the Scout,Legacy Media,,1208822400,0,0,0
Valve,5016,Team Fortress 2: Meet the Heavy (French),Legacy Media,,1199404800,0,0,0
Valve,5015,Team Fortress 2: Meet the Heavy (German),Legacy Media,,1199404800,0,0,0
Valve,997,Team Fortress 2: Meet the Demoman,Legacy Media,,1191888000,0,0,0
Valve,995,The Orange Box Commercial,Legacy Media,,1191542400,0,0,0
Valve,994,Team Fortress 2: Meet the Heavy (Russian),Legacy Media,,1191196800,0,0,0
Valve,987,Team Fortress 2: Meet The Engineer,Legacy Media,,1189468800,0,0,0
Valve,985,Team Fortress 2: Meet The Soldier,Legacy Media,,1187740800,0,0,0
Valve,960,Team Fortress 2: Meet the Heavy,Legacy Media,,1179100800,0,0,0
Valve,944,Left4Dead Teaser,Legacy Media,,0,0,0,0
Valve,937,Half-Life 2: Episode Two Gameplay Movie 5,Legacy Media,,1157673600,0,0,0
Valve,936,Half-Life 2: Episode Two Gameplay Movie 4,Legacy Media,,1157587200,0,0,0
Valve,934,Half-Life 2: Episode Two Gameplay Movie 3,Legacy Media,,1157500800,0,0,0
Valve,933,Half-Life 2: Episode Two Gameplay Movie 2,Legacy Media,,1157500800,0,0,0
Valve,932,Half-Life 2: Episode Two Gameplay Movie 1,Legacy Media,,1157500800,0,0,0
Valve,931,Team Fortress 2 Trailer 2,Legacy Media,,1156982400,0,0,0
Valve,930,Half-Life 2: Episode Two Trailer 2,Legacy Media,,1156896000,0,0,0
Valve,923,Team Fortress 2 Trailer,Legacy Media,,1153267200,0,0,0
Valve,922,Portal Trailer,Legacy Media,,1153180800,0,0,0
Valve,918,Day of Defeat: Colmar Trailer,Legacy Media,,1151366400,0,0,0
Valve,917,Day of Defeat: Jagd Trailer,Legacy Media,,1151280000,0,0,0
Valve,916,Half-Life 2: Episode Two Trailer,Legacy Media,,1153440000,0,0,0
Valve,915,Half-Life 2: Episode One Launch Teaser 4,Legacy Media,,1149033600,0,0,0
Valve,914,Half-Life 2: Episode One Launch Teaser 3,Legacy Media,,1148947200,0,0,0
Valve,913,Half-Life 2: Episode One Launch Teaser 2,Legacy Media,,1148515200,0,0,0
Valve,912,Half-Life 2: Episode One Launch Teaser 1,Legacy Media,,1148428800,0,0,0
Valve,905,Half-Life 2: Episode One Trailer,Legacy Media,,1141171200,0,0,0
Valve,904,Half-Life 2 Trailer,Legacy Media,,1099267200,0,0,0
Valve,901,Day of Defeat: Prelude to Victory,Legacy Media,,1135036800,0,0,0
Valve,590,Left 4 Dead 2 Demo,Demo,,0,0,0,0
Valve,410,Portal: First Slice,Demo,,1210204800,0,7,335
Valve,219,Half-Life 2: Demo,Demo,,1101859200,0,13,881
Valve,215,Source SDK Base 2006,Tool,,0,0,3,121
Larian Studios,1086940,Baldur's Gate 3,Game,96.04,1691020800,993838,53666,875343
Larian Studios,435150,Divinity: Original Sin 2 - Definitive Edition,Game,94.55,1505347200,500723,5073,93701
Larian Studios,2378500,Baldur's Gate 3 - Digital Deluxe Edition DLC,DLC,92.84,1691020800,0,0,0
Larian Studios,230230,Divinity: Original Sin (Classic),Game,89.21,1404086400,79411,8,22040
Larian Studios,373420,Divinity: Original Sin - Enhanced Edition,Game,87.68,1445904000,135989,759,7565
Larian Studios,715950,Divinity: Original Sin 2 - Divine Ascension,DLC,85.8,1505347200,0,0,0
Larian Studios,214170,Divine Divinity,Game,84.69,1032480000,8793,41,300
Larian Studios,1247270,Divinity: Original Sin 2 - Official Soundtrack,Music,83.28,1505606400,0,0,0
Larian Studios,219780,Divinity II: Developer's Cut,Game,82.22,1351468800,28977,42,1237
Larian Studios,2956320,Baldur's Gate 3 Toolkit Data,DLC,79.56,1725494400,0,0,0
Larian Studios,880640,Divinity: Original Sin 2 - Companion: Sir Lora the Squirrel,DLC,73.91,1535673600,0,0,0
Larian Studios,409552,Divinity: Original Sin Enhanced Edition - Official Soundtrack,Music,73.2,0,0,0,0
Larian Studios,243950,Divinity: Dragon Commander,Game,71.68,1375747200,12949,0,2311
Larian Studios,219760,Beyond Divinity,Game,50.0,1083024000,2705,2,39
Larian Studios,320020,Monkey Tales,Game,,0,77,0,5
Larian Studios,58540,Divinity II - The Dragon Knight Saga,Game,,0,64,0,1766
Larian Studios,27220,Divinity II - Ego Draconis,Game,,0,34,0,281
Larian Studios,322490,Divinity Original Sin - Wolgraff And Bairdotr,DLC,,0,0,0,0
Larian Studios,306320,Divinity Original Sin - Source Hunter DLC pack,DLC,,0,0,0,0
Larian Studios,82164,Divinity II Developers Cut Trailer RU,Legacy Media,,1351468800,0,0,0
Larian Studios,82163,Divinity II Developers Cut Trailer DE,Legacy Media,,0,0,0,0
Larian Studios,82162,Divinity II Developers Cut Trailer PL,Legacy Media,,1351468800,0,0,0
Larian Studios,82161,Divinity II Developers Cut Trailer FR,Legacy Media,,0,0,0,0
Larian Studios,82159,Divinity II Developers Cut Trailer ENG,Legacy Media,,1351468800,0,0,0
Larian Studios,81905,Divine Divinity Gameplay Trailer FR,Legacy Media,,0,0,0,0
Larian Studios,81904,Divine Divinity Gameplay Trailer DE,Legacy Media,,0,0,0,0
Larian Studios,81903,Divine Divinity Gameplay Trailer RU,Legacy Media,,1343779200,0,0,0
Larian Studios,81886,Divine Divinity Trailer French,Legacy Media,,0,0,0,0
Larian Studios,81885,Divine Divinity Trailer German,Legacy Media,,0,0,0,0
Larian Studios,81884,Divine Divinity Trailer Russian,Legacy Media,,1343779200,0,0,0
Larian Studios,81883,Divine Divinity Gameplay Trailer,Legacy Media,,1343779200,0,0,0
Larian Studios,81747,Divine Divinity Trailer,Legacy Media,,1341446400,0,0,0
Larian Studios,80434,Divinity II - The Dragon Knight Saga Trailer,Legacy Media,,0,0,0,0
Larian Studios,58600,Divinity II: Dragon Knight Saga - Demo,Demo,,0,0,0,1
Game Science,2358720,Black Myth: Wukong,Game,95.86,1724112000,1442769,4090,2415714
Game Science,3132990,Black Myth: Wukong Benchmark Tool,Tool,89.14,1723507200,0,14,85277
Game Science,3288260,Black Myth: Wukong Soundtrack Selection,Music,88.18,1734048000,0,0,0
Game Science,2672610,Black Myth: Wukong Deluxe Edition Upgrade,DLC,78.39,1724112000,0,0,0
Game Science,558100,Art of War: Red Tides,Game,77.0,1482364800,60508,7,4031
Rockstar Games,1174180,Red Dead Redemption 2,Game,91.58,1575504000,948031,28759,99993
Rockstar Games,12110,Grand Theft Auto: Vice City,Game,90.78,1052784000,32722,60,1239
Rockstar Games,12120,Grand Theft Auto: San Andreas,Game,90.66,1118016000,99014,327,3387
Rockstar Games,2668510,Red Dead Redemption,Game,90.13,1730160000,97980,996,8697
Rockstar Games,12100,Grand Theft Auto III,Game,84.57,1021939200,15602,18,640
Rockstar Games,1404210,Red Dead Online,Game,81.93,1606780800,71609,782,19921
Rockstar Games,1546990,Grand Theft Auto: Vice City – The Definitive Edition,Game,79.72,1674086400,12681,205,998
Rockstar Games,1547000,Grand Theft Auto: San Andreas – The Definitive Edition,Game,77.14,1674086400,33851,578,2435
Rockstar Games,1546970,Grand Theft Auto III – The Definitive Edition,Game,65.12,1674086400,5946,108,774
Rockstar Games,722230,L.A. Noire: The VR Case Files,Game,49.01,1513296000,9465,0,115
Rockstar Games,3482260,GTA+,Config,,1741046400,0,0,0
Nihon Falcom,3447040,Sora no Kiseki the 1st,Game,94.78,1758240000,18920,89,14295
Nihon Falcom,251290,The Legend of Heroes: Trails in the Sky SC,Game,93.85,1446076800,26305,74,840
Nihon Falcom,1668510,The Legend of Heroes: Trails from Zero,Game,92.48,1664236800,8768,58,817
Nihon Falcom,1668520,The Legend of Heroes: Trails to Azure,Game,92.28,1678752000,6866,62,884
Nihon Falcom,3375780,Trails in the Sky 1st Chapter,Game,91.98,1758240000,23866,362,4874
Nihon Falcom,538680,The Legend of Heroes: Trails of Cold Steel,Game,91.34,1501632000,44714,122,1628
Nihon Falcom,251150,The Legend of Heroes: Trails in the Sky,Game,91.25,1406592000,48344,69,2014
Nihon Falcom,436670,The Legend of Heroes: Trails in the Sky the 3rd,Game,90.32,1493769600,12612,48,886
Nihon Falcom,1351630,Ys IX: Monstrum Nox,Game,89.89,1625529600,15222,17,1365
Nihon Falcom,748490,The Legend of Heroes: Trails of Cold Steel II,Game,89.49,1518566400,20522,101,1689
Nihon Falcom,207320,Ys: The Oath in Felghana,Game,89.44,1332115200,9129,18,438
Nihon Falcom,207350,Ys Origin,Game,89.34,1338422400,16211,21,1162
Nihon Falcom,1668540,The Legend of Heroes: Trails into Reverie,Game,88.93,1688688000,10749,66,2286
Nihon Falcom,1461920,The Legend of Heroes: Ao no Kiseki KAI,Game,87.59,1641945600,3283,6,86
Nihon Falcom,991270,The Legend of Heroes: Trails of Cold Steel III,Game,87.5,1584921600,16443,87,1922
Nihon Falcom,579180,Ys VIII: Lacrimosa of DANA,Game,87.43,1523836800,31761,39,607
Nihon Falcom,1198090,The Legend of Heroes: Trails of Cold Steel IV,Game,87.39,1617926400,14320,107,2758
Nihon Falcom,587110,Ys: Memories of Celceta,Game,87.25,1532476800,8448,13,263
Nihon Falcom,312560,Xanadu Next,Game,86.92,1478131200,6217,7,149
Nihon Falcom,1811950,The Legend of Heroes: Kuro no Kiseki,Game,86.73,1658880000,10066,13,2120
Nihon Falcom,427700,Zwei: The Ilvard Insurrection,Game,86.73,1509408000,6210,3,92
Nihon Falcom,2138610,The Legend of Heroes: Trails through Daybreak,Game,86.56,1677715200,8174,94,2073
Nihon Falcom,3316940,The Legend of Heroes: Trails beyond the Horizon,Game,86.45,1768435200,6584,247,2675
Nihon Falcom,587100,Ys SEVEN,Game,86.3,1504051200,8983,15,283
Nihon Falcom,322290,Gurumin: A Monstrous Adventure,Game,86.1,1427673600,6290,2,352
Nihon Falcom,223810,Ys I & II Chronicles+,Game,85.59,1360800000,9355,11,544
Nihon Falcom,312540,Ys VI: The Ark of Napishtim,Game,85.24,1430179200,11712,6,222
Nihon Falcom,1457520,The Legend of Heroes: Zero no Kiseki Kai,Game,84.72,1640131200,3730,2,130
Nihon Falcom,1732330,Ys IX -Monstrum NOX-,Game,84.25,1642550400,3417,4,149
Nihon Falcom,1668530,The Legend of Nayuta: Boundless Trails,Game,84.18,1639094400,4074,3,135
Nihon Falcom,1794880,Ys vs. Trails in the Sky: Alternative Saga,Game,82.42,1760054400,2159,1,131
Nihon Falcom,587260,Tokyo Xanadu eX+,Game,81.82,1512691200,16212,23,302
Nihon Falcom,1450120,The Legend of Heroes: Sen no Kiseki I KAI -Thors Military Academy 1204-,Game,81.63,1612742400,3559,11,219
Nihon Falcom,1457510,The Legend of Heroes: Sen no Kiseki IV -THE END OF SAGA-,Game,80.85,1640131200,3651,9,285
Nihon Falcom,2668430,The Legend of Heroes: Trails through Daybreak II,Game,80.04,1739491200,6771,78,1835
Nihon Falcom,1562940,THE LEGEND OF HEROES: HAJIMARI NO KISEKI,Game,79.38,1629849600,7282,11,942
Nihon Falcom,1450090,The Legend of Heroes: Sen no Kiseki II KAI -The Erebonian Civil War-,Game,78.21,1614124800,2912,5,152
Nihon Falcom,1450080,The Legend of Heroes: Sen no Kiseki III,Game,77.84,1616544000,3940,11,309
Nihon Falcom,1575363,The Legend of Heroes: Trails of Cold Steel IV - Swimsuit Bundle,DLC,77.41,1617926400,0,0,0
Nihon Falcom,1732390,Nayuta no Kiseki: KAI,Game,77.4,1653436800,1715,0,75
Nihon Falcom,3944960,Sora no Kiseki the 1st - Costume: Summer Vacation (Joshua Ver.),DLC,76.34,1759449600,0,0,0
Nihon Falcom,605270,The Legend of Heroes: Trails of Cold Steel - Rean's Casuals,DLC,76.34,1501632000,0,0,0
Nihon Falcom,427680,Zwei: The Arges Adventure,Game,76.14,1516752000,5982,6,67
Nihon Falcom,3944970,Sora no Kiseki the 1st - Costume: NEO Bracer,DLC,76.13,1759449600,0,0,0
Nihon Falcom,1575364,The Legend of Heroes: Trails of Cold Steel IV - Magical Girl Bundle,DLC,75.71,1617926400,0,0,0
Nihon Falcom,3319980,"The Legend of Heroes: Kai no Kiseki -Farewell, O Zemuria-",Game,75.0,1737504000,4299,7,1398
Nihon Falcom,2731870,Ys X: Nordics,Game,73.93,1729814400,9559,9,1497
Nihon Falcom,3944950,Sora no Kiseki the 1st - Costume: Summer Vacation (Estelle Ver.),DLC,73.89,1758240000,0,0,0
Nihon Falcom,2113920,The Legend of Heroes: Kuro no Kiseki Ⅱ -CRIMSON SiN-,Game,73.64,1674604800,4560,8,1071
Nihon Falcom,3449240,The Legend of Heroes: Trails through Daybreak II - Shizuna's 'Z1 Pit Girl' Attire & Winning Poster Contest Art Pack,DLC,73.26,1739491200,0,0,0
Nihon Falcom,1262417,"The Legend of Heroes: Trails of Cold Steel III  - Juna's ""Active Red"" Costume",DLC,73.26,1584921600,0,0,0
Nihon Falcom,1261716,"The Legend of Heroes: Trails of Cold Steel III  - Juna's ""Lloyd Bannings"" Costume",DLC,73.26,1584921600,0,0,0
Nihon Falcom,1261692,"The Legend of Heroes: Trails of Cold Steel III  - Altina's ""Kitty Noir"" Costume",DLC,73.26,1584921600,0,0,0
Nihon Falcom,707170,Ys VIII: Lacrimosa of DANA - Free Set 1,DLC,73.19,1523836800,0,0,0
Nihon Falcom,3944910,Sora no Kiseki the 1st - Costume: Plushie Estelle/Plushie Joshua,DLC,72.17,1758240000,0,0,0
Nihon Falcom,2434462,The Legend of Heroes: Trails into Reverie - SSS Summer Splash Set,DLC,72.17,1688688000,0,0,0
Nihon Falcom,3821790,Ys X: Proud Nordics,Game,70.99,1755734400,1966,7,451
Nihon Falcom,3888160,Trails in the Sky 1st Chapter - Summer Vacation Swimsuit (Estelle),DLC,70.84,1759449600,0,0,0
Nihon Falcom,1656320,The Legend of Heroes: Trails of Cold Steel IV - Lossless Audio Pack,DLC,70.84,1624492800,0,0,0
Nihon Falcom,1262423,"The Legend of Heroes: Trails of Cold Steel III  - Musse's ""Coquettish Blue"" Costume",DLC,70.84,1584921600,0,0,0
Nihon Falcom,773762,The Legend of Heroes: Trails of Cold Steel II - All Glasses,DLC,70.84,1518566400,0,0,0
Nihon Falcom,605335,The Legend of Heroes: Trails of Cold Steel - Zeram Capsule Pack,DLC,70.84,1505174400,0,0,0
Nihon Falcom,605328,The Legend of Heroes: Trails of Cold Steel - Crow's Casuals,DLC,70.84,1501632000,0,0,0
Nihon Falcom,605327,The Legend of Heroes: Trails of Cold Steel - Millium's Casuals,DLC,70.84,1501632000,0,0,0
Nihon Falcom,605321,The Legend of Heroes: Trails of Cold Steel - Laura's Casuals,DLC,70.84,1501632000,0,0,0
Nihon Falcom,3949290,Ys X: Proud Nordics,Game,69.47,1771545600,2748,56,321
Nihon Falcom,707184,Ys VIII: Lacrimosa of DANA - Free Set 2,DLC,69.44,1523836800,0,0,0
Nihon Falcom,605280,The Legend of Heroes: Trails of Cold Steel - Alisa's Casuals,DLC,69.44,1501632000,0,0,0
Nihon Falcom,3945660,Sora no Kiseki the 1st - Free Sample Set Vol.1,DLC,69.2,1758240000,0,0,0
Nihon Falcom,3888120,Trails in the Sky 1st Chapter - Mascot Costumes (Estelle and Joshua),DLC,69.2,1759449600,0,0,0
Nihon Falcom,3189290,Ys X: Nordics - Freebie Pack,DLC,69.2,1729814400,0,0,0
Nihon Falcom,2740420,Ys X: Nordics - Azure Mermaid,DLC,69.2,1710288000,0,0,0
Nihon Falcom,2740380,Ys X: Nordics - Legendary Cleria Armor,DLC,69.2,1732665600,0,0,0
Nihon Falcom,2259916,The Legend of Heroes: Trails through Daybreak - Free Sample Set,DLC,69.2,1677628800,0,0,0
Nihon Falcom,2259911,The Legend of Heroes: Trails through Daybreak - Costume Set,DLC,69.2,1677628800,0,0,0
Nihon Falcom,2259910,The Legend of Heroes: Trails through Daybreak - Bonus Set,DLC,69.2,1677715200,0,0,0
Nihon Falcom,1828864,The Legend of Heroes: Sen no Kiseki IV - Altina's Black Rabbit Costume,DLC,69.2,1640131200,0,0,0
Nihon Falcom,1681820,"THE LEGEND OF HEROES: HAJIMARI NO KISEKI - C's Special Costume ""White Knight""",DLC,69.2,1629936000,0,0,0
Nihon Falcom,1636780,Ys IX: Monstrum Nox - Bonus Costumes and Items,DLC,69.2,1625529600,0,0,0
Nihon Falcom,1627582,Ys IX: Monstrum Nox - Monstrum Troupe Bundle,DLC,69.2,1625529600,0,0,0
Nihon Falcom,1262439,The Legend of Heroes: Trails of Cold Steel III  - Thors Main Campus Uniforms,DLC,69.2,1584921600,0,0,0
Nihon Falcom,773761,The Legend of Heroes: Trails of Cold Steel II - All Accessories,DLC,69.2,1518566400,0,0,0
Nihon Falcom,773760,The Legend of Heroes: Trails of Cold Steel II - All Ride-Alongs,DLC,69.2,1518566400,0,0,0
Nihon Falcom,605325,The Legend of Heroes: Trails of Cold Steel - Fie's Casuals,DLC,69.2,1501632000,0,0,0
Nihon Falcom,605320,The Legend of Heroes: Trails of Cold Steel - Elliot's Casuals,DLC,69.2,1501632000,0,0,0
Nihon Falcom,750910,Tokyo Xanadu eX+: Outfit & Accessory Bundle,DLC,68.15,1512691200,0,0,0
Nihon Falcom,2570810,Ys X: Nordics,Game,67.68,1710288000,3633,1,428
Nihon Falcom,3945680,Sora no Kiseki the 1st - Free Sample Set Vol.3,DLC,67.06,1759363200,0,0,0
Nihon Falcom,3889410,Trails in the Sky 1st Chapter - Free Sample Set Vol.3,DLC,67.06,1759363200,0,0,0
Nihon Falcom,3889400,Trails in the Sky 1st Chapter - Free Sample Set Vol.2,DLC,67.06,1758758400,0,0,0
Nihon Falcom,3888320,Trails in the Sky 1st Chapter - Resort Style Swimsuits (Estelle & Joshua),DLC,67.06,1759363200,0,0,0
Nihon Falcom,3444330,"The Legend of Heroes: Kai no Kiseki -Farewell, O Zemuria- Free Sample Set",DLC,67.06,1737504000,0,0,0
Nihon Falcom,3189260,Ys X: Nordics - Attachment Pack,DLC,67.06,1729814400,0,0,0
Nihon Falcom,2025589,The Legend of Heroes: Kuro no Kiseki - Free Sample Set Vol.2,DLC,67.06,1658880000,0,0,0
Nihon Falcom,1660380,"THE LEGEND OF HEROES: HAJIMARI NO KISEKI - Elie's Special Costume ""Crossbell Queen""",DLC,67.06,1629849600,0,0,0
Nihon Falcom,1627581,Ys IX: Monstrum Nox - Attachments Bundle,DLC,67.06,1625529600,0,0,0
Nihon Falcom,1575411,The Legend of Heroes: Trails of Cold Steel IV - Free Sample Set C,DLC,67.06,1617926400,0,0,0
Nihon Falcom,1575410,The Legend of Heroes: Trails of Cold Steel IV - Free Sample Set B,DLC,67.06,1617926400,0,0,0
Nihon Falcom,1575397,The Legend of Heroes: Trails of Cold Steel IV - Free Sample Set A,DLC,67.06,1617926400,0,0,0
Nihon Falcom,1555260,"The Legend of Heroes: Sen no Kiseki III - Musse's ""Coquettish Blue"" Costume",DLC,67.06,1616544000,0,0,0
Nihon Falcom,1262412,The Legend of Heroes: Trails of Cold Steel III  - Bunny Set,DLC,67.06,1584921600,0,0,0
Nihon Falcom,1262405,The Legend of Heroes: Trails of Cold Steel III  - Altina's Casual Clothes,DLC,67.06,1584921600,0,0,0
Nihon Falcom,773805,The Legend of Heroes: Trails of Cold Steel II - Shining Pom Bait Value Set 1,DLC,67.06,1518566400,0,0,0
Nihon Falcom,605354,The Legend of Heroes: Trails of Cold Steel - Shining Pom Bait Pack 5,DLC,67.06,1501718400,0,0,0
Nihon Falcom,605333,The Legend of Heroes: Trails of Cold Steel - Valuable Healing Items Pack,DLC,67.06,1505174400,0,0,0
Nihon Falcom,605326,The Legend of Heroes: Trails of Cold Steel - Gaius' Casuals,DLC,67.06,1501632000,0,0,0
Nihon Falcom,605324,The Legend of Heroes: Trails of Cold Steel - Jusis' Casuals,DLC,67.06,1501632000,0,0,0
Nihon Falcom,605323,The Legend of Heroes: Trails of Cold Steel - Emma's Casuals,DLC,67.06,1501632000,0,0,0
Nihon Falcom,4053160,Trails in the Sky 1st Chapter - Neo Bracer Costume (Estelle),DLC,66.62,1759708800,0,0,0
Nihon Falcom,1575368,The Legend of Heroes: Trails of Cold Steel IV - Standard Costume Bundle,DLC,64.78,1617926400,0,0,0
Nihon Falcom,1261715,The Legend of Heroes: Trails of Cold Steel III  - Faculty Swimsuit Set,DLC,64.78,1584921600,0,0,0
Nihon Falcom,4214390,The Legend of Heroes: Trails beyond the Horizon - Zemuria BGM Collection,DLC,64.08,1768435200,0,0,0
Nihon Falcom,3944980,Sora no Kiseki the 1st - Estelle & Joshua Swimwear: Pure Resort,DLC,64.08,1759363200,0,0,0
Nihon Falcom,3889390,Trails in the Sky 1st Chapter - Free Sample Set Vol.1,DLC,64.08,1758240000,0,0,0
Nihon Falcom,3464410,THE LEGEND OF HEROES: HAJIMARI NO KISEKI - Costume Pack,DLC,64.08,1738800000,0,0,0
Nihon Falcom,3449330,The Legend of Heroes: Trails through Daybreak II - Free Sample Pack,DLC,64.08,1739491200,0,0,0
Nihon Falcom,3189310,Ys X: Nordics - Mini Art Book,DLC,64.08,1729814400,0,0,0
Nihon Falcom,3189280,Ys X: Nordics - Advanced Pack,DLC,64.08,1729814400,0,0,0
Nihon Falcom,3189270,Ys X: Nordics - Starter Pack,DLC,64.08,1729814400,0,0,0
Nihon Falcom,3189250,Ys X: Nordics - Sandras Pack,DLC,64.08,1729814400,0,0,0
Nihon Falcom,3189240,Ys X: Nordics - Costume Pack,DLC,64.08,1729814400,0,0,0
Nihon Falcom,3189230,Ys X: Nordics - Costume and Mana Promo Pack,DLC,64.08,1729814400,0,0,0
Nihon Falcom,2434467,The Legend of Heroes: Trails into Reverie - Three & Nine: A Trails Tale Novel,DLC,64.08,1688688000,0,0,0
Nihon Falcom,2434463,The Legend of Heroes: Trails into Reverie - Starter Set,DLC,64.08,1688688000,0,0,0
Nihon Falcom,2434461,The Legend of Heroes: Trails into Reverie - Premium Cosmetic Set,DLC,64.08,1688688000,0,0,0
Nihon Falcom,2024750,The Legend of Heroes: Kuro no Kiseki - Hollowcore Voice: Renne Bright,DLC,64.08,1658880000,0,0,0
Nihon Falcom,1828863,The Legend of Heroes: Sen no Kiseki IV - Crossbell Resistance Costume,DLC,64.08,1640131200,0,0,0
Nihon Falcom,1828862,The Legend of Heroes: Sen no Kiseki IV - Magical Girl ☆ Allie Costume,DLC,64.08,1640131200,0,0,0
Nihon Falcom,1828861,The Legend of Heroes: Sen no Kiseki IV - Blue Qilin Dress Costume,DLC,64.08,1640131200,0,0,0
Nihon Falcom,1828860,The Legend of Heroes: Sen no Kiseki IV - Altina's Millium Orion Costume,DLC,64.08,1640131200,0,0,0
Nihon Falcom,1660410,"THE LEGEND OF HEROES: HAJIMARI NO KISEKI - Tio's Special Costume ""Tio's original suit""",DLC,64.08,1629849600,0,0,0
Nihon Falcom,1660390,"THE LEGEND OF HEROES: HAJIMARI NO KISEKI - Nadia's Special Costume ""Sweet Devil Summer""",DLC,64.08,1629849600,0,0,0
Nihon Falcom,1555263,The Legend of Heroes: Sen no Kiseki III - Rean's Traveling Costume (Sen no Kiseki II),DLC,64.08,1616544000,0,0,0
Nihon Falcom,1555261,"The Legend of Heroes: Sen no Kiseki III - Juna's ""Crossbell Cheer!"" Costume",DLC,64.08,1616544000,0,0,0
Nihon Falcom,1555251,"The Legend of Heroes: Sen no Kiseki III - Altina's ""Kitty Noir"" Costume",DLC,64.08,1616544000,0,0,0
Nihon Falcom,1555250,The Legend of Heroes: Sen no Kiseki III - Thors Main Campus Uniforms,DLC,64.08,1616544000,0,0,0
Nihon Falcom,1262438,The Legend of Heroes: Trails of Cold Steel III  - Stylish Sunglasses Set,DLC,64.08,1584921600,0,0,0
Nihon Falcom,1262437,The Legend of Heroes: Trails of Cold Steel III  - Standard Glasses Set,DLC,64.08,1584921600,0,0,0
Nihon Falcom,1262436,The Legend of Heroes: Trails of Cold Steel III  - Snow Leopard Set,DLC,64.08,1584921600,0,0,0
Nihon Falcom,1262435,The Legend of Heroes: Trails of Cold Steel III  - Self-Assertion Panels,DLC,64.08,1584921600,0,0,0
Nihon Falcom,1262434,The Legend of Heroes: Trails of Cold Steel III  - Ride-Along School Renne,DLC,64.08,1584921600,0,0,0
Nihon Falcom,1262433,The Legend of Heroes: Trails of Cold Steel III  - Ride-Along Ozzie,DLC,64.08,1584921600,0,0,0
Nihon Falcom,1262432,The Legend of Heroes: Trails of Cold Steel III  - Ride-Along Elie,DLC,64.08,1584921600,0,0,0
Nihon Falcom,1262431,The Legend of Heroes: Trails of Cold Steel III  - Ride-Along Dana,DLC,64.08,1584921600,0,0,0
Nihon Falcom,1262430,The Legend of Heroes: Trails of Cold Steel III  - Ride-Along Black Rabbit,DLC,64.08,1584921600,0,0,0
Nihon Falcom,1262429,The Legend of Heroes: Trails of Cold Steel III  - Rean's Traveling Outfit (Cold Steel II),DLC,64.08,1584921600,0,0,0
Nihon Falcom,1262428,The Legend of Heroes: Trails of Cold Steel III  - Rean's Casual Clothes,DLC,64.08,1584921600,0,0,0
Nihon Falcom,1262427,The Legend of Heroes: Trails of Cold Steel III  - Rare Eyewear,DLC,64.08,1584921600,0,0,0
Nihon Falcom,1262426,The Legend of Heroes: Trails of Cold Steel III  - Rainbow Hair Set,DLC,64.08,1584921600,0,0,0
Nihon Falcom,1262425,The Legend of Heroes: Trails of Cold Steel III  - Raccoon Set,DLC,64.08,1584921600,0,0,0
Nihon Falcom,1262424,The Legend of Heroes: Trails of Cold Steel III  - Musse's Casual Clothes,DLC,64.08,1584921600,0,0,0
Nihon Falcom,1262422,The Legend of Heroes: Trails of Cold Steel III  - Mask Set,DLC,64.08,1584921600,0,0,0
Nihon Falcom,1262421,The Legend of Heroes: Trails of Cold Steel III  - Mascot Headgear Set,DLC,64.08,1584921600,0,0,0
Nihon Falcom,1262420,The Legend of Heroes: Trails of Cold Steel III  - Kurt's Casual Clothes,DLC,64.08,1584921600,0,0,0
Nihon Falcom,1262419,The Legend of Heroes: Trails of Cold Steel III  - Juna's Casual Clothes,DLC,64.08,1584921600,0,0,0
Nihon Falcom,1262418,"The Legend of Heroes: Trails of Cold Steel III  - Juna's ""Crossbell Cheer!"" Costume",DLC,64.08,1584921600,0,0,0
Nihon Falcom,1262416,The Legend of Heroes: Trails of Cold Steel III  - Hardcore Set,DLC,64.08,1584921600,0,0,0
Nihon Falcom,1262415,The Legend of Heroes: Trails of Cold Steel III  - Devil Set,DLC,64.08,1584921600,0,0,0
Nihon Falcom,1262414,The Legend of Heroes: Trails of Cold Steel III  - Cute Hair Extension Set,DLC,64.08,1584921600,0,0,0
Nihon Falcom,1262411,The Legend of Heroes: Trails of Cold Steel III  - Ash's Casual Clothes,DLC,64.08,1584921600,0,0,0
Nihon Falcom,1262409,The Legend of Heroes: Trails of Cold Steel III  - ARCUS Cover Set D,DLC,64.08,1584921600,0,0,0
Nihon Falcom,1262408,The Legend of Heroes: Trails of Cold Steel III  - ARCUS Cover Set C,DLC,64.08,1584921600,0,0,0
Nihon Falcom,1262407,The Legend of Heroes: Trails of Cold Steel III  - ARCUS Cover Set B,DLC,64.08,1584921600,0,0,0
Nihon Falcom,1262406,The Legend of Heroes: Trails of Cold Steel III  - ARCUS Cover Set A,DLC,64.08,1584921600,0,0,0
Nihon Falcom,1262404,The Legend of Heroes: Trails of Cold Steel III  - Zeram Powder Set 3,DLC,64.08,1584921600,0,0,0
Nihon Falcom,1262403,The Legend of Heroes: Trails of Cold Steel III  - Zeram Powder Set 2,DLC,64.08,1584921600,0,0,0
Nihon Falcom,1262402,The Legend of Heroes: Trails of Cold Steel III  - Zeram Powder Set 1,DLC,64.08,1584921600,0,0,0
Nihon Falcom,1262401,The Legend of Heroes: Trails of Cold Steel III  - Zeram Capsule Set 2,DLC,64.08,1584921600,0,0,0
Nihon Falcom,1262400,The Legend of Heroes: Trails of Cold Steel III  - Zeram Capsule Set 1,DLC,64.08,1584921600,0,0,0
Nihon Falcom,1262395,The Legend of Heroes: Trails of Cold Steel III  - Spirit Incense Set 3,DLC,64.08,1584921600,0,0,0
Nihon Falcom,1262394,The Legend of Heroes: Trails of Cold Steel III  - Spirit Incense Set 2,DLC,64.08,1584921600,0,0,0
Nihon Falcom,1262377,The Legend of Heroes: Trails of Cold Steel III  - Shining Pom Droplet Set 5,DLC,64.08,1584921600,0,0,0
Nihon Falcom,1262376,The Legend of Heroes: Trails of Cold Steel III  - Shining Pom Droplet Set 4,DLC,64.08,1584921600,0,0,0
Nihon Falcom,1262375,The Legend of Heroes: Trails of Cold Steel III  - Shining Pom Droplet Set 3,DLC,64.08,1584921600,0,0,0
Nihon Falcom,1262374,The Legend of Heroes: Trails of Cold Steel III  - Shining Pom Droplet Set 2,DLC,64.08,1584921600,0,0,0
Nihon Falcom,1262373,The Legend of Heroes: Trails of Cold Steel III  - Shining Pom Droplet Set 1,DLC,64.08,1584921600,0,0,0
Nihon Falcom,1262372,The Legend of Heroes: Trails of Cold Steel III  - Sepith Set 2,DLC,64.08,1584921600,0,0,0
Nihon Falcom,1262370,The Legend of Heroes: Trails of Cold Steel III  - Monster Ingredients Set 3,DLC,64.08,1584921600,0,0,0
Nihon Falcom,1262349,The Legend of Heroes: Trails of Cold Steel III  - Monster Ingredients Set 2,DLC,64.08,1584921600,0,0,0
Nihon Falcom,1262347,The Legend of Heroes: Trails of Cold Steel III  - Droplet Set 5,DLC,64.08,1584921600,0,0,0
Nihon Falcom,1262346,The Legend of Heroes: Trails of Cold Steel III  - Droplet Set 4,DLC,64.08,1584921600,0,0,0
Nihon Falcom,1262345,The Legend of Heroes: Trails of Cold Steel III  - Droplet Set 3,DLC,64.08,1584921600,0,0,0
Nihon Falcom,1262344,The Legend of Heroes: Trails of Cold Steel III  - Droplet Set 2,DLC,64.08,1584921600,0,0,0
Nihon Falcom,1262342,The Legend of Heroes: Trails of Cold Steel III  - Dragon Incense Set 2,DLC,64.08,1584921600,0,0,0
Nihon Falcom,1262340,The Legend of Heroes: Trails of Cold Steel III  - Advanced Medicine Set 3,DLC,64.08,1584921600,0,0,0
Nihon Falcom,1261693,The Legend of Heroes: Trails of Cold Steel III  - Advanced Medicine Set 2,DLC,64.08,1584921600,0,0,0
Nihon Falcom,1261690,The Legend of Heroes: Trails of Cold Steel III  - Angel Set,DLC,64.08,1584921600,0,0,0
Nihon Falcom,773806,The Legend of Heroes: Trails of Cold Steel II - Shining Pom Bait Value Set 2,DLC,64.08,1518566400,0,0,0
Nihon Falcom,773804,The Legend of Heroes: Trails of Cold Steel II - Shining Pom Bait Set 5,DLC,64.08,1518566400,0,0,0
Nihon Falcom,773803,The Legend of Heroes: Trails of Cold Steel II - Shining Pom Bait Set 4,DLC,64.08,1518566400,0,0,0
Nihon Falcom,773802,The Legend of Heroes: Trails of Cold Steel II - Shining Pom Bait Set 3,DLC,64.08,1518566400,0,0,0
Nihon Falcom,773801,The Legend of Heroes: Trails of Cold Steel II - Shining Pom Bait Set 2,DLC,64.08,1518566400,0,0,0
Nihon Falcom,773800,The Legend of Heroes: Trails of Cold Steel II - Shining Pom Bait Set 1,DLC,64.08,1518566400,0,0,0
Nihon Falcom,605353,The Legend of Heroes: Trails of Cold Steel - Shining Pom Bait Pack 4,DLC,64.08,1501718400,0,0,0
Nihon Falcom,605322,The Legend of Heroes: Trails of Cold Steel - Machias' Casuals,DLC,64.08,1501632000,0,0,0
Nihon Falcom,707185,Ys VIII: Lacrimosa of DANA - Laxia's “Eternian Scholar” Costume,DLC,63.45,1523836800,0,0,0
Nihon Falcom,605360,The Legend of Heroes: Trails of Cold Steel - Shining Pom Bait Value Pack 1,DLC,62.51,1501718400,0,0,0
Nihon Falcom,773110,The Legend of Heroes: Trails of Cold Steel II - All Casual Clothes,DLC,60.28,1518566400,0,0,0
Nihon Falcom,3189220,Ys X: Nordics - Legendary Cleria Armor & Raven Avatar,DLC,59.6,1729814400,0,0,0
Nihon Falcom,1261714,The Legend of Heroes: Trails of Cold Steel III  - Free Sample Set B,DLC,59.6,1584921600,0,0,0
Nihon Falcom,1261713,The Legend of Heroes: Trails of Cold Steel III  - Free Sample Set A,DLC,59.6,1584921600,0,0,0
Nihon Falcom,1261691,The Legend of Heroes: Trails of Cold Steel III  - Advanced Medicine Set 1,DLC,59.6,1584921600,0,0,0
Nihon Falcom,773763,The Legend of Heroes: Trails of Cold Steel II - All Arcus Covers,DLC,59.6,1518566400,0,0,0
Nihon Falcom,707192,Ys VIII: Lacrimosa of DANA - Tempest Set 3,DLC,59.6,1523836800,0,0,0
Nihon Falcom,707183,Ys VIII: Lacrimosa of DANA - Fish Bait Set 3,DLC,59.6,1523836800,0,0,0
Nihon Falcom,707182,Ys VIII: Lacrimosa of DANA - Fish Bait Set 2,DLC,59.6,1523836800,0,0,0
Nihon Falcom,707181,Ys VIII: Lacrimosa of DANA - Fish Bait Set 1,DLC,59.6,1523836800,0,0,0
Nihon Falcom,707173,Ys VIII: Lacrimosa of DANA - Bottled Potion Set,DLC,59.6,1523836800,0,0,0
Nihon Falcom,3965850,Sora no Kiseki the 1st Season Pass,DLC,59.43,1758240000,0,0,0
Nihon Falcom,4360590,Ys X: Proud Nordics - Mini Poster,DLC,59.42,1771545600,0,0,0
Nihon Falcom,4360580,Ys X: Proud Nordics - Mini Art Book,DLC,59.42,1771545600,0,0,0
Nihon Falcom,4360510,Ys X: Proud Nordics - Balduq Mascot Set,DLC,59.42,1771545600,0,0,0
Nihon Falcom,4360500,Ys X: Proud Nordics - Isle of Seiren Mascot Set,DLC,59.42,1771545600,0,0,0
Nihon Falcom,4214590,The Legend of Heroes: Trails beyond the Horizon Soundtrack,Music,59.42,1768435200,0,0,0
Nihon Falcom,4214380,The Legend of Heroes: Trails beyond the Horizon - Rean Schwarzer's Instructor Apparel,DLC,59.42,1768435200,0,0,0
Nihon Falcom,4049770,Ys vs. Trails in the Sky: Alternative Saga - Digital Art Book,DLC,59.42,1760054400,0,0,0
Nihon Falcom,4049760,Ys vs. Trails in the Sky Collective Music Files,Music,59.42,1760400000,0,0,0
Nihon Falcom,3945670,Sora no Kiseki the 1st - Free Sample Set Vol.2,DLC,59.42,1758758400,0,0,0
Nihon Falcom,3945610,Sora no Kiseki the 1st - Droplet Set (1),DLC,59.42,1758240000,0,0,0
Nihon Falcom,3945120,Sora no Kiseki the 1st - Pretty Backpack Set,DLC,59.42,1758758400,0,0,0
Nihon Falcom,3945070,Sora no Kiseki the 1st - Glasses Set B,DLC,59.42,1758758400,0,0,0
Nihon Falcom,3945030,Sora no Kiseki the 1st - Unique Diner Costume Set Vol.1,DLC,59.42,1758240000,0,0,0
Nihon Falcom,3880890,Ys X: Proud Nordics - Celceta Adventure Costume,DLC,59.42,1755734400,0,0,0
Nihon Falcom,3449350,The Legend of Heroes: Trails through Daybreak II - Mini Art Book,DLC,59.42,1739491200,0,0,0
Nihon Falcom,3449300,The Legend of Heroes: Trails through Daybreak II - BGM Pack,DLC,59.42,1739491200,0,0,0
Nihon Falcom,3449230,The Legend of Heroes: Trails through Daybreak II - Triple Contents & Xipha Basic Quartz Pack,DLC,59.42,1739491200,0,0,0
Nihon Falcom,3444340,"The Legend of Heroes: Kai no Kiseki -Farewell, O Zemuria- Early Bird Pack",DLC,59.42,1737504000,0,0,0
Nihon Falcom,3189300,Ys X: Nordics - Art Book,DLC,59.42,1729814400,0,0,0
Nihon Falcom,3189210,Ys X: Nordics - Pikkard Aficionado Pack,DLC,59.42,1729814400,0,0,0
Nihon Falcom,2949150,The Legend of Heroes: Trails through Daybreak - Art Book,DLC,59.42,1719446400,0,0,0
Nihon Falcom,2949130,The Legend of Heroes: Trails through Daybreak - Mini Art Book,DLC,59.42,1719446400,0,0,0
Nihon Falcom,2740400,Ys X: Nordics - Beginner Mana User Set,DLC,59.42,1732665600,0,0,0
Nihon Falcom,2740390,Ys X: Nordics - Avatar Raven,DLC,59.42,1727308800,0,0,0
Nihon Falcom,2740370,Ys X: Nordics - Battle Dress,DLC,59.42,1727308800,0,0,0
Nihon Falcom,2740340,Ys X: Nordics - Crimson Knight Set,DLC,59.42,1710288000,0,0,0
Nihon Falcom,2740330,Ys X: Nordics - Pikkard Lover Set,DLC,59.42,1710288000,0,0,0
Nihon Falcom,2434470,The Legend of Heroes: Trails into Reverie - Songs of Reverie Official Soundtrack,Music,59.42,1688688000,0,0,0
Nihon Falcom,2434468,The Legend of Heroes: Trails into Reverie - Mini Art Book,DLC,59.42,1688688000,0,0,0
Nihon Falcom,2434466,The Legend of Heroes: Trails into Reverie - Legends of Zemuria Art Book,DLC,59.42,1688688000,0,0,0
Nihon Falcom,2434465,The Legend of Heroes: Trails into Reverie - Advanced Set 2,DLC,59.42,1688688000,0,0,0
Nihon Falcom,2434464,The Legend of Heroes: Trails into Reverie - Advanced Set 1,DLC,59.42,1688688000,0,0,0
Nihon Falcom,2434460,The Legend of Heroes: Trails into Reverie - Standard Cosmetic Set,DLC,59.42,1688688000,0,0,0
Nihon Falcom,2259915,The Legend of Heroes: Trails through Daybreak - Advanced Consumable Set,DLC,59.42,1677628800,0,0,0
Nihon Falcom,2259913,The Legend of Heroes: Trails through Daybreak - Voice Set,DLC,59.42,1677628800,0,0,0
Nihon Falcom,2259912,The Legend of Heroes: Trails through Daybreak - Accessories Set,DLC,59.42,1677628800,0,0,0
Nihon Falcom,2253422,The Legend of Heroes: Kuro no Kiseki Ⅱ -CRIMSON SiN- Free Sample Set Vol.3,DLC,59.42,1674604800,0,0,0
Nihon Falcom,2253420,The Legend of Heroes: Kuro no Kiseki Ⅱ -CRIMSON SiN- Free Sample Set Vol.1,DLC,59.42,1674604800,0,0,0
Nihon Falcom,2252252,The Legend of Heroes: Kuro no Kiseki Ⅱ -CRIMSON SiN- SiN Combat Boost Pack A,DLC,59.42,1674604800,0,0,0
Nihon Falcom,2252154,The Legend of Heroes: Kuro no Kiseki Ⅱ -CRIMSON SiN- Zero no Kiseki & Ao no Kiseki BGM Set,DLC,59.42,1674604800,0,0,0
Nihon Falcom,2252133,The Legend of Heroes: Kuro no Kiseki Ⅱ -CRIMSON SiN- HOLOW CORE VOICE: Substitute Teacher Towa Herschel,DLC,59.42,1674604800,0,0,0
Nihon Falcom,2252081,The Legend of Heroes: Kuro no Kiseki Ⅱ -CRIMSON SiN- Agnes's Exclusive Costume: Z-1 Queen (Agnes Ver.),DLC,59.42,1674604800,0,0,0
Nihon Falcom,2252080,The Legend of Heroes: Kuro no Kiseki Ⅱ -CRIMSON SiN- Van's Exclusive Costume: Mishy Suit & HOLOW CORE VOICE [R.A. Monitoring Target],DLC,59.42,1674604800,0,0,0
Nihon Falcom,2025590,The Legend of Heroes: Kuro no Kiseki - Free Sample Set Vol.3,DLC,59.42,1658880000,0,0,0
Nihon Falcom,2025588,The Legend of Heroes: Kuro no Kiseki - Free Sample Set Vol.1,DLC,59.42,1658880000,0,0,0
Nihon Falcom,2024420,The Legend of Heroes: Kuro no Kiseki - 4spg UNITED: Van,DLC,59.42,1658880000,0,0,0
Nihon Falcom,2024290,The Legend of Heroes: Kuro no Kiseki - Risette's Marduk Co. Battle Maid Suit,DLC,59.42,1658880000,0,0,0
Nihon Falcom,1774262,THE LEGEND OF HEROES: HAJIMARI NO KISEKI - Free Sample Set Vol.3,DLC,59.42,1638316800,0,0,0
Nihon Falcom,1774261,THE LEGEND OF HEROES: HAJIMARI NO KISEKI - Free Sample Set Vol.2,DLC,59.42,1638316800,0,0,0
Nihon Falcom,1774260,THE LEGEND OF HEROES: HAJIMARI NO KISEKI - Free Sample Set Vol.1,DLC,59.42,1638316800,0,0,0
Nihon Falcom,1660400,"THE LEGEND OF HEROES: HAJIMARI NO KISEKI - Lapis's Special Costume ""The Magic Girl Magical Lapis""",DLC,59.42,1629849600,0,0,0
Nihon Falcom,1575367,The Legend of Heroes: Trails of Cold Steel IV - Ride-Along Set,DLC,59.42,1617926400,0,0,0
Nihon Falcom,4014990,Trails in the Sky 1st Chapter Season Pass,DLC,58.33,1758499200,0,0,0
Nihon Falcom,1261717,"The Legend of Heroes: Trails of Cold Steel III  - Rean's ""Unspeakable"" Costume",DLC,57.39,1584921600,0,0,0
Nihon Falcom,3944990,Sora no Kiseki the 1st - Jenis Royal Academy Uniform Set,DLC,55.69,1758758400,0,0,0
Nihon Falcom,1262413,The Legend of Heroes: Trails of Cold Steel III  - Cool Hair Extension Set,DLC,55.69,1584921600,0,0,0
Nihon Falcom,1262410,The Legend of Heroes: Trails of Cold Steel III  - Ashen Knight Set,DLC,55.69,1584921600,0,0,0
Nihon Falcom,1262399,The Legend of Heroes: Trails of Cold Steel III  - Useful Accessories Set,DLC,55.69,1584921600,0,0,0
Nihon Falcom,1262398,The Legend of Heroes: Trails of Cold Steel III  - U-Material Set 3,DLC,55.69,1584921600,0,0,0
Nihon Falcom,1262396,The Legend of Heroes: Trails of Cold Steel III  - U-Material Set 1,DLC,55.69,1584921600,0,0,0
Nihon Falcom,1262393,The Legend of Heroes: Trails of Cold Steel III  - Spirit Incense Set 1,DLC,55.69,1584921600,0,0,0
Nihon Falcom,1262392,The Legend of Heroes: Trails of Cold Steel III  - Shining Pom Droplet Value Set 5,DLC,55.69,1584921600,0,0,0
Nihon Falcom,1262391,The Legend of Heroes: Trails of Cold Steel III  - Shining Pom Droplet Value Set 4,DLC,55.69,1584921600,0,0,0
Nihon Falcom,1262390,The Legend of Heroes: Trails of Cold Steel III  - Shining Pom Droplet Value Set 3,DLC,55.69,1584921600,0,0,0
Nihon Falcom,1262379,The Legend of Heroes: Trails of Cold Steel III  - Shining Pom Droplet Value Set 2,DLC,55.69,1584921600,0,0,0
Nihon Falcom,1262378,The Legend of Heroes: Trails of Cold Steel III  - Shining Pom Droplet Value Set 1,DLC,55.69,1584921600,0,0,0
Nihon Falcom,1262371,The Legend of Heroes: Trails of Cold Steel III  - Sepith Set 1,DLC,55.69,1584921600,0,0,0
Nihon Falcom,1262348,The Legend of Heroes: Trails of Cold Steel III  - Monster Ingredients Set 1,DLC,55.69,1584921600,0,0,0
Nihon Falcom,1262343,The Legend of Heroes: Trails of Cold Steel III  - Droplet Set 1,DLC,55.69,1584921600,0,0,0
Nihon Falcom,1262341,The Legend of Heroes: Trails of Cold Steel III  - Dragon Incense Set 1,DLC,55.69,1584921600,0,0,0
Nihon Falcom,707195,Ys VIII: Lacrimosa of DANA - Useful Accessory Set,DLC,55.69,1523836800,0,0,0
Nihon Falcom,707194,Ys VIII: Lacrimosa of DANA - Tempest Set 5,DLC,55.69,1523836800,0,0,0
Nihon Falcom,707193,Ys VIII: Lacrimosa of DANA - Tempest Set 4,DLC,55.69,1523836800,0,0,0
Nihon Falcom,707191,Ys VIII: Lacrimosa of DANA - Tempest Set 2,DLC,55.69,1523836800,0,0,0
Nihon Falcom,707190,Ys VIII: Lacrimosa of DANA - Tempest Set 1,DLC,55.69,1523836800,0,0,0
Nihon Falcom,707188,Ys VIII: Lacrimosa of DANA - Status Recovery Set,DLC,55.69,1523836800,0,0,0
Nihon Falcom,707187,Ys VIII: Lacrimosa of DANA - Ripe Fruit Set,DLC,55.69,1523836800,0,0,0
Nihon Falcom,707186,Ys VIII: Lacrimosa of DANA - Premium Material Set,DLC,55.69,1523836800,0,0,0
Nihon Falcom,707180,Ys VIII: Lacrimosa of DANA - Elixir Set 5,DLC,55.69,1523836800,0,0,0
Nihon Falcom,707179,Ys VIII: Lacrimosa of DANA - Elixir Set 4,DLC,55.69,1523836800,0,0,0
Nihon Falcom,707178,Ys VIII: Lacrimosa of DANA - Elixir Set 3,DLC,55.69,1523836800,0,0,0
Nihon Falcom,707177,Ys VIII: Lacrimosa of DANA - Elixir Set 2,DLC,55.69,1523836800,0,0,0
Nihon Falcom,707176,Ys VIII: Lacrimosa of DANA - Elixir Set 1,DLC,55.69,1523836800,0,0,0
Nihon Falcom,707175,Ys VIII: Lacrimosa of DANA - Economy Ingredient Set,DLC,55.69,1523836800,0,0,0
Nihon Falcom,707174,Ys VIII: Lacrimosa of DANA - Castaway Start Dash Set,DLC,55.69,1523836800,0,0,0
Nihon Falcom,707172,Ys VIII: Lacrimosa of DANA - Advanced Accessory Set,DLC,55.69,1523836800,0,0,0
Nihon Falcom,605361,The Legend of Heroes: Trails of Cold Steel - Shining Pom Bait Value Pack 2,DLC,55.69,1501718400,0,0,0
Nihon Falcom,605352,The Legend of Heroes: Trails of Cold Steel - Shining Pom Bait Pack 3,DLC,55.69,1501718400,0,0,0
Nihon Falcom,605351,The Legend of Heroes: Trails of Cold Steel - Shining Pom Bait Pack 2,DLC,55.69,1501718400,0,0,0
Nihon Falcom,605350,The Legend of Heroes: Trails of Cold Steel - Shining Pom Bait Pack 1,DLC,55.69,1501718400,0,0,0
Nihon Falcom,605332,The Legend of Heroes: Trails of Cold Steel - Monstrous Ingredients Pack,DLC,55.69,1505174400,0,0,0
Nihon Falcom,605330,The Legend of Heroes: Trails of Cold Steel - Sepith Pack,DLC,55.69,1505174400,0,0,0
Nihon Falcom,707189,Ys VIII: Lacrimosa of DANA - HQ Texture Pack,DLC,55.55,1579219200,0,0,0
Nihon Falcom,3888340,Trails in the Sky 1st Chapter - Fine Red Diner Costume Set Vol. 1,DLC,50.0,1758240000,0,0,0
Nihon Falcom,2259914,The Legend of Heroes: Trails through Daybreak - Starter Consumable Set,DLC,50.0,1677628800,0,0,0
Nihon Falcom,2252092,The Legend of Heroes: Kuro no Kiseki Ⅱ -CRIMSON SiN- Shizuna's Exclusive Costume: Z-1 Queen Type B,DLC,50.0,1674604800,0,0,0
Nihon Falcom,2252091,The Legend of Heroes: Kuro no Kiseki Ⅱ -CRIMSON SiN- Elaine's Exclusive Costume: Z-1 Queen Type B,DLC,50.0,1674604800,0,0,0
Nihon Falcom,2252090,The Legend of Heroes: Kuro no Kiseki Ⅱ -CRIMSON SiN- Agnes's Exclusive Costume: Z-1 Queen Type B,DLC,50.0,1674604800,0,0,0
Nihon Falcom,1660381,"THE LEGEND OF HEROES: HAJIMARI NO KISEKI - Rixia's Special Costume ""Moonlight Wedding""",DLC,50.0,1629849600,0,0,0
Nihon Falcom,1580541,The Legend of Heroes: Trails of Cold Steel IV - Consumable Value Set,DLC,50.0,1617926400,0,0,0
Nihon Falcom,1580540,The Legend of Heroes: Trails of Cold Steel IV - Consumable Starter Set,DLC,50.0,1617926400,0,0,0
Nihon Falcom,1575369,The Legend of Heroes: Trails of Cold Steel IV - Headwear Set,DLC,50.0,1617926400,0,0,0
Nihon Falcom,1575366,The Legend of Heroes: Trails of Cold Steel IV - Attachment Set,DLC,50.0,1617926400,0,0,0
Nihon Falcom,1262397,The Legend of Heroes: Trails of Cold Steel III  - U-Material Set 2,DLC,50.0,1584921600,0,0,0
Nihon Falcom,605334,The Legend of Heroes: Trails of Cold Steel - Zeram Powder Pack,DLC,50.0,1505174400,0,0,0
Nihon Falcom,605331,The Legend of Heroes: Trails of Cold Steel - Handy Accessories Pack,DLC,50.0,1505174400,0,0,0
Nihon Falcom,773765,The Legend of Heroes: Trails of Cold Steel II - Unspeakable Costumes,DLC,46.68,1518566400,0,0,0
Nihon Falcom,750911,Tokyo Xanadu eX+: Item Bundle,DLC,44.31,1512691200,0,0,0
Nihon Falcom,4214470,The Legend of Heroes: Trails beyond the Horizon - Costumes & Colors Vol. 1,DLC,40.58,1768435200,0,0,0
Nihon Falcom,3888370,Trails in the Sky 1st Chapter - Original Diner Costume Set Vol. 1,DLC,40.58,1758240000,0,0,0
Nihon Falcom,3321970,"The Legend of Heroes: Kai no Kiseki -Farewell, O Zemuria- Alternate Color Costume Set Vol.1",DLC,40.58,1737504000,0,0,0
Nihon Falcom,2252122,The Legend of Heroes: Kuro no Kiseki Ⅱ -CRIMSON SiN- Legendary Weapon Set,DLC,40.58,1674604800,0,0,0
Nihon Falcom,1627580,Ys IX: Monstrum Nox - Consumable Bundle,DLC,40.58,1625529600,0,0,0
Nihon Falcom,1573918,The Legend of Heroes: Trails of Cold Steel IV - Self-Assertion Panels Vol. 2,DLC,40.58,1617926400,0,0,0
Nihon Falcom,1575365,The Legend of Heroes: Trails of Cold Steel IV - Hair Extension Set,DLC,40.4,1617926400,0,0,0
Nihon Falcom,750912,Tokyo Xanadu eX+: S-Pom Treat Bundle,DLC,35.92,1512691200,0,0,0
Nihon Falcom,4225980,Trails in the Sky 2nd Chapter,Game,,1798675200,5978,0,0
Nihon Falcom,2605720,Ys Foliage Ocean in Celceta : Kai,Game,,9223372036854775807,751,0,0
Nihon Falcom,4449410,KYOTO XANADU -the Blooming Phantom-,Game,,1784160000,317,0,0
Nihon Falcom,223870,Ys II,Game,,0,112,9,106
Nihon Falcom,4360570,Ys X: Proud Nordics - Advanced Pack,DLC,,1771545600,0,0,0
Nihon Falcom,4360560,Ys X: Proud Nordics - Intermediate Pack,DLC,,1771545600,0,0,0
Nihon Falcom,4360550,Ys X: Proud Nordics - Starter Pack,DLC,,1771545600,0,0,0
Nihon Falcom,4360540,Ys X: Proud Nordics - Sandras Pack,DLC,,1771545600,0,0,0
Nihon Falcom,4360530,Ys X: Proud Nordics - Costume Pack,DLC,,1771545600,0,0,0
Nihon Falcom,4360520,Ys X: Proud Nordics - Freebie Set,DLC,,1771545600,0,0,0
Nihon Falcom,4214570,The Legend of Heroes: Trails beyond the Horizon - Mini Art Book,DLC,,1768435200,0,0,0
Nihon Falcom,4214560,The Legend of Heroes: Trails beyond the Horizon - Art Book,DLC,,1768435200,0,0,0
Nihon Falcom,4214530,The Legend of Heroes: Trails beyond the Horizon - Advanced Pack,DLC,,1768435200,0,0,0
Nihon Falcom,4214520,The Legend of Heroes: Trails beyond the Horizon - Starter Pack,DLC,,1768435200,0,0,0
Nihon Falcom,4214510,The Legend of Heroes: Trails beyond the Horizon - BGM Pack,DLC,,1768435200,0,0,0
Nihon Falcom,4214500,The Legend of Heroes: Trails beyond the Horizon - Accessories Pack,DLC,,1768435200,0,0,0
Nihon Falcom,4214490,The Legend of Heroes: Trails beyond the Horizon - Costumes & Colors Vol. 3,DLC,,1768435200,0,0,0
Nihon Falcom,4214480,The Legend of Heroes: Trails beyond the Horizon - Costumes & Colors Vol. 2,DLC,,1768435200,0,0,0
Nihon Falcom,4214460,The Legend of Heroes: Trails beyond the Horizon - Free Sample Set,DLC,,1768435200,0,0,0
Nihon Falcom,4214450,The Legend of Heroes: Trails beyond the Horizon - 4SPG UNITED Attire Set,DLC,,1768435200,0,0,0
Nihon Falcom,4214440,The Legend of Heroes: Trails beyond the Horizon - Agnès' Pink Lapine Attire,DLC,,1768435200,0,0,0
Nihon Falcom,4214430,The Legend of Heroes: Trails beyond the Horizon - Marduk Survival Kit,DLC,,1768435200,0,0,0
Nihon Falcom,4214420,The Legend of Heroes: Trails beyond the Horizon - Silver Xiongshou Garb,DLC,,1768435200,0,0,0
Nihon Falcom,4214410,The Legend of Heroes: Trails beyond the Horizon - Altina's Travel Outfit,DLC,,1768435200,0,0,0
Nihon Falcom,4214400,The Legend of Heroes: Trails beyond the Horizon - Black Mask & Rosenberg Dress,DLC,,1768435200,0,0,0
Nihon Falcom,4166130,The Legend of Heroes: Trails beyond the Horizon Demo,Demo,,1766102400,0,2,327
Nihon Falcom,3945650,Sora no Kiseki the 1st - Combat Boost Pack: Magical,DLC,,1758240000,0,0,0
Nihon Falcom,3945640,Sora no Kiseki the 1st - Combat Boost Pack: Physical,DLC,,1758240000,0,0,0
Nihon Falcom,3945630,Sora no Kiseki the 1st - Droplet Set (3),DLC,,1759363200,0,0,0
Nihon Falcom,3945620,Sora no Kiseki the 1st - Droplet Set (2),DLC,,1758758400,0,0,0
Nihon Falcom,3945600,Sora no Kiseki the 1st - Golden Pom Fruit Value Pack (3),DLC,,1758758400,0,0,0
Nihon Falcom,3945590,Sora no Kiseki the 1st - Golden Pom Fruit Value Pack (2),DLC,,1758240000,0,0,0
Nihon Falcom,3945580,Sora no Kiseki the 1st - Golden Pom Fruit Value Pack (1),DLC,,1758240000,0,0,0
Nihon Falcom,3945570,Sora no Kiseki the 1st - Golden Pom Fruit Set (3),DLC,,1758758400,0,0,0
Nihon Falcom,3945560,Sora no Kiseki the 1st - Golden Pom Fruit Set (2),DLC,,1758240000,0,0,0
Nihon Falcom,3945550,Sora no Kiseki the 1st - Golden Pom Fruit Set (1),DLC,,1758240000,0,0,0
Nihon Falcom,3945520,Sora no Kiseki the 1st - Zelam Capsule Set (3),DLC,,1758758400,0,0,0
Nihon Falcom,3945510,Sora no Kiseki the 1st - Zelam Capsule Set (2),DLC,,1758240000,0,0,0
Nihon Falcom,3945500,Sora no Kiseki the 1st - Zelam Capsule Set (1),DLC,,1758240000,0,0,0
Nihon Falcom,3945490,Sora no Kiseki the 1st - Zelam Powder Set (3),DLC,,1758758400,0,0,0
Nihon Falcom,3945480,Sora no Kiseki the 1st - Zelam Powder Set (2),DLC,,1758240000,0,0,0
Nihon Falcom,3945470,Sora no Kiseki the 1st - Zelam Powder Set (1),DLC,,1758240000,0,0,0
Nihon Falcom,3945460,Sora no Kiseki the 1st - Advanced Recovery Medicine Set (5),DLC,,1758758400,0,0,0
Nihon Falcom,3945450,Sora no Kiseki the 1st - Advanced Recovery Medicine Set (4),DLC,,1758758400,0,0,0
Nihon Falcom,3945440,Sora no Kiseki the 1st - Advanced Recovery Medicine Set (3),DLC,,1758240000,0,0,0
Nihon Falcom,3945430,Sora no Kiseki the 1st - Advanced Recovery Medicine Set (2),DLC,,1758240000,0,0,0
Nihon Falcom,3945420,Sora no Kiseki the 1st - Advanced Recovery Medicine Set (1),DLC,,1758240000,0,0,0
Nihon Falcom,3945400,Sora no Kiseki the 1st - Monster Ingredients Set B (3),DLC,,1758758400,0,0,0
Nihon Falcom,3945390,Sora no Kiseki the 1st - Monster Ingredients Set B (2),DLC,,1758240000,0,0,0
Nihon Falcom,3945380,Sora no Kiseki the 1st - Monster Ingredients Set B (1),DLC,,1758240000,0,0,0
Nihon Falcom,3945370,Sora no Kiseki the 1st - Monster Ingredients Set A (3),DLC,,1758758400,0,0,0
Nihon Falcom,3945360,Sora no Kiseki the 1st - Monster Ingredients Set A (2),DLC,,1758240000,0,0,0
Nihon Falcom,3945340,Sora no Kiseki the 1st - Monster Ingredients Set A (1),DLC,,1758240000,0,0,0
Nihon Falcom,3945330,Sora no Kiseki the 1st - U-Material Set (5),DLC,,1758758400,0,0,0
Nihon Falcom,3945320,Sora no Kiseki the 1st - U-Material Set (4),DLC,,1758758400,0,0,0
Nihon Falcom,3945310,Sora no Kiseki the 1st - U-Material Set (3),DLC,,1758240000,0,0,0
Nihon Falcom,3945300,Sora no Kiseki the 1st - U-Material Set (2),DLC,,1758240000,0,0,0
Nihon Falcom,3945290,Sora no Kiseki the 1st - U-Material Set (1),DLC,,1758240000,0,0,0
Nihon Falcom,3945280,Sora no Kiseki the 1st - Sepith Set (5),DLC,,1758758400,0,0,0
Nihon Falcom,3945270,Sora no Kiseki the 1st - Sepith Set (4),DLC,,1758758400,0,0,0
Nihon Falcom,3945260,Sora no Kiseki the 1st - Sepith Set (3),DLC,,1758240000,0,0,0
Nihon Falcom,3945250,Sora no Kiseki the 1st - Sepith Set (2),DLC,,1758240000,0,0,0
Nihon Falcom,3945240,Sora no Kiseki the 1st - Sepith Set (1),DLC,,1758240000,0,0,0
Nihon Falcom,3945230,Sora no Kiseki the 1st - Chibi Character Cover Set,DLC,,1758758400,0,0,0
Nihon Falcom,3945220,Sora no Kiseki the 1st - Orbment Cover Set,DLC,,1758240000,0,0,0
Nihon Falcom,3945210,Sora no Kiseki the 1st - Unique Hair Color Set,DLC,,1758758400,0,0,0
Nihon Falcom,3945200,Sora no Kiseki the 1st - Two-Tone Hair Color Set,DLC,,1758240000,0,0,0
Nihon Falcom,3945190,Sora no Kiseki the 1st - Banner Set C,DLC,,1759363200,0,0,0
Nihon Falcom,3945180,Sora no Kiseki the 1st - Banner Set B,DLC,,1758758400,0,0,0
Nihon Falcom,3945170,Sora no Kiseki the 1st - Banner Set A,DLC,,1758240000,0,0,0
Nihon Falcom,3945160,Sora no Kiseki the 1st - Lively Effect Set,DLC,,1758240000,0,0,0
Nihon Falcom,3945150,Sora no Kiseki the 1st - Demon King Costume Set,DLC,,1759363200,0,0,0
Nihon Falcom,3945140,Sora no Kiseki the 1st - Fallen Angel Costume Set,DLC,,1758758400,0,0,0
Nihon Falcom,3945130,Sora no Kiseki the 1st - Archangel Costume Set,DLC,,1758240000,0,0,0
Nihon Falcom,3945110,Sora no Kiseki the 1st - Chocosta Set,DLC,,1759363200,0,0,0
Nihon Falcom,3945100,Sora no Kiseki the 1st - Head-Pom Set B,DLC,,1758758400,0,0,0
Nihon Falcom,3945090,Sora no Kiseki the 1st - Head-Pom Set A,DLC,,1758240000,0,0,0
Nihon Falcom,3945080,Sora no Kiseki the 1st - Go for it! Headgear Set,DLC,,1759363200,0,0,0
Nihon Falcom,3945060,Sora no Kiseki the 1st - Glasses Set A,DLC,,1758240000,0,0,0
Nihon Falcom,3945050,Sora no Kiseki the 1st - Unique Diner Costume Set Vol.3,DLC,,1759363200,0,0,0
Nihon Falcom,3945040,Sora no Kiseki the 1st - Unique Diner Costume Set Vol.2,DLC,,1758758400,0,0,0
Nihon Falcom,3945020,Sora no Kiseki the 1st - Matching Diner Costume Set: Fine Red Diner Vol.3,DLC,,1759363200,0,0,0
Nihon Falcom,3945010,Sora no Kiseki the 1st - Matching Diner Costume Set: Fine Red Diner Vol.2,DLC,,1758758400,0,0,0
Nihon Falcom,3945000,Sora no Kiseki the 1st - Matching Diner Costume Set: Fine Red Diner Vol.1,DLC,,1758240000,0,0,0
Nihon Falcom,3920660,空の軌跡 the 1st Demo,Demo,,1755734400,0,2,4090
Nihon Falcom,3902570,Trails in the Sky 1st Chapter Demo,Demo,,1755734400,0,12,2074
Nihon Falcom,3889380,Trails in the Sky 1st Chapter - Battle Boost Item Pack: Magical,DLC,,1758240000,0,0,0
Nihon Falcom,3889370,Trails in the Sky 1st Chapter - Battle Boost Item Pack: Physical,DLC,,1758240000,0,0,0
Nihon Falcom,3889360,Trails in the Sky 1st Chapter - Droplet Set 3,DLC,,1759363200,0,0,0
Nihon Falcom,3889350,Trails in the Sky 1st Chapter - Droplet Set 2,DLC,,1758758400,0,0,0
Nihon Falcom,3889340,Trails in the Sky 1st Chapter - Droplet Set 1,DLC,,1758240000,0,0,0
Nihon Falcom,3889330,Trails in the Sky 1st Chapter - G-Pom Fruit Value Set 3,DLC,,1758758400,0,0,0
Nihon Falcom,3889320,Trails in the Sky 1st Chapter - G-Pom Fruit Value Set 2,DLC,,1758240000,0,0,0
Nihon Falcom,3889310,Trails in the Sky 1st Chapter - G-Pom Fruit Value Set 1,DLC,,1758240000,0,0,0
Nihon Falcom,3889260,Trails in the Sky 1st Chapter - G-Pom Fruit Set 3,DLC,,1758758400,0,0,0
Nihon Falcom,3889250,Trails in the Sky 1st Chapter - G-Pom Fruit Set 2,DLC,,1758240000,0,0,0
Nihon Falcom,3889240,Trails in the Sky 1st Chapter - G-Pom Fruit Set 1,DLC,,1758240000,0,0,0
Nihon Falcom,3889230,Trails in the Sky 1st Chapter - Zeram Capsule Set 3,DLC,,1758758400,0,0,0
Nihon Falcom,3889220,Trails in the Sky 1st Chapter - Zeram Capsule Set 2,DLC,,1758240000,0,0,0
Nihon Falcom,3889210,Trails in the Sky 1st Chapter - Zeram Capsule Set 1,DLC,,1758240000,0,0,0
Nihon Falcom,3889200,Trails in the Sky 1st Chapter - Zeram Powder Set 3,DLC,,1758758400,0,0,0
Nihon Falcom,3889190,Trails in the Sky 1st Chapter - Zeram Powder Set 2,DLC,,1758240000,0,0,0
Nihon Falcom,3889180,Trails in the Sky 1st Chapter - Zeram Powder Set 1,DLC,,1758240000,0,0,0
Nihon Falcom,3889170,Trails in the Sky 1st Chapter - Advanced Healing Set 5,DLC,,1758758400,0,0,0
Nihon Falcom,3889160,Trails in the Sky 1st Chapter - Advanced Healing Set 4,DLC,,1758758400,0,0,0
Nihon Falcom,3889150,Trails in the Sky 1st Chapter - Advanced Healing Set 3,DLC,,1758240000,0,0,0
Nihon Falcom,3889140,Trails in the Sky 1st Chapter - Advanced Healing Set 2,DLC,,1758240000,0,0,0
Nihon Falcom,3889130,Trails in the Sky 1st Chapter - Advanced Healing Set 1,DLC,,1758240000,0,0,0
Nihon Falcom,3889120,Trails in the Sky 1st Chapter - Monster Ingredient Set B (3),DLC,,1758758400,0,0,0
Nihon Falcom,3889110,Trails in the Sky 1st Chapter - Monster Ingredient Set B (2),DLC,,1758240000,0,0,0
Nihon Falcom,3889100,Trails in the Sky 1st Chapter - Monster Ingredient Set B (1),DLC,,1758240000,0,0,0
Nihon Falcom,3889070,Trails in the Sky 1st Chapter - Monster Ingredient Set A (3),DLC,,1758758400,0,0,0
Nihon Falcom,3889060,Trails in the Sky 1st Chapter - Monster Ingredient Set A (2),DLC,,1758240000,0,0,0
Nihon Falcom,3889050,Trails in the Sky 1st Chapter - Monster Ingredient Set A (1),DLC,,1758240000,0,0,0
Nihon Falcom,3889040,Trails in the Sky 1st Chapter - U-Material Set 5,DLC,,1758758400,0,0,0
Nihon Falcom,3889030,Trails in the Sky 1st Chapter - U-Material Set 4,DLC,,1758758400,0,0,0
Nihon Falcom,3889020,Trails in the Sky 1st Chapter - U-Material Set 3,DLC,,1758240000,0,0,0
Nihon Falcom,3889000,Trails in the Sky 1st Chapter - U-Material Set 2,DLC,,1758240000,0,0,0
Nihon Falcom,3888990,Trails in the Sky 1st Chapter - U-Material Set 1,DLC,,1758240000,0,0,0
Nihon Falcom,3888970,Trails in the Sky 1st Chapter - Sepith Set 5,DLC,,1758758400,0,0,0
Nihon Falcom,3888960,Trails in the Sky 1st Chapter - Sepith Set 4,DLC,,1758758400,0,0,0
Nihon Falcom,3888950,Trails in the Sky 1st Chapter - Sepith Set 3,DLC,,1758240000,0,0,0
Nihon Falcom,3888940,Trails in the Sky 1st Chapter - Sepith Set 2,DLC,,1758240000,0,0,0
Nihon Falcom,3888930,Trails in the Sky 1st Chapter - Sepith Set 1,DLC,,1758240000,0,0,0
Nihon Falcom,3888880,Trails in the Sky 1st Chapter - Chibi Orbment Cover Set,DLC,,1758758400,0,0,0
Nihon Falcom,3888870,Trails in the Sky 1st Chapter - Orbment Cover Set,DLC,,1758240000,0,0,0
Nihon Falcom,3888860,Trails in the Sky 1st Chapter - Unique Hair Color Set,DLC,,1758758400,0,0,0
Nihon Falcom,3888850,Trails in the Sky 1st Chapter - Two-Tone Hair Color Set,DLC,,1758240000,0,0,0
Nihon Falcom,3888840,Trails in the Sky 1st Chapter - Banner Set C,DLC,,1759363200,0,0,0
Nihon Falcom,3888760,Trails in the Sky 1st Chapter - Banner Set B,DLC,,1758758400,0,0,0
Nihon Falcom,3888750,Trails in the Sky 1st Chapter - Banner Set A,DLC,,1758240000,0,0,0
Nihon Falcom,3888740,Trails in the Sky 1st Chapter - Exciting Effect set,DLC,,1758240000,0,0,0
Nihon Falcom,3888730,Trails in the Sky 1st Chapter - Demon King Dress-up Set,DLC,,1759363200,0,0,0
Nihon Falcom,3888720,Trails in the Sky 1st Chapter - Fallen Angel Dress-up Set,DLC,,1758758400,0,0,0
Nihon Falcom,3888710,Trails in the Sky 1st Chapter - Archangel Dress-up Set,DLC,,1758240000,0,0,0
Nihon Falcom,3888700,Trails in the Sky 1st Chapter - Charming Backpack Set,DLC,,1758758400,0,0,0
Nihon Falcom,3888690,Trails in the Sky 1st Chapter - Character Stand Set,DLC,,1759363200,0,0,0
Nihon Falcom,3888680,Trails in the Sky 1st Chapter - Pom Pom Pal Set B,DLC,,1758758400,0,0,0
Nihon Falcom,3888670,Trails in the Sky 1st Chapter - Pom Pom Pal Set A,DLC,,1758240000,0,0,0
Nihon Falcom,3888650,Trails in the Sky 1st Chapter - Trendy Headgear Set,DLC,,1759363200,0,0,0
Nihon Falcom,3888640,Trails in the Sky 1st Chapter - Glasses Set B,DLC,,1758758400,0,0,0
Nihon Falcom,3888630,Trails in the Sky 1st Chapter - Glasses Set A,DLC,,1758240000,0,0,0
Nihon Falcom,3888390,Trails in the Sky 1st Chapter - Original Diner Costume Set Vol. 3,DLC,,1759363200,0,0,0
Nihon Falcom,3888380,Trails in the Sky 1st Chapter - Original Diner Costume Set Vol. 2,DLC,,1758758400,0,0,0
Nihon Falcom,3888360,Trails in the Sky 1st Chapter - Fine Red Diner Costume Set Vol. 3,DLC,,1759363200,0,0,0
Nihon Falcom,3888350,Trails in the Sky 1st Chapter - Fine Red Diner Costume Set Vol. 2,DLC,,1758758400,0,0,0
Nihon Falcom,3888330,Trails in the Sky 1st Chapter - Jenis Royal Academy Uniform Set,DLC,,1758758400,0,0,0
Nihon Falcom,3888170,Trails in the Sky 1st Chapter - Summer Vacation Swimsuit (Joshua),DLC,,1759449600,0,0,0
Nihon Falcom,3888150,Trails in the Sky 1st Chapter - Gift From Liberl (Item Set),DLC,,1759449600,0,0,0
Nihon Falcom,3888140,Trails in the Sky 1st Chapter - Bracer Starter Kit (Item Set),DLC,,1759449600,0,0,0
Nihon Falcom,3881500,Ys X: Proud Nordics - Mascot: Balduq Set,DLC,,1755734400,0,0,0
Nihon Falcom,3881490,Ys X: Proud Nordics - Mascot: Isle of Seiren Set,DLC,,1755734400,0,0,0
Nihon Falcom,3881480,Ys X: Proud Nordics - Strongest Mana Seed Set (Awakening),DLC,,1755734400,0,0,0
Nihon Falcom,3881470,Ys X: Proud Nordics - Strongest Mana Seed Set (EX),DLC,,1755734400,0,0,0
Nihon Falcom,3881460,Ys X: Proud Nordics - L Dark Mana Seed Set,DLC,,1755734400,0,0,0
Nihon Falcom,3881450,Ys X: Proud Nordics - S Dark Mana Seed Set,DLC,,1755734400,0,0,0
Nihon Falcom,3881440,Ys X: Proud Nordics - Mana Seed Set III,DLC,,1755734400,0,0,0
Nihon Falcom,3881430,Ys X: Proud Nordics - Mana Seed Set II,DLC,,1755734400,0,0,0
Nihon Falcom,3881420,Ys X: Proud Nordics - Mana Seed Set I,DLC,,1755734400,0,0,0
Nihon Falcom,3881410,Ys X: Proud Nordics - Mana Material Set III (Seastones),DLC,,1755734400,0,0,0
Nihon Falcom,3881400,Ys X: Proud Nordics - Mana Material Set II (Lumps),DLC,,1755734400,0,0,0
Nihon Falcom,3881390,Ys X: Proud Nordics - Mana Material Set I (Droplets),DLC,,1755734400,0,0,0
Nihon Falcom,3881380,Ys X: Proud Nordics - Complete Mana Material Set,DLC,,1755734400,0,0,0
Nihon Falcom,3881370,Ys X: Proud Nordics - Advanced Rare Materials Set B,DLC,,1755734400,0,0,0
Nihon Falcom,3881360,Ys X: Proud Nordics - Advanced Rare Materials Set A,DLC,,1755734400,0,0,0
Nihon Falcom,3881350,Ys X: Proud Nordics - Rare Materials Set B,DLC,,1755734400,0,0,0
Nihon Falcom,3881340,Ys X: Proud Nordics - Beginner Rare Materials Set A,DLC,,1755734400,0,0,0
Nihon Falcom,3881330,Ys X: Proud Nordics - L Basic Materials Set,DLC,,1755734400,0,0,0
Nihon Falcom,3881320,Ys X: Proud Nordics - M Basic Materials Set,DLC,,1755734400,0,0,0
Nihon Falcom,3881300,Ys X: Proud Nordics - S Basic Materials Set,DLC,,1755734400,0,0,0
Nihon Falcom,3881290,Ys X: Proud Nordics - XL Lightning Shard Set,DLC,,1755734400,0,0,0
Nihon Falcom,3881280,Ys X: Proud Nordics - L Lightning Shard Set,DLC,,1755734400,0,0,0
Nihon Falcom,3881270,Ys X: Proud Nordics - M Lightning Shard Set,DLC,,1755734400,0,0,0
Nihon Falcom,3881260,Ys X: Proud Nordics - S Lightning Shard Set,DLC,,1755734400,0,0,0
Nihon Falcom,3881250,Ys X: Proud Nordics - L White Sand of Brilliance Set,DLC,,1755734400,0,0,0
Nihon Falcom,3881240,Ys X: Proud Nordics - M White Sand of Brilliance Set,DLC,,1755734400,0,0,0
Nihon Falcom,3881230,Ys X: Proud Nordics - S White Sand of Brilliance Set,DLC,,1755734400,0,0,0
Nihon Falcom,3881220,Ys X: Proud Nordics - L Crystal Set,DLC,,1755734400,0,0,0
Nihon Falcom,3881210,Ys X: Proud Nordics - M Crystal Set,DLC,,1755734400,0,0,0
Nihon Falcom,3881190,Ys X: Proud Nordics - S Crystal Set,DLC,,1755734400,0,0,0
Nihon Falcom,3881180,Ys X: Proud Nordics - L Nostrum Set,DLC,,1755734400,0,0,0
Nihon Falcom,3881170,Ys X: Proud Nordics - M Nostrum Set,DLC,,1755734400,0,0,0
Nihon Falcom,3881160,Ys X: Proud Nordics - S Nostrum Set,DLC,,1755734400,0,0,0
Nihon Falcom,3881150,Ys X: Proud Nordics - L Miracle Elixir Set,DLC,,1755734400,0,0,0
Nihon Falcom,3881140,Ys X: Proud Nordics - M Miracle Elixir Set,DLC,,1755734400,0,0,0
Nihon Falcom,3881130,Ys X: Proud Nordics - S Miracle Elixir Set,DLC,,1755734400,0,0,0
Nihon Falcom,3881120,Ys X: Proud Nordics - L Fishing Bait Set,DLC,,1755734400,0,0,0
Nihon Falcom,3881110,Ys X: Proud Nordics - S Fishing Bait Set,DLC,,1755734400,0,0,0
Nihon Falcom,3881100,Ys X: Proud Nordics - Safe Medicine Set,DLC,,1755734400,0,0,0
Nihon Falcom,3881080,Ys X: Proud Nordics - Premium Adventure Bento Box Set,DLC,,1755734400,0,0,0
Nihon Falcom,3881070,Ys X: Proud Nordics - Advanced Potion Set,DLC,,1755734400,0,0,0
Nihon Falcom,3881060,Ys X: Proud Nordics - Basic Potion Set,DLC,,1755734400,0,0,0
Nihon Falcom,3881050,Ys X: Proud Nordics - Spirit Protection Set,DLC,,1755734400,0,0,0
Nihon Falcom,3881040,Ys X: Proud Nordics - Griegr Extermination Set,DLC,,1755734400,0,0,0
Nihon Falcom,3881030,Ys X: Proud Nordics - Sandras Maintenance Set,DLC,,1755734400,0,0,0
Nihon Falcom,3881020,Ys X: Proud Nordics - Nautical Aid Set,DLC,,1755734400,0,0,0
Nihon Falcom,3881010,Ys X: Proud Nordics - Strengthening Booster Set,DLC,,1755734400,0,0,0
Nihon Falcom,3881000,Ys X: Proud Nordics - Start Dash Set: Blue,DLC,,1755734400,0,0,0
Nihon Falcom,3880990,Ys X: Proud Nordics - Start Dash Set: Red,DLC,,1755734400,0,0,0
Nihon Falcom,3880980,Ys X: Proud Nordics - Adventure Aid Set,DLC,,1755734400,0,0,0
Nihon Falcom,3880970,Ys X: Proud Nordics - Freebie Set II,DLC,,1755734400,0,0,0
Nihon Falcom,3880960,Ys X: Proud Nordics - Freebie Set I,DLC,,1755734400,0,0,0
Nihon Falcom,3880950,Ys X: Proud Nordics - Character Sail Set,DLC,,1755734400,0,0,0
Nihon Falcom,3880940,Ys X: Proud Nordics - Marine Resort Set,DLC,,1755734400,0,0,0
Nihon Falcom,3880930,Ys X: Proud Nordics - NORDICS Set,DLC,,1755734400,0,0,0
Nihon Falcom,3880920,Ys X: Proud Nordics - PROUD Set,DLC,,1755734400,0,0,0
Nihon Falcom,3880910,Ys X: Proud Nordics - Charming Stay Pikkard Set,DLC,,1755734400,0,0,0
Nihon Falcom,3880900,Ys X: Proud Nordics - Shield Siblings Pair Costume,DLC,,1755734400,0,0,0
Nihon Falcom,3464310,The Legend of Heroes: Sen no Kiseki III - DLC Pack,DLC,,1738800000,0,0,0
Nihon Falcom,3464270,The Legend of Heroes: Sen no Kiseki IV -THE END OF SAGA- Additional Contents Pack,DLC,,1738800000,0,0,0
Nihon Falcom,3464220,The Legend of Heroes: Kuro no Kiseki II -CRIMSON SiN- DLC Pack,DLC,,1738800000,0,0,0
Nihon Falcom,3464130,The Legend of Heroes: Kuro no Kiseki Season Pass,DLC,,1738800000,0,0,0
Nihon Falcom,3449360,The Legend of Heroes: Trails through Daybreak II - Atlas of Calvard Poster,DLC,,1739491200,0,0,0
Nihon Falcom,3449340,The Legend of Heroes: Trails through Daybreak II - Art Book,DLC,,1739491200,0,0,0
Nihon Falcom,3449320,The Legend of Heroes: Trails through Daybreak II - Advanced Pack,DLC,,1739491200,0,0,0
Nihon Falcom,3449310,The Legend of Heroes: Trails through Daybreak II - Starter Pack,DLC,,1739491200,0,0,0
Nihon Falcom,3449290,The Legend of Heroes: Trails through Daybreak II - Costume Pack,DLC,,1739491200,0,0,0
Nihon Falcom,3449280,The Legend of Heroes: Trails through Daybreak II - Holo Core Voice Pack,DLC,,1739491200,0,0,0
Nihon Falcom,3449270,The Legend of Heroes: Trails through Daybreak II - Accessory Pack,DLC,,1739491200,0,0,0
Nihon Falcom,3449260,The Legend of Heroes: Trails through Daybreak II - Elaine's 'Z1 Pit Girl' & Renne's 'Grimkitty' Attire Pack,DLC,,1739491200,0,0,0
Nihon Falcom,3449250,The Legend of Heroes: Trails through Daybreak II - Agnès' 'Z1 Pit Girl' Attire & The Crimson Grendel Pack,DLC,,1739491200,0,0,0
Nihon Falcom,3449220,The Legend of Heroes: Trails through Daybreak II - Soundtrack,Music,,1739491200,0,0,0
Nihon Falcom,3447470,"The Legend of Heroes: Kai no Kiseki -Farewell, O Zemuria- Premier Pass",DLC,,1737504000,0,0,0
Nihon Falcom,3447450,"The Legend of Heroes: Kai no Kiseki -Farewell, O Zemuria- Ultimate Upgrade Pack",DLC,,1737504000,0,0,0
Nihon Falcom,3444320,"The Legend of Heroes: Kai no Kiseki -Farewell, O Zemuria- Advanced Player Set B",DLC,,1737504000,0,0,0
Nihon Falcom,3444310,"The Legend of Heroes: Kai no Kiseki -Farewell, O Zemuria- Advanced Player Set A",DLC,,1737504000,0,0,0
Nihon Falcom,3444300,"The Legend of Heroes: Kai no Kiseki -Farewell, O Zemuria- Consumable Item: Handy Helper Set",DLC,,1737504000,0,0,0
Nihon Falcom,3444290,"The Legend of Heroes: Kai no Kiseki -Farewell, O Zemuria- Falcom Music Collection B side",DLC,,1737504000,0,0,0
Nihon Falcom,3444280,"The Legend of Heroes: Kai no Kiseki -Farewell, O Zemuria- Falcom Music Collection A side",DLC,,1737504000,0,0,0
Nihon Falcom,3444270,"The Legend of Heroes: Kai no Kiseki -Farewell, O Zemuria- Attachment Item Set",DLC,,1737504000,0,0,0
Nihon Falcom,3444250,"The Legend of Heroes: Kai no Kiseki -Farewell, O Zemuria- Xipha Cover Set",DLC,,1737504000,0,0,0
Nihon Falcom,3443950,Ys X: Nordics - DLC Pack,DLC,,1738800000,0,0,0
Nihon Falcom,3321990,"The Legend of Heroes: Kai no Kiseki -Farewell, O Zemuria- Alternate Color Costume Set Vol.3",DLC,,1737504000,0,0,0
Nihon Falcom,3321980,"The Legend of Heroes: Kai no Kiseki -Farewell, O Zemuria- Alternate Color Costume Set Vol.2",DLC,,1737504000,0,0,0
Nihon Falcom,3321960,"The Legend of Heroes: Kai no Kiseki -Farewell, O Zemuria- 4spg UNITED Costume Set",DLC,,1737504000,0,0,0
Nihon Falcom,3321950,"The Legend of Heroes: Kai no Kiseki -Farewell, O Zemuria- Waiter & Bunny Costume Set Vol.3",DLC,,1737504000,0,0,0
Nihon Falcom,3321940,"The Legend of Heroes: Kai no Kiseki -Farewell, O Zemuria- Waiter & Bunny Costume Set Vol.2",DLC,,1737504000,0,0,0
Nihon Falcom,3321930,"The Legend of Heroes: Kai no Kiseki -Farewell, O Zemuria- Waiter & Bunny Costume Set Vol.1",DLC,,1737504000,0,0,0
Nihon Falcom,3321920,"The Legend of Heroes: Kai no Kiseki -Farewell, O Zemuria- Agnes's Bunny Costume Ver.2",DLC,,1737504000,0,0,0
Nihon Falcom,3321870,"The Legend of Heroes: Kai no Kiseki -Farewell, O Zemuria- Zemuria BGM Collection",DLC,,1737504000,0,0,0
Nihon Falcom,3200740,Ys X: Nordics Demo,Demo,,1728864000,0,1,648
Nihon Falcom,3189200,Ys X: Nordics - Soundtrack,Music,,0,0,0,0
Nihon Falcom,2949140,The Legend of Heroes: Trails through Daybreak - Soundtrack,Music,,1719446400,0,0,0
Nihon Falcom,2741040,Ys X: Nordics - Dark Mana Seed Set,DLC,,1710288000,0,0,0
Nihon Falcom,2741030,Ys X: Nordics - Mana Seed Lv III Set,DLC,,1710288000,0,0,0
Nihon Falcom,2741020,Ys X: Nordics - Mana Seed Lv II Set,DLC,,1710288000,0,0,0
Nihon Falcom,2741010,Ys X: Nordics - Mana Seed Lv I Set,DLC,,1710288000,0,0,0
Nihon Falcom,2740980,Ys X: Nordics - Spirit Garment Set,DLC,,1710288000,0,0,0
Nihon Falcom,2740970,Ys X: Nordics - Start Dash Set X,DLC,,1710288000,0,0,0
Nihon Falcom,2740960,Ys X: Nordics - Fishing Bait G Set,DLC,,1710288000,0,0,0
Nihon Falcom,2740950,Ys X: Nordics - Fishing Bait Set,DLC,,1710288000,0,0,0
Nihon Falcom,2740940,Ys X: Nordics - Mana Material Set III,DLC,,1710288000,0,0,0
Nihon Falcom,2740930,Ys X: Nordics - Mana Material Set II,DLC,,1710288000,0,0,0
Nihon Falcom,2740920,Ys X: Nordics - Mana Material Set I,DLC,,1710288000,0,0,0
Nihon Falcom,2740910,Ys X: Nordics - Rare Materials Set D,DLC,,1710288000,0,0,0
Nihon Falcom,2740900,Ys X: Nordics - Rare Materials Set C,DLC,,1710288000,0,0,0
Nihon Falcom,2740890,Ys X: Nordics - Rare Materials Set B,DLC,,1710288000,0,0,0
Nihon Falcom,2740880,Ys X: Nordics - Rare Materials Set A,DLC,,1710288000,0,0,0
Nihon Falcom,2740870,Ys X: Nordics - Basic Materials Set (3),DLC,,1710288000,0,0,0
Nihon Falcom,2740860,Ys X: Nordics - Basic Materials Set (2),DLC,,1710288000,0,0,0
Nihon Falcom,2740850,Ys X: Nordics - Basic Materials Set (1),DLC,,1710288000,0,0,0
Nihon Falcom,2740840,Ys X: Nordics - Nautical Equipment Set,DLC,,1710288000,0,0,0
Nihon Falcom,2740830,Ys X: Nordics - Status Effect Healing Medicine Set,DLC,,1710288000,0,0,0
Nihon Falcom,2740820,Ys X: Nordics - Crystal Set (3),DLC,,1710288000,0,0,0
Nihon Falcom,2740810,Ys X: Nordics - Crystal Set (2),DLC,,1710288000,0,0,0
Nihon Falcom,2740800,Ys X: Nordics - Crystal Set (1),DLC,,1710288000,0,0,0
Nihon Falcom,2740790,Ys X: Nordics - Nostrum Set (3),DLC,,1710288000,0,0,0
Nihon Falcom,2740770,Ys X: Nordics - Nostrum Set (2),DLC,,1710288000,0,0,0
Nihon Falcom,2740760,Ys X: Nordics - Nostrum Set (1),DLC,,1710288000,0,0,0
Nihon Falcom,2740740,Ys X: Nordics - Miracle Elixir Set (5),DLC,,1710288000,0,0,0
Nihon Falcom,2740730,Ys X: Nordics - Miracle Elixir Set (4),DLC,,1710288000,0,0,0
Nihon Falcom,2740720,Ys X: Nordics - Miracle Elixir Set (3),DLC,,1710288000,0,0,0
Nihon Falcom,2740710,Ys X: Nordics - Miracle Elixir Set (2),DLC,,1710288000,0,0,0
Nihon Falcom,2740700,Ys X: Nordics - Miracle Elixir Set (1),DLC,,1710288000,0,0,0
Nihon Falcom,2740690,Ys X: Nordics - Super Adventure Bento Box Set,DLC,,1710288000,0,0,0
Nihon Falcom,2740680,Ys X: Nordics - Nourishment & Potion Set,DLC,,1710288000,0,0,0
Nihon Falcom,2740670,Ys X: Nordics - Adventure Aid Set,DLC,,1710288000,0,0,0
Nihon Falcom,2740660,Ys X: Nordics - Freebie Set B,DLC,,1710288000,0,0,0
Nihon Falcom,2740650,Ys X: Nordics - Freebie Set A,DLC,,1710460800,0,0,0
Nihon Falcom,2740630,Ys X: Nordics - Ouch! Flag Set,DLC,,1710288000,0,0,0
Nihon Falcom,2740620,Ys X: Nordics - Ouch! Sail Set,DLC,,1710288000,0,0,0
Nihon Falcom,2740610,Ys X: Nordics - Sail & Hull Color Set,DLC,,1710288000,0,0,0
Nihon Falcom,2740600,Ys X: Nordics - Deck Decoration Set,DLC,,1710288000,0,0,0
Nihon Falcom,2740590,Ys X: Nordics - The Pikkard Set,DLC,,1710288000,0,0,0
Nihon Falcom,2740580,Ys X: Nordics - Nosfleet Ship Set,DLC,,1710288000,0,0,0
Nihon Falcom,2740570,Ys X: Nordics - Ironclad Battleship Set,DLC,,1710288000,0,0,0
Nihon Falcom,2740560,Ys X: Nordics - Marine Companions Set,DLC,,1710288000,0,0,0
Nihon Falcom,2740550,Ys X: Nordics - Shield Set,DLC,,1710288000,0,0,0
Nihon Falcom,2740540,Ys X: Nordics - Scarf Set,DLC,,1710288000,0,0,0
Nihon Falcom,2740530,Ys X: Nordics - Horn Set,DLC,,1710288000,0,0,0
Nihon Falcom,2740520,Ys X: Nordics - Headwear Set,DLC,,1710288000,0,0,0
Nihon Falcom,2740510,Ys X: Nordics - Display Stand Set,DLC,,1710288000,0,0,0
Nihon Falcom,2740500,Ys X: Nordics - Extension & Color Set: Wild,DLC,,1710288000,0,0,0
Nihon Falcom,2740490,Ys X: Nordics - Extension & Color Set: Vivid,DLC,,1710288000,0,0,0
Nihon Falcom,2740480,Ys X: Nordics - Ear Accessory Set,DLC,,1710288000,0,0,0
Nihon Falcom,2740470,Ys X: Nordics - Eyewear Set: Fun,DLC,,1710288000,0,0,0
Nihon Falcom,2740460,Ys X: Nordics - Eyewear Set: Cool,DLC,,1710288000,0,0,0
Nihon Falcom,2740450,Ys X: Nordics - Sacred Beast Roo Costume Set,DLC,,1710288000,0,0,0
Nihon Falcom,2740440,Ys X: Nordics - Heroic Captain,DLC,,1710288000,0,0,0
Nihon Falcom,2740430,Ys X: Nordics - Endless Voyage,DLC,,1710288000,0,0,0
Nihon Falcom,2740410,Ys X: Nordics - Summer Adventure,DLC,,1710288000,0,0,0
Nihon Falcom,2740360,Ys X: Nordics - Lasveli Hearts,DLC,,1710288000,0,0,0
Nihon Falcom,2434471,The Legend of Heroes: Trails into Reverie - Soundtrack Sampler,Music,,1688688000,0,0,0
Nihon Falcom,2318451,The Legend of Heroes: Trails to Azure - Anthems of Crossbell Part II Official Soundtrack,Music,,0,0,0,0
Nihon Falcom,2318450,The Legend of Heroes: Trails to Azure - Azure Archives Art Book,DLC,,0,0,0,0
Nihon Falcom,2253421,The Legend of Heroes: Kuro no Kiseki Ⅱ -CRIMSON SiN- Free Sample Set Vol.2,DLC,,1674604800,0,0,0
Nihon Falcom,2252254,The Legend of Heroes: Kuro no Kiseki Ⅱ -CRIMSON SiN- SiN Combat Boost Pack C,DLC,,1674604800,0,0,0
Nihon Falcom,2252253,The Legend of Heroes: Kuro no Kiseki Ⅱ -CRIMSON SiN- SiN Combat Boost Pack B,DLC,,1674604800,0,0,0
Nihon Falcom,2252251,The Legend of Heroes: Kuro no Kiseki Ⅱ -CRIMSON SiN- Kuro Miracle Elixir Set (3),DLC,,1674604800,0,0,0
Nihon Falcom,2252250,The Legend of Heroes: Kuro no Kiseki Ⅱ -CRIMSON SiN- Kuro Miracle Elixir Set (2),DLC,,1674604800,0,0,0
Nihon Falcom,2252249,The Legend of Heroes: Kuro no Kiseki Ⅱ -CRIMSON SiN- Kuro Miracle Elixir Set (1),DLC,,1674604800,0,0,0
Nihon Falcom,2252248,The Legend of Heroes: Kuro no Kiseki Ⅱ -CRIMSON SiN- Droplet Set (3),DLC,,1674604800,0,0,0
Nihon Falcom,2252247,The Legend of Heroes: Kuro no Kiseki Ⅱ -CRIMSON SiN- Droplet Set (2),DLC,,1674604800,0,0,0
Nihon Falcom,2252246,The Legend of Heroes: Kuro no Kiseki Ⅱ -CRIMSON SiN- Droplet Set (1),DLC,,1674604800,0,0,0
Nihon Falcom,2252245,The Legend of Heroes: Kuro no Kiseki Ⅱ -CRIMSON SiN- Shining Pom Fruit Value Pack (3),DLC,,1674604800,0,0,0
Nihon Falcom,2252244,The Legend of Heroes: Kuro no Kiseki Ⅱ -CRIMSON SiN- Shining Pom Fruit Value Pack (2),DLC,,1674604800,0,0,0
Nihon Falcom,2252243,The Legend of Heroes: Kuro no Kiseki Ⅱ -CRIMSON SiN- Shining Pom Fruit Value Pack (1),DLC,,1674604800,0,0,0
Nihon Falcom,2252242,The Legend of Heroes: Kuro no Kiseki Ⅱ -CRIMSON SiN- Shining Pom Fruit Set (3),DLC,,1674604800,0,0,0
Nihon Falcom,2252241,The Legend of Heroes: Kuro no Kiseki Ⅱ -CRIMSON SiN- Shining Pom Fruit Set (2),DLC,,1674604800,0,0,0
Nihon Falcom,2252240,The Legend of Heroes: Kuro no Kiseki Ⅱ -CRIMSON SiN- Shining Pom Fruit Set (1),DLC,,1674604800,0,0,0
Nihon Falcom,2252233,The Legend of Heroes: Kuro no Kiseki Ⅱ -CRIMSON SiN- Zelam Capsule Set (3),DLC,,1674604800,0,0,0
Nihon Falcom,2252232,The Legend of Heroes: Kuro no Kiseki Ⅱ -CRIMSON SiN- Zelam Capsule Set (2),DLC,,1674604800,0,0,0
Nihon Falcom,2252231,The Legend of Heroes: Kuro no Kiseki Ⅱ -CRIMSON SiN- Zelam Capsule Set (1),DLC,,1674604800,0,0,0
Nihon Falcom,2252230,The Legend of Heroes: Kuro no Kiseki Ⅱ -CRIMSON SiN- Zelam Powder Set (3),DLC,,1674604800,0,0,0
Nihon Falcom,2252219,The Legend of Heroes: Kuro no Kiseki Ⅱ -CRIMSON SiN- Zelam Powder Set (2),DLC,,1674604800,0,0,0
Nihon Falcom,2252218,The Legend of Heroes: Kuro no Kiseki Ⅱ -CRIMSON SiN- Zelam Powder Set (1),DLC,,1674604800,0,0,0
Nihon Falcom,2252217,The Legend of Heroes: Kuro no Kiseki Ⅱ -CRIMSON SiN- Advanced Recovery Medicine Set (5),DLC,,1674604800,0,0,0
Nihon Falcom,2252216,The Legend of Heroes: Kuro no Kiseki Ⅱ -CRIMSON SiN- Advanced Recovery Medicine Set (4),DLC,,1674604800,0,0,0
Nihon Falcom,2252215,The Legend of Heroes: Kuro no Kiseki Ⅱ -CRIMSON SiN- Advanced Recovery Medicine Set (3),DLC,,1674604800,0,0,0
Nihon Falcom,2252214,The Legend of Heroes: Kuro no Kiseki Ⅱ -CRIMSON SiN- Advanced Recovery Medicine Set (2),DLC,,1674604800,0,0,0
Nihon Falcom,2252213,The Legend of Heroes: Kuro no Kiseki Ⅱ -CRIMSON SiN- Advanced Recovery Medicine Set (1),DLC,,1674604800,0,0,0
Nihon Falcom,2252212,The Legend of Heroes: Kuro no Kiseki Ⅱ -CRIMSON SiN- Monster Ingredients Set (3),DLC,,1674604800,0,0,0
Nihon Falcom,2252211,The Legend of Heroes: Kuro no Kiseki Ⅱ -CRIMSON SiN- Monster Ingredients Set (2),DLC,,1674604800,0,0,0
Nihon Falcom,2252210,The Legend of Heroes: Kuro no Kiseki Ⅱ -CRIMSON SiN- Monster Ingredients Set (1),DLC,,1674604800,0,0,0
Nihon Falcom,2252169,The Legend of Heroes: Kuro no Kiseki Ⅱ -CRIMSON SiN- U-Material Set (5),DLC,,1674604800,0,0,0
Nihon Falcom,2252168,The Legend of Heroes: Kuro no Kiseki Ⅱ -CRIMSON SiN- U-Material Set (4),DLC,,1674604800,0,0,0
Nihon Falcom,2252167,The Legend of Heroes: Kuro no Kiseki Ⅱ -CRIMSON SiN- U-Material Set (3),DLC,,1674604800,0,0,0
Nihon Falcom,2252166,The Legend of Heroes: Kuro no Kiseki Ⅱ -CRIMSON SiN- U-Material Set (2),DLC,,1674604800,0,0,0
Nihon Falcom,2252165,The Legend of Heroes: Kuro no Kiseki Ⅱ -CRIMSON SiN- U-Material Set (1),DLC,,1674604800,0,0,0
Nihon Falcom,2252164,The Legend of Heroes: Kuro no Kiseki Ⅱ -CRIMSON SiN- Sepith Set (5),DLC,,1674604800,0,0,0
Nihon Falcom,2252163,The Legend of Heroes: Kuro no Kiseki Ⅱ -CRIMSON SiN- Sepith Set (4),DLC,,1674604800,0,0,0
Nihon Falcom,2252162,The Legend of Heroes: Kuro no Kiseki Ⅱ -CRIMSON SiN- Sepith Set (3),DLC,,1674604800,0,0,0
Nihon Falcom,2252161,The Legend of Heroes: Kuro no Kiseki Ⅱ -CRIMSON SiN- Sepith Set (2),DLC,,1674604800,0,0,0
Nihon Falcom,2252160,The Legend of Heroes: Kuro no Kiseki Ⅱ -CRIMSON SiN- Sepith Set (1),DLC,,1674604800,0,0,0
Nihon Falcom,2252156,The Legend of Heroes: Kuro no Kiseki Ⅱ -CRIMSON SiN- Vocal Music Selection BGM Set,DLC,,1674604800,0,0,0
Nihon Falcom,2252155,The Legend of Heroes: Kuro no Kiseki Ⅱ -CRIMSON SiN- Arrangement Selection BGM Set,DLC,,1674604800,0,0,0
Nihon Falcom,2252153,The Legend of Heroes: Kuro no Kiseki Ⅱ -CRIMSON SiN- Sen no Kiseki IV BGM Set,DLC,,1674604800,0,0,0
Nihon Falcom,2252152,The Legend of Heroes: Kuro no Kiseki Ⅱ -CRIMSON SiN- Sen no Kiseki III BGM Set,DLC,,1674604800,0,0,0
Nihon Falcom,2252151,The Legend of Heroes: Kuro no Kiseki Ⅱ -CRIMSON SiN- Sen no Kiseki II BGM Set,DLC,,1674604800,0,0,0
Nihon Falcom,2252150,The Legend of Heroes: Kuro no Kiseki Ⅱ -CRIMSON SiN- Sen no Kiseki I BGM Set,DLC,,1674604800,0,0,0
Nihon Falcom,2252134,The Legend of Heroes: Kuro no Kiseki Ⅱ -CRIMSON SiN- HOLOW CORE VOICE: Mishy SiN,DLC,,1674604800,0,0,0
Nihon Falcom,2252132,The Legend of Heroes: Kuro no Kiseki Ⅱ -CRIMSON SiN- HOLOW CORE VOICE: Knight Celis Ortesia,DLC,,1674604800,0,0,0
Nihon Falcom,2252131,The Legend of Heroes: Kuro no Kiseki Ⅱ -CRIMSON SiN- HOLOW CORE VOICE: Actress Nina Fenly,DLC,,1674604800,0,0,0
Nihon Falcom,2252130,The Legend of Heroes: Kuro no Kiseki Ⅱ -CRIMSON SiN- HOLOW CORE VOICE: Professor Kasim Al-Fayed,DLC,,1674604800,0,0,0
Nihon Falcom,2252129,The Legend of Heroes: Kuro no Kiseki Ⅱ -CRIMSON SiN- SiN Self-Assertive Panel Set,DLC,,1674604800,0,0,0
Nihon Falcom,2252128,The Legend of Heroes: Kuro no Kiseki Ⅱ -CRIMSON SiN- Ouch! Banner Set,DLC,,1674604800,0,0,0
Nihon Falcom,2252127,The Legend of Heroes: Kuro no Kiseki Ⅱ -CRIMSON SiN- Unique Banner Set,DLC,,1674604800,0,0,0
Nihon Falcom,2252126,The Legend of Heroes: Kuro no Kiseki Ⅱ -CRIMSON SiN- Headgear Set,DLC,,1674604800,0,0,0
Nihon Falcom,2252125,The Legend of Heroes: Kuro no Kiseki Ⅱ -CRIMSON SiN- Hair Accessory Set,DLC,,1674604800,0,0,0
Nihon Falcom,2252124,The Legend of Heroes: Kuro no Kiseki Ⅱ -CRIMSON SiN- Lively Effect Set,DLC,,1674604800,0,0,0
Nihon Falcom,2252123,The Legend of Heroes: Kuro no Kiseki Ⅱ -CRIMSON SiN- Back Accessory Set,DLC,,1674604800,0,0,0
Nihon Falcom,2252121,The Legend of Heroes: Kuro no Kiseki Ⅱ -CRIMSON SiN- Glasses Set,DLC,,1674604800,0,0,0
Nihon Falcom,2252120,The Legend of Heroes: Kuro no Kiseki Ⅱ -CRIMSON SiN- Color Sunglasses Set,DLC,,1674604800,0,0,0
Nihon Falcom,2252114,The Legend of Heroes: Kuro no Kiseki Ⅱ -CRIMSON SiN- Swin's Exclusive Costume: Suit Style,DLC,,1674604800,0,0,0
Nihon Falcom,2252113,The Legend of Heroes: Kuro no Kiseki Ⅱ -CRIMSON SiN- Kincaid's Exclusive Costume: Suit Style,DLC,,1674604800,0,0,0
Nihon Falcom,2252112,The Legend of Heroes: Kuro no Kiseki Ⅱ -CRIMSON SiN- Rion's Exclusive Costume: Suit Style,DLC,,1674604800,0,0,0
Nihon Falcom,2252111,The Legend of Heroes: Kuro no Kiseki Ⅱ -CRIMSON SiN- Quatre's Exclusive Costume: Suit Style,DLC,,1674604800,0,0,0
Nihon Falcom,2252110,The Legend of Heroes: Kuro no Kiseki Ⅱ -CRIMSON SiN- Aaron's Exclusive Costume: Suit Style,DLC,,1674604800,0,0,0
Nihon Falcom,2252099,The Legend of Heroes: Kuro no Kiseki Ⅱ -CRIMSON SiN- Van's Exclusive Costume: Suit Style,DLC,,1674604800,0,0,0
Nihon Falcom,2252098,The Legend of Heroes: Kuro no Kiseki Ⅱ -CRIMSON SiN- Renne's Exclusive Costume: Z-1 Queen Type B,DLC,,1674604800,0,0,0
Nihon Falcom,2252097,The Legend of Heroes: Kuro no Kiseki Ⅱ -CRIMSON SiN- Nadia's Exclusive Costume: Z-1 Queen,DLC,,1674604800,0,0,0
Nihon Falcom,2252096,The Legend of Heroes: Kuro no Kiseki Ⅱ -CRIMSON SiN- Celis's Exclusive Costume: Z-1 Queen,DLC,,1674604800,0,0,0
Nihon Falcom,2252095,The Legend of Heroes: Kuro no Kiseki Ⅱ -CRIMSON SiN- Judith's Exclusive Costume: Z-1 Queen Type B,DLC,,1674604800,0,0,0
Nihon Falcom,2252094,The Legend of Heroes: Kuro no Kiseki Ⅱ -CRIMSON SiN- Risette's Exclusive Costume: Z-1 Queen,DLC,,1674604800,0,0,0
Nihon Falcom,2252093,The Legend of Heroes: Kuro no Kiseki Ⅱ -CRIMSON SiN- Feri's Exclusive Costume: Z-1 Queen,DLC,,1674604800,0,0,0
Nihon Falcom,2252082,The Legend of Heroes: Kuro no Kiseki Ⅱ -CRIMSON SiN- Poster Contest Winning Entries,DLC,,1674604800,0,0,0
Nihon Falcom,2098611,The Legend of Heroes: Trails from Zero - Anthems of Crossbell Digital Soundtrack,Music,,0,0,0,0
Nihon Falcom,2098610,The Legend of Heroes: Trails from Zero - SSS Classified Files Digital Art Book,DLC,,0,0,0,0
Nihon Falcom,2025587,The Legend of Heroes: Kuro no Kiseki - Combat Boost Pack C,DLC,,1658880000,0,0,0
Nihon Falcom,2025586,The Legend of Heroes: Kuro no Kiseki - Combat Boost Pack B,DLC,,1658880000,0,0,0
Nihon Falcom,2025585,The Legend of Heroes: Kuro no Kiseki - Combat Boost Pack A,DLC,,1658880000,0,0,0
Nihon Falcom,2025584,The Legend of Heroes: Kuro no Kiseki - Droplet Set (3),DLC,,1658880000,0,0,0
Nihon Falcom,2025583,The Legend of Heroes: Kuro no Kiseki - Droplet Set (2),DLC,,1658880000,0,0,0
Nihon Falcom,2025582,The Legend of Heroes: Kuro no Kiseki - Droplet Set (1),DLC,,1658880000,0,0,0
Nihon Falcom,2025581,The Legend of Heroes: Kuro no Kiseki - Shining Pom Fruit Value Pack (3),DLC,,1658880000,0,0,0
Nihon Falcom,2025580,The Legend of Heroes: Kuro no Kiseki - Shining Pom Fruit Value Pack (2),DLC,,1658880000,0,0,0
Nihon Falcom,2025509,The Legend of Heroes: Kuro no Kiseki - Shining Pom Fruit Value Pack (1),DLC,,1658880000,0,0,0
Nihon Falcom,2025508,The Legend of Heroes: Kuro no Kiseki - Shining Pom Fruit Set (3),DLC,,1658880000,0,0,0
Nihon Falcom,2025507,The Legend of Heroes: Kuro no Kiseki - Shining Pom Fruit Set (2),DLC,,1658880000,0,0,0
Nihon Falcom,2025506,The Legend of Heroes: Kuro no Kiseki - Shining Pom Fruit Set (1),DLC,,1658880000,0,0,0
Nihon Falcom,2025505,The Legend of Heroes: Kuro no Kiseki - Zelam Capsule Set (3),DLC,,1658880000,0,0,0
Nihon Falcom,2025504,The Legend of Heroes: Kuro no Kiseki - Zelam Capsule Set (2),DLC,,1658880000,0,0,0
Nihon Falcom,2025503,The Legend of Heroes: Kuro no Kiseki - Zelam Capsule Set (1),DLC,,1658880000,0,0,0
Nihon Falcom,2025502,The Legend of Heroes: Kuro no Kiseki - Zelam Powder Set (3),DLC,,1658880000,0,0,0
Nihon Falcom,2025501,The Legend of Heroes: Kuro no Kiseki - Zelam Powder Set (2),DLC,,1658880000,0,0,0
Nihon Falcom,2025500,The Legend of Heroes: Kuro no Kiseki - Zelam Powder Set (1),DLC,,1658880000,0,0,0
Nihon Falcom,2025482,The Legend of Heroes: Kuro no Kiseki - Advanced Recovery Medicine Set (5),DLC,,1658880000,0,0,0
Nihon Falcom,2025481,The Legend of Heroes: Kuro no Kiseki - Advanced Recovery Medicine Set (4),DLC,,1658880000,0,0,0
Nihon Falcom,2025480,The Legend of Heroes: Kuro no Kiseki - Advanced Recovery Medicine Set (3),DLC,,1658880000,0,0,0
Nihon Falcom,2025479,The Legend of Heroes: Kuro no Kiseki - Advanced Recovery Medicine Set (2),DLC,,1658880000,0,0,0
Nihon Falcom,2025478,The Legend of Heroes: Kuro no Kiseki - Advanced Recovery Medicine Set (1),DLC,,1658880000,0,0,0
Nihon Falcom,2025477,The Legend of Heroes: Kuro no Kiseki - Monster Ingredients Set (3),DLC,,1658880000,0,0,0
Nihon Falcom,2025476,The Legend of Heroes: Kuro no Kiseki - Monster Ingredients Set (2),DLC,,1658880000,0,0,0
Nihon Falcom,2025475,The Legend of Heroes: Kuro no Kiseki - Monster Ingredients Set (1),DLC,,1658880000,0,0,0
Nihon Falcom,2025474,The Legend of Heroes: Kuro no Kiseki - U-Material Set (5),DLC,,1658880000,0,0,0
Nihon Falcom,2025473,The Legend of Heroes: Kuro no Kiseki - U-Material Set (4),DLC,,1658880000,0,0,0
Nihon Falcom,2025472,The Legend of Heroes: Kuro no Kiseki - U-Material Set (3),DLC,,1658880000,0,0,0
Nihon Falcom,2025471,The Legend of Heroes: Kuro no Kiseki - U-Material Set (2),DLC,,1658880000,0,0,0
Nihon Falcom,2025470,The Legend of Heroes: Kuro no Kiseki - U-Material Set (1),DLC,,1658880000,0,0,0
Nihon Falcom,2025454,The Legend of Heroes: Kuro no Kiseki - Sepith Set (5),DLC,,1658880000,0,0,0
Nihon Falcom,2025453,The Legend of Heroes: Kuro no Kiseki - Sepith Set (4),DLC,,1658880000,0,0,0
Nihon Falcom,2025452,The Legend of Heroes: Kuro no Kiseki - Sepith Set (3),DLC,,1658880000,0,0,0
Nihon Falcom,2025451,The Legend of Heroes: Kuro no Kiseki - Sepith Set (2),DLC,,1658880000,0,0,0
Nihon Falcom,2025450,The Legend of Heroes: Kuro no Kiseki - Sepith Set (1),DLC,,1658880000,0,0,0
Nihon Falcom,2024770,"The Legend of Heroes: Kuro no Kiseki - Hollowcore Voice: Barkhorn, the Roaring Lion",DLC,,1658880000,0,0,0
Nihon Falcom,2024760,The Legend of Heroes: Kuro no Kiseki - Hollowcore Voice: Judith Lanster,DLC,,1658880000,0,0,0
Nihon Falcom,2024740,The Legend of Heroes: Kuro no Kiseki - Xipha Metal Cover Set: Image Board,DLC,,1658880000,0,0,0
Nihon Falcom,2024730,The Legend of Heroes: Kuro no Kiseki - Xipha Metal Cover Set: Character Design,DLC,,1658880000,0,0,0
Nihon Falcom,2024720,The Legend of Heroes: Kuro no Kiseki - Effect Set,DLC,,1658880000,0,0,0
Nihon Falcom,2024710,The Legend of Heroes: Kuro no Kiseki - Animal Costume: Cow,DLC,,1658880000,0,0,0
Nihon Falcom,2024690,The Legend of Heroes: Kuro no Kiseki - Animal Costume: Fox,DLC,,1658880000,0,0,0
Nihon Falcom,2024680,The Legend of Heroes: Kuro no Kiseki - Animal Costume: Dog,DLC,,1658880000,0,0,0
Nihon Falcom,2024670,The Legend of Heroes: Kuro no Kiseki - Animal Costume: White Rabbit,DLC,,1658880000,0,0,0
Nihon Falcom,2024660,The Legend of Heroes: Kuro no Kiseki - Floatation Ring Set,DLC,,1658880000,0,0,0
Nihon Falcom,2024650,The Legend of Heroes: Kuro no Kiseki - Backpack Set,DLC,,1658880000,0,0,0
Nihon Falcom,2024640,The Legend of Heroes: Kuro no Kiseki - Reinforced Mask Set,DLC,,1658880000,0,0,0
Nihon Falcom,2024630,The Legend of Heroes: Kuro no Kiseki - Sun Visor Set,DLC,,1658880000,0,0,0
Nihon Falcom,2024620,The Legend of Heroes: Kuro no Kiseki - Sunglasses Set,DLC,,1658880000,0,0,0
Nihon Falcom,2024610,The Legend of Heroes: Kuro no Kiseki - Glasses Set,DLC,,1658880000,0,0,0
Nihon Falcom,2024590,The Legend of Heroes: Kuro no Kiseki - Agnes's Blossom Tiger Costume,DLC,,1658880000,0,0,0
Nihon Falcom,2024580,The Legend of Heroes: Kuro no Kiseki - Van's Tiger Coat,DLC,,1658880000,0,0,0
Nihon Falcom,2024570,The Legend of Heroes: Kuro no Kiseki - Aramis Junior High School Uniform Set,DLC,,1658880000,0,0,0
Nihon Falcom,2024550,The Legend of Heroes: Kuro no Kiseki - Original Swimsuit: Bellegarde,DLC,,1658880000,0,0,0
Nihon Falcom,2024530,The Legend of Heroes: Kuro no Kiseki - Original Swimsuit: Judith,DLC,,1658880000,0,0,0
Nihon Falcom,2024520,The Legend of Heroes: Kuro no Kiseki - Original Swimsuit: Quatre,DLC,,1658880000,0,0,0
Nihon Falcom,2024510,The Legend of Heroes: Kuro no Kiseki - Original Swimsuit: Risette,DLC,,1658880000,0,0,0
Nihon Falcom,2024500,The Legend of Heroes: Kuro no Kiseki - Original Swimsuit: Aaron,DLC,,1658880000,0,0,0
Nihon Falcom,2024490,The Legend of Heroes: Kuro no Kiseki - Original Swimsuit: Feri,DLC,,1658880000,0,0,0
Nihon Falcom,2024480,The Legend of Heroes: Kuro no Kiseki - Original Swimsuit: Agnes,DLC,,1658880000,0,0,0
Nihon Falcom,2024470,The Legend of Heroes: Kuro no Kiseki - Original Swimsuit: Van,DLC,,1658880000,0,0,0
Nihon Falcom,2024450,The Legend of Heroes: Kuro no Kiseki - 4spg UNITED: Aaron,DLC,,1658880000,0,0,0
Nihon Falcom,2024440,The Legend of Heroes: Kuro no Kiseki - 4spg UNITED: Feri,DLC,,1658880000,0,0,0
Nihon Falcom,2024430,The Legend of Heroes: Kuro no Kiseki - 4spg UNITED: Agnes,DLC,,1658880000,0,0,0
Nihon Falcom,2024360,The Legend of Heroes: Kuro no Kiseki - Xipha Cover: 40th Anniversary,DLC,,1658880000,0,0,0
Nihon Falcom,2024310,The Legend of Heroes: Kuro no Kiseki - Feri's Kuruga Shrine Maiden Costume,DLC,,1658880000,0,0,0
Nihon Falcom,2024280,The Legend of Heroes: Kuro no Kiseki - Hollowcore Voice: LaToya Hamilton,DLC,,1658880000,0,0,0
Nihon Falcom,1921350,Nayuta no Kiseki: KAI Complete Soundtrack,Music,,1653436800,0,0,0
Nihon Falcom,1825590,The Legend of Nayuta: Boundless Trails - HQ Texture Pack,DLC,,0,0,0,0
Nihon Falcom,1823180,The Legend of Nayuta: Boundless Trails Official Digital Soundtrack,DLC,,0,0,0,0
Nihon Falcom,1774349,THE LEGEND OF HEROES: HAJIMARI NO KISEKI - Dream Fragment Starter Set,DLC,,1638316800,0,0,0
Nihon Falcom,1774348,THE LEGEND OF HEROES: HAJIMARI NO KISEKI - Sepith Set 1,DLC,,1638316800,0,0,0
Nihon Falcom,1774347,THE LEGEND OF HEROES: HAJIMARI NO KISEKI - Sepith Set 2,DLC,,1638316800,0,0,0
Nihon Falcom,1774346,THE LEGEND OF HEROES: HAJIMARI NO KISEKI - Sepith Set 3,DLC,,1638316800,0,0,0
Nihon Falcom,1774345,THE LEGEND OF HEROES: HAJIMARI NO KISEKI - Sepith Set 4,DLC,,1638316800,0,0,0
Nihon Falcom,1774344,THE LEGEND OF HEROES: HAJIMARI NO KISEKI - Sepith Set 5,DLC,,1638316800,0,0,0
Nihon Falcom,1774343,THE LEGEND OF HEROES: HAJIMARI NO KISEKI - Sepith Set 6,DLC,,1638316800,0,0,0
Nihon Falcom,1774342,THE LEGEND OF HEROES: HAJIMARI NO KISEKI - Useful Accessories Set Vol.1,DLC,,1638316800,0,0,0
Nihon Falcom,1774341,THE LEGEND OF HEROES: HAJIMARI NO KISEKI - Useful Accessories Set Vol.2,DLC,,1638316800,0,0,0
Nihon Falcom,1774340,THE LEGEND OF HEROES: HAJIMARI NO KISEKI - Useful Accessories Set Vol.3,DLC,,1638316800,0,0,0
Nihon Falcom,1774338,THE LEGEND OF HEROES: HAJIMARI NO KISEKI - Monster Ingredients Set 1,DLC,,1638316800,0,0,0
Nihon Falcom,1774337,THE LEGEND OF HEROES: HAJIMARI NO KISEKI - Monster Ingredients Set 2,DLC,,1638316800,0,0,0
Nihon Falcom,1774336,THE LEGEND OF HEROES: HAJIMARI NO KISEKI - Monster Ingredients Set 3,DLC,,1638316800,0,0,0
Nihon Falcom,1774335,THE LEGEND OF HEROES: HAJIMARI NO KISEKI - Advanced Medicine Set 1,DLC,,1638316800,0,0,0
Nihon Falcom,1774334,THE LEGEND OF HEROES: HAJIMARI NO KISEKI - Advanced Medicine Set 2,DLC,,1638316800,0,0,0
Nihon Falcom,1774333,THE LEGEND OF HEROES: HAJIMARI NO KISEKI - Advanced Medicine Set 3,DLC,,1638316800,0,0,0
Nihon Falcom,1774332,THE LEGEND OF HEROES: HAJIMARI NO KISEKI - Spirit Incense Set 1,DLC,,1638316800,0,0,0
Nihon Falcom,1774331,THE LEGEND OF HEROES: HAJIMARI NO KISEKI - Spirit Incense Set 2,DLC,,1638316800,0,0,0
Nihon Falcom,1774330,THE LEGEND OF HEROES: HAJIMARI NO KISEKI - Spirit Incense Set 3,DLC,,1638316800,0,0,0
Nihon Falcom,1774328,THE LEGEND OF HEROES: HAJIMARI NO KISEKI - Dragon Incense Set 1,DLC,,1638316800,0,0,0
Nihon Falcom,1774327,THE LEGEND OF HEROES: HAJIMARI NO KISEKI - Dragon Incense Set 2,DLC,,1638316800,0,0,0
Nihon Falcom,1774326,THE LEGEND OF HEROES: HAJIMARI NO KISEKI - Dragon Incense Set 3,DLC,,1638316800,0,0,0
Nihon Falcom,1774325,THE LEGEND OF HEROES: HAJIMARI NO KISEKI - Zeram Powder Set 1,DLC,,1638316800,0,0,0
Nihon Falcom,1774324,THE LEGEND OF HEROES: HAJIMARI NO KISEKI - Zeram Powder Set 2,DLC,,1638316800,0,0,0
Nihon Falcom,1774323,THE LEGEND OF HEROES: HAJIMARI NO KISEKI - Zeram Powder Set 3,DLC,,1638316800,0,0,0
Nihon Falcom,1774322,THE LEGEND OF HEROES: HAJIMARI NO KISEKI - Zeram Capsule Set 1,DLC,,1638316800,0,0,0
Nihon Falcom,1774321,THE LEGEND OF HEROES: HAJIMARI NO KISEKI - Zeram Capsule Set 2,DLC,,1638316800,0,0,0
Nihon Falcom,1774320,THE LEGEND OF HEROES: HAJIMARI NO KISEKI - Zeram Capsule Set 3,DLC,,1638316800,0,0,0
Nihon Falcom,1774318,THE LEGEND OF HEROES: HAJIMARI NO KISEKI - U-Material Set 1,DLC,,1638316800,0,0,0
Nihon Falcom,1774317,THE LEGEND OF HEROES: HAJIMARI NO KISEKI - U-Material Set 2,DLC,,1638316800,0,0,0
Nihon Falcom,1774316,THE LEGEND OF HEROES: HAJIMARI NO KISEKI - U-Material Set 3,DLC,,1638316800,0,0,0
Nihon Falcom,1774315,THE LEGEND OF HEROES: HAJIMARI NO KISEKI - U-Material Set 4,DLC,,1638316800,0,0,0
Nihon Falcom,1774314,THE LEGEND OF HEROES: HAJIMARI NO KISEKI - U-Material Set 5,DLC,,1638316800,0,0,0
Nihon Falcom,1774313,THE LEGEND OF HEROES: HAJIMARI NO KISEKI - U-Material Set 6,DLC,,1638316800,0,0,0
Nihon Falcom,1774312,THE LEGEND OF HEROES: HAJIMARI NO KISEKI - U-Material Set 7,DLC,,1638316800,0,0,0
Nihon Falcom,1774311,THE LEGEND OF HEROES: HAJIMARI NO KISEKI - U-Material Set 8,DLC,,1638316800,0,0,0
Nihon Falcom,1774310,THE LEGEND OF HEROES: HAJIMARI NO KISEKI - U-Material Set 9,DLC,,1638316800,0,0,0
Nihon Falcom,1774305,THE LEGEND OF HEROES: HAJIMARI NO KISEKI - Droplet Set 1,DLC,,1638316800,0,0,0
Nihon Falcom,1774304,THE LEGEND OF HEROES: HAJIMARI NO KISEKI - Droplet Set 2,DLC,,1638316800,0,0,0
Nihon Falcom,1774303,THE LEGEND OF HEROES: HAJIMARI NO KISEKI - Droplet Set 3,DLC,,1638316800,0,0,0
Nihon Falcom,1774302,THE LEGEND OF HEROES: HAJIMARI NO KISEKI - Divine Water Set 1,DLC,,1638316800,0,0,0
Nihon Falcom,1774301,THE LEGEND OF HEROES: HAJIMARI NO KISEKI - Divine Water Set 2,DLC,,1638316800,0,0,0
Nihon Falcom,1774300,THE LEGEND OF HEROES: HAJIMARI NO KISEKI - Divine Water Set 3,DLC,,1638316800,0,0,0
Nihon Falcom,1774298,THE LEGEND OF HEROES: HAJIMARI NO KISEKI - Shining Pom Incense Set 1,DLC,,1638316800,0,0,0
Nihon Falcom,1774297,THE LEGEND OF HEROES: HAJIMARI NO KISEKI - Shining Pom Incense Set 2,DLC,,1638316800,0,0,0
Nihon Falcom,1774296,THE LEGEND OF HEROES: HAJIMARI NO KISEKI - Shining Pom Incense Set 3,DLC,,1638316800,0,0,0
Nihon Falcom,1774295,THE LEGEND OF HEROES: HAJIMARI NO KISEKI - Shining Pom Incense Set 4,DLC,,1638316800,0,0,0
Nihon Falcom,1774294,THE LEGEND OF HEROES: HAJIMARI NO KISEKI - Shining Pom Incense Set 5,DLC,,1638316800,0,0,0
Nihon Falcom,1774293,THE LEGEND OF HEROES: HAJIMARI NO KISEKI - Shining Pom Incense Set 6,DLC,,1638316800,0,0,0
Nihon Falcom,1774292,THE LEGEND OF HEROES: HAJIMARI NO KISEKI - Shining Pom Incense Set 7,DLC,,1638316800,0,0,0
Nihon Falcom,1774291,THE LEGEND OF HEROES: HAJIMARI NO KISEKI - Shining Pom Incense Set 8,DLC,,1638316800,0,0,0
Nihon Falcom,1774290,THE LEGEND OF HEROES: HAJIMARI NO KISEKI - Shining Pom Incense Set 9,DLC,,1638316800,0,0,0
Nihon Falcom,1774288,THE LEGEND OF HEROES: HAJIMARI NO KISEKI - Shining Pom Incense Value Set 1,DLC,,1638316800,0,0,0
Nihon Falcom,1774287,THE LEGEND OF HEROES: HAJIMARI NO KISEKI - Shining Pom Incense Value Set 2,DLC,,1638316800,0,0,0
Nihon Falcom,1774286,THE LEGEND OF HEROES: HAJIMARI NO KISEKI - Shining Pom Incense Value Set 3,DLC,,1638316800,0,0,0
Nihon Falcom,1774285,THE LEGEND OF HEROES: HAJIMARI NO KISEKI - Shining Pom Incense Value Set 4,DLC,,1638316800,0,0,0
Nihon Falcom,1774284,THE LEGEND OF HEROES: HAJIMARI NO KISEKI - Shining Pom Incense Value Set 5,DLC,,1638316800,0,0,0
Nihon Falcom,1774283,THE LEGEND OF HEROES: HAJIMARI NO KISEKI - Shining Pom Incense Value Set 6,DLC,,1638316800,0,0,0
Nihon Falcom,1774282,THE LEGEND OF HEROES: HAJIMARI NO KISEKI - Shining Pom Incense Value Set 7,DLC,,1638316800,0,0,0
Nihon Falcom,1774281,THE LEGEND OF HEROES: HAJIMARI NO KISEKI - Shining Pom Incense Value Set 8,DLC,,1638316800,0,0,0
Nihon Falcom,1774280,THE LEGEND OF HEROES: HAJIMARI NO KISEKI - Shining Pom Incense Value Set 9,DLC,,1638316800,0,0,0
Nihon Falcom,1774278,THE LEGEND OF HEROES: HAJIMARI NO KISEKI - Azure Drop Set 1,DLC,,1638316800,0,0,0
Nihon Falcom,1774277,THE LEGEND OF HEROES: HAJIMARI NO KISEKI - Azure Drop Set 2,DLC,,1638316800,0,0,0
Nihon Falcom,1774276,THE LEGEND OF HEROES: HAJIMARI NO KISEKI - Azure Drop Set 3,DLC,,1638316800,0,0,0
Nihon Falcom,1774275,THE LEGEND OF HEROES: HAJIMARI NO KISEKI - Azure Divine Water Set 1,DLC,,1638316800,0,0,0
Nihon Falcom,1774274,THE LEGEND OF HEROES: HAJIMARI NO KISEKI - Azure Divine Water Set 2,DLC,,1638316800,0,0,0
Nihon Falcom,1774273,THE LEGEND OF HEROES: HAJIMARI NO KISEKI - Azure Divine Water Set 3,DLC,,1638316800,0,0,0
Nihon Falcom,1774272,THE LEGEND OF HEROES: HAJIMARI NO KISEKI - Black Zemurian Ore Set 1,DLC,,1638316800,0,0,0
Nihon Falcom,1774271,THE LEGEND OF HEROES: HAJIMARI NO KISEKI - Black Zemurian Ore Set 2,DLC,,1638316800,0,0,0
Nihon Falcom,1774270,THE LEGEND OF HEROES: HAJIMARI NO KISEKI - Black Zemurian Ore Set 3,DLC,,1638316800,0,0,0
Nihon Falcom,1645600,Ys IX: Monstrum Nox Demo,Demo,,1623801600,0,0,127
Nihon Falcom,1627586,Ys IX: Monstrum Nox - Nails in the Coffin Digital Art Book & Ys IX Prequel: The Lost Sword Short Novel,DLC,,0,0,0,0
Nihon Falcom,1627585,Ys IX: Monstrum Nox - Monstrum Memoirs,DLC,,0,0,0,0
Nihon Falcom,1627584,Ys IX: Monstrum Nox - Chains and Chansons Official Digital Soundtrack,DLC,,0,0,0,0
Nihon Falcom,1627583,Ys IX: Monstrum Nox - Melodies of the Macabre,DLC,,0,0,0,0
Nihon Falcom,1575415,The Legend of Heroes: Trails of Cold Steel IV  - The Complete Black Records Digital Art Book,DLC,,0,0,0,0
Nihon Falcom,1575414,The Legend of Heroes: Trails of Cold Steel IV  - Twilight Resonance Digital Soundtrack,DLC,,0,0,0,0
Nihon Falcom,1575413,The Legend of Heroes: Trails of Cold Steel IV  - The Black Records Digital Mini Art Book,DLC,,0,0,0,0
Nihon Falcom,1575412,The Legend of Heroes: Trails of Cold Steel IV  - Echoes of Erebonia Digital Soundtrack Sampler,DLC,,0,0,0,0
Nihon Falcom,1261712,The Legend of Heroes: Trails of Cold Steel III  - Intelligence Division Files Digital Art Book,DLC,,0,0,0,0
Nihon Falcom,1261711,The Legend of Heroes: Trails of Cold Steel III  - Symphony of Class VII Digital Soundtrack,DLC,,0,0,0,0
Nihon Falcom,1261710,The Legend of Heroes: Trails of Cold Steel III  - Branch Campus Student Directory Digital Mini Art Book,DLC,,0,0,0,0
Nihon Falcom,1255960,The Legend of Heroes: Trails of Cold Steel III  - Anthems of the Thors Branch Campus Digital Soundtrack Sampler,DLC,,0,0,0,0
Nihon Falcom,1229000,The Legend of Heroes: Trails of Cold Steel III Demo,Demo,,1583712000,0,0,143
Nihon Falcom,677692,Ys VIII: Lacrimosa of DANA - Digital Soundtrack Sampler,DLC,,0,0,0,0
Nihon Falcom,677691,Ys VIII: Lacrimosa of DANA - Digital Mini Art Book,DLC,,0,0,0,0
Nihon Falcom,677690,Ys VIII: Lacrimosa of DANA - Adol’s Adventure Essentials DLC,DLC,,0,0,0,0
Nihon Falcom,365010,Ys VI - Material Collection,DLC,,0,0,0,0
Nihon Falcom,219030,Ys Origin Demo,Demo,,1346889600,0,0,63
Nihon Falcom,81705,Ys Origin Trailer,Legacy Media,,1338422400,0,0,0
Nihon Falcom,81489,YS The Oath in Felghana,Legacy Media,,1332288000,0,0,0
"FromSoftware, Inc.",814380,Sekiro™: Shadows Die Twice - GOTY Edition,Game,94.3,1553126400,639450,3185,125315
"FromSoftware, Inc.",374320,DARK SOULS™ III,Game,93.46,1460332800,643184,3781,129975
"FromSoftware, Inc.",1245620,ELDEN RING,Game,92.37,1645660800,1143672,28633,953426
"FromSoftware, Inc.",570940,DARK SOULS™: REMASTERED,Game,91.24,1527033600,161110,2724,24501
"FromSoftware, Inc.",1888160,ARMORED CORE™ VI FIRES OF RUBICON™,Game,90.24,1692835200,216226,687,156171
"FromSoftware, Inc.",211420,DARK SOULS™: Prepare To Die™ Edition,Game,90.1,1345766400,126897,108,11259
"FromSoftware, Inc.",236430,DARK SOULS™ II,Game,86.78,1398384000,124155,154,79528
"FromSoftware, Inc.",284450,DARK SOULS™ II - Season Pass,DLC,84.16,1405987200,0,0,0
"FromSoftware, Inc.",335300,DARK SOULS™ II: Scholar of the First Sin,Game,82.99,1427846400,200032,1785,12106
"FromSoftware, Inc.",3515610,ELDEN RING NIGHTREIGN - Deluxe Upgrade Pack,DLC,81.53,1748476800,0,0,0
"FromSoftware, Inc.",2622380,ELDEN RING NIGHTREIGN,Game,81.12,1748476800,219345,12799,313593
"FromSoftware, Inc.",271943,DARK SOULS™ II Crown of the Old Iron King,DLC,80.18,1409011200,0,0,0
"FromSoftware, Inc.",506971,DARK SOULS™ III - The Ringed City™,DLC,79.48,1490572800,0,0,0
"FromSoftware, Inc.",4192760,G-MODEアーカイブス+ ARMORED CORE MOBILE 3,Game,78.3,1768953600,341,0,25
"FromSoftware, Inc.",3633410,G-MODEアーカイブス+ ARMORED CORE MOBILE MISSION,Game,77.62,1745971200,466,0,19
"FromSoftware, Inc.",271942,DARK SOULS™ II Crown of the Sunken King,DLC,75.75,1405987200,0,0,0
"FromSoftware, Inc.",271944,DARK SOULS™ II Crown of the Ivory King,DLC,74.75,1412035200,0,0,0
"FromSoftware, Inc.",442010,DARK SOULS™ III - Season Pass,DLC,74.72,1464739200,0,0,0
"FromSoftware, Inc.",3713380,G-MODEアーカイブス+ ARMORED CORE MOBILE 2,Game,72.86,1750204800,318,0,8
"FromSoftware, Inc.",2778580,ELDEN RING Shadow of the Erdtree,DLC,69.65,1718841600,0,0,0
"FromSoftware, Inc.",506970,DARK SOULS™ III - Ashes of Ariandel™,DLC,57.38,1477267200,0,0,0
"FromSoftware, Inc.",3531720,ELDEN RING NIGHTREIGN The Forsaken Hollows,DLC,44.2,1764720000,0,0,0
Warhorse Studios,1771300,Kingdom Come: Deliverance II,Game,93.02,1738627200,323497,13089,256206
Warhorse Studios,976180,Deliverance: The Making of Kingdom Come,Video,88.73,1545264000,423,0,103
Warhorse Studios,970070,Fechtbuch: The Real Swordfighting behind Kingdom Come,Video,87.05,1549324800,912,0,42
Warhorse Studios,379430,Kingdom Come: Deliverance,Game,83.46,1518480000,393990,3961,96069
Warhorse Studios,801980,Kingdom Come: Deliverance – Artbook,DLC,83.26,1518566400,0,0,0
Warhorse Studios,3119920,Kingdom Come: Deliverance II Expansion Pass,DLC,83.09,1738627200,0,0,0
Warhorse Studios,4184930,Kingdom Come: Deliverance II Extended Official Soundtrack,Music,82.55,1766016000,0,0,0
Warhorse Studios,3468550,Kingdom Come: Deliverance II Soundtrack,Music,81.84,1738627200,0,0,0
Warhorse Studios,1052530,Kingdom Come: Deliverance – OST Atmospheres & Additionals,Music,80.01,1553731200,0,0,0
Warhorse Studios,836900,Kingdom Come: Deliverance – HD Sound Pack,DLC,79.61,1522281600,0,0,0
Warhorse Studios,4075290,Kingdom Come: Deliverance II Artbook,DLC,79.39,1766016000,0,0,0
Warhorse Studios,836910,Kingdom Come: Deliverance – HD Voice Pack English,DLC,78.72,1522281600,0,0,0
Warhorse Studios,1059340,Kingdom Come: Deliverance – Festival Suite,Video,78.6,1554336000,468,0,23
Warhorse Studios,794220,Kingdom Come: Deliverance – OST Essentials,Music,77.78,1518566400,0,0,0
Warhorse Studios,836890,Kingdom Come: Deliverance – HD Texture Pack,DLC,77.26,1522281600,0,0,0
Warhorse Studios,836920,Kingdom Come: Deliverance – HD Voice Pack German,DLC,76.03,1522281600,0,0,0
Warhorse Studios,836930,Kingdom Come: Deliverance – HD Voice Pack French,DLC,75.12,1522281600,0,0,0
Warhorse Studios,977420,Kingdom Come: Deliverance – Band of Bastards,DLC,70.65,1549324800,0,0,0
Warhorse Studios,3118100,Kingdom Come: Deliverance II The Lion’s Crest,DLC,69.07,1743120000,0,0,0
Warhorse Studios,3368610,Kingdom Come: Deliverance II Legacy of the Forge,DLC,67.79,1757376000,0,0,0
Warhorse Studios,768530,Kingdom Come: Deliverance – Treasures of The Past,DLC,66.2,1523404800,0,0,0
Warhorse Studios,3118110,Kingdom Come: Deliverance II Gallant Huntsman’s Kit,DLC,65.58,1744675200,0,0,0
Warhorse Studios,883150,Kingdom Come: Deliverance – From the Ashes,DLC,65.48,1530748800,0,0,0
Warhorse Studios,3118120,Kingdom Come: Deliverance II Shields of Seasons Passing,DLC,61.57,1744675200,0,0,0
Warhorse Studios,3368600,Kingdom Come: Deliverance II Brushes with Death,DLC,59.49,1747267200,0,0,0
Warhorse Studios,3368620,Kingdom Come: Deliverance II Mysteria Ecclesiae,DLC,56.77,1762819200,0,0,0
Warhorse Studios,921950,Kingdom Come: Deliverance – The Amorous Adventures of Bold Sir Hans Capon,DLC,50.11,1539648000,0,0,0
Warhorse Studios,1033890,Kingdom Come: Deliverance – A Woman's Lot,DLC,40.56,1559001600,0,0,0
Bloober Team SA,2124490,SILENT HILL 2,Game,93.23,1728345600,135175,1081,23676
Bloober Team SA,391720,Layers of Fear (2016),Game,86.7,1455494400,70262,22,145384
Bloober Team SA,1092660,Blair Witch,Game,77.11,1567123200,26532,6,1716
Bloober Team SA,550210,Layers of Fear - Soundtrack (2016),DLC,76.99,1477612800,0,0,0
Bloober Team SA,514900,>observer_,Game,76.37,1502755200,51532,3,953
Bloober Team SA,493530,Layers of Fear: Inheritance,DLC,72.84,1470096000,0,0,0
Bloober Team SA,1029890,Layers of Fear 2 (2019),Game,69.65,1559001600,14228,11,739
Bloober Team SA,1396070,The Art of Observer System Redux,DLC,68.15,1604966400,0,0,0
Bloober Team SA,1576350,Blair Witch VR,Game,63.58,1628726400,1545,0,20
Bloober Team SA,365680,BRAWL,Game,61.66,1439424000,742,0,76
Bloober Team SA,939320,Observer - Soundtrack,DLC,58.33,1536883200,0,0,0
Bloober Team SA,264460,A-Men,Game,47.49,1390608000,182,0,54
Bloober Team SA,294190,A-Men 2,Game,45.45,1435104000,208,0,96
Double Fine Productions,388210,Day of the Tentacle Remastered,Game,93.29,1458604800,20508,9,1097
Double Fine Productions,607080,Psychonauts 2,Game,93.28,1629763200,39994,81,7262
Double Fine Productions,3830,Psychonauts,Game,92.65,1113868800,8097,72,4531
Double Fine Productions,225260,Brutal Legend,Game,91.04,1361836800,27641,52,7172
Double Fine Productions,115100,Costume Quest,Game,90.23,1318636800,3612,7,742
Double Fine Productions,228360,Full Throttle Remastered,Game,88.06,1492473600,11050,5,422
Double Fine Productions,316790,Grim Fandango Remastered,Game,87.97,1422316800,39872,36,1500
Double Fine Productions,3043580,Keeper,Game,86.46,1760659200,13406,12,191
Double Fine Productions,340000,Headlander,Game,85.56,1469491200,8428,1,176
Double Fine Productions,115110,Stacking,Game,85.13,1330992000,2201,1,660
Double Fine Productions,275180,Costume Quest 2,Game,84.51,1412640000,5074,3,359
Double Fine Productions,221810,The Cave,Game,83.94,1358899200,14766,5,2320
Double Fine Productions,788690,Psychonauts in the Rhombus of Ruin,Game,81.89,1524096000,3145,1,100
Double Fine Productions,115120,Iron Brigade,Game,81.47,1344816000,3470,12,702
Double Fine Productions,232790,Broken Age,Game,81.39,1390867200,18303,16,3260
Double Fine Productions,368190,Grim Fandango Remastered - Soundtrack,Music,79.23,1430784000,0,0,0
Double Fine Productions,347350,The Making of Grim Fandango Remastered,Series,77.87,1421107200,173,0,4
Double Fine Productions,1726810,"Psychonauts 2 (Original Soundtrack), Vol. 1",Music,75.71,1634774400,0,0,0
Double Fine Productions,225270,Brutal Legend Soundtrack,Music,74.37,1360800000,0,0,0
Double Fine Productions,1476090,RAD - Original Soundtrack,Music,72.17,1612828800,0,0,0
Double Fine Productions,501260,Headlander - Soundtrack,DLC,72.17,1469491200,0,0,0
Double Fine Productions,722560,RAD,Game,71.18,1566172800,17881,0,580
Double Fine Productions,246110,MASSIVE CHALICE,Game,70.24,1433116800,19644,3,697
Double Fine Productions,1121790,RAD - Arcade Style Pack,DLC,69.2,1566172800,0,0,0
Double Fine Productions,332460,MASSIVE CHALICE Soundtrack,Music,69.2,1415664000,0,0,0
Double Fine Productions,221829,The Cave: Soundtrack,Music,69.2,1362182400,0,0,0
Double Fine Productions,271950,Broken Age - Soundtrack,Music,68.15,1390953600,0,0,0
Double Fine Productions,3839,Psychonauts Original Score,Music,68.15,1337817600,0,0,0
Double Fine Productions,2155510,"Psychonauts 2 (Original Soundtrack), Vol. 3",Music,67.06,1663804800,0,0,0
Double Fine Productions,3838,Psychonauts Original Soundtrack,Music,66.76,1337817600,0,0,0
Double Fine Productions,1927960,"Psychonauts 2 (Original Soundtrack), Vol. 2",Music,64.78,1647302400,0,0,0
Double Fine Productions,3245600,Double Fine PsychOdyssey,DLC,61.78,1732665600,0,0,0
Double Fine Productions,631780,Amnesia Fortnight,Series,58.97,1495756800,342,0,55
Double Fine Productions,246070,Hack 'n' Slash,Game,52.32,1410220800,3870,0,373
Double Fine Productions,246090,Spacebase DF-9,Game,20.59,1414368000,7076,0,986
Double Fine Productions,1165990,Kiln,Game,,1776902400,1092,0,0
Double Fine Productions,285230,Mnemonic Prototype,Game,,0,7,0,2
Double Fine Productions,347370,The Making of Grim Fandango Remastered: The Remastered Treatment,Video,,1421107200,5,0,3
Double Fine Productions,347360,The Making of Grim Fandango Remastered: E3 and Beyond,Video,,1409356800,5,0,3
Double Fine Productions,320170,Costume Quest  - CQ2 Rewards DLC,DLC,,0,0,0,0
Double Fine Productions,296320,Hack 'n' Slash Soundtrack,DLC,,0,0,0,0
Double Fine Productions,225960,Costume Quest Prototype,Game,,0,0,0,3
Double Fine Productions,225940,Happy Song Prototype,Game,,0,0,0,2
Double Fine Productions,225120,BRAZEN Prototype,Game,,0,0,0,3
Double Fine Productions,221825,the cave: not in use,Config,,0,0,0,0
Double Fine Productions,81932,Iron Brigade Trailer,Legacy Media,,0,0,0,0
Double Fine Productions,81473,Stacking PC Trailer,Legacy Media,,1330905600,0,0,0
Double Fine Productions,81196,Costume Quest Trailer,Legacy Media,,1318550400,0,0,0
SHIFT UP Corporation,3489700,Stellar Blade™,Game,92.65,1749600000,219719,2143,192078
SHIFT UP Corporation,3564860,Stellar Blade™ Demo,Demo,83.94,1748563200,0,26,26443
SHIFT UP Corporation,3596180,Stellar Blade™ x NieR:Automata,DLC,81.38,1749600000,0,0,0
SHIFT UP Corporation,3662250,Stellar Blade™: Tachyon Pack,DLC,79.86,1749600000,0,0,0
SHIFT UP Corporation,3596170,Stellar Blade™ Deluxe Pack,DLC,78.03,1749600000,0,0,0
SHIFT UP Corporation,3596190,Stellar Blade™ x GODDESS OF VICTORY: NIKKE,DLC,69.01,1749600000,0,0,0
SHIFT UP Corporation,3596210,Stellar Blade™ NIKKE Code Verification,DLC,,0,0,0,0
SHIFT UP Corporation,3596200,Stellar Blade™ NIKKE Code Box,DLC,,0,0,0,0
Sonic Team,2513280,SONIC X SHADOW GENERATIONS,Game,94.36,1729814400,33625,163,7894
Sonic Team,2486820,Sonic Racing: CrossWorlds,Game,91.59,1758758400,42834,1089,13630
Sonic Team,2089840,Sonic Frontiers: Sonic Adventure 2 Shoes,DLC,91.54,1667865600,0,0,0
Sonic Team,2089730,Sonic Frontiers: Monster Hunter Collaboration Pack,DLC,89.06,1668470400,0,0,0
Sonic Team,2089733,Sonic Frontiers: Holiday Cheer Suit,DLC,88.06,1671667200,0,0,0
Sonic Team,1237320,Sonic Frontiers,Game,87.7,1667865600,70984,280,19181
Sonic Team,2909780,SONIC X SHADOW GENERATIONS: Sonic Adventure Legacy Skin,DLC,85.12,1735603200,0,0,0
Sonic Team,3565190,Sonic Racing: CrossWorlds - Minecraft Pack,DLC,84.65,1759968000,0,0,0
Sonic Team,3601440,Sonic Racing: CrossWorlds - PAC-MAN Pack,DLC,82.95,1767830400,0,0,0
Sonic Team,546050,Puyo Puyo™Tetris®,Game,81.96,1519689600,14631,23,1368
Sonic Team,715900,Shadow Costume DLC,DLC,80.85,1510012800,0,0,0
Sonic Team,715870,SEGA Pack DLC,DLC,78.57,1510012800,0,0,0
Sonic Team,2909790,SONIC X SHADOW GENERATIONS: Sonic Jam Legacy Skin,DLC,77.85,1729555200,0,0,0
Sonic Team,3601480,Sonic Racing: CrossWorlds - Mega Man Pack,DLC,77.62,1774483200,0,0,0
Sonic Team,971620,Puyo Puyo Champions,Game,75.75,1557187200,3651,50,355
Sonic Team,715890,Sanic T-Shirts DLC,DLC,75.71,1511740800,0,0,0
Sonic Team,3601510,"Sonic Racing: CrossWorlds - ""Blue Star"" Extreme Gear",DLC,74.75,1758499200,0,0,0
Sonic Team,715850,Episode Shadow DLC,DLC,74.01,1510012800,0,0,0
Sonic Team,1794960,Sonic Origins,Game,73.32,1655942400,14345,104,2668
Sonic Team,3601140,Sonic Racing: CrossWorlds Demo,Demo,72.92,1758067200,0,22,1964
Sonic Team,715860,Super Sonic DLC,DLC,66.41,1513900800,0,0,0
Sonic Team,2909770,SONIC X SHADOW GENERATIONS: Extra Content Pack,DLC,65.85,1729814400,0,0,0
Sonic Team,715910,Persona 5 Costume DLC,DLC,64.24,1510012800,0,0,0
Sonic Team,3601430,Sonic Racing: CrossWorlds - SpongeBob SquarePants Pack,DLC,62.01,1763596800,0,0,0
Sonic Team,329440,Sonic Lost World,Game,61.28,1446422400,9959,15,252
Sonic Team,637100,Sonic Forces,Game,58.8,1510012800,19298,22,2058
Sonic Team,2983600,SONIC X SHADOW GENERATIONS: Sonic the Hedgehog 3 Movie Pack,DLC,56.76,1734048000,0,0,0
Sonic Team,3592250,Sonic Racing: CrossWorlds Season Pass,DLC,56.64,1758758400,0,0,0
Sonic Team,2343200,Sonic Origins - Plus Expansion Pack,DLC,54.17,1687478400,0,0,0
Sonic Team,2999160,SONIC X SHADOW GENERATIONS: Art Book with Mini Soundtrack,DLC,29.69,1729814400,0,0,0
Square Enix,377840,FINAL FANTASY IX,Game,92.51,1460592000,79404,432,8229
Square Enix,2106840,PARANORMASIGHT: The Seven Mysteries of Honjo,Game,92.29,1678233600,14400,72,723
Square Enix,1173770,FINAL FANTASY,Game,91.93,1627430400,12819,140,3079
Square Enix,1971650,OCTOPATH TRAVELER II,Game,91.71,1677196800,88056,442,17008
Square Enix,39140,FINAL FANTASY VII,Game,90.86,0,56492,290,6424
Square Enix,2701440,PARANORMASIGHT: The Mermaid's Curse,Game,90.6,1771459200,6066,90,3627
Square Enix,1295510,DRAGON QUEST® XI S: Echoes of an Elusive Age™ - Definitive Edition,Game,90.41,1607040000,49657,642,4813
Square Enix,1408390,NieR Replicant 4 YoRHa,DLC,90.33,1619136000,0,0,0
Square Enix,2455640,Romancing SaGa 2: Revenge of the Seven,Game,89.99,1729728000,24205,213,16429
Square Enix,2238900,STAR OCEAN THE SECOND STORY R,Game,89.87,1698883200,27016,111,8028
Square Enix,1072420,DRAGON QUEST BUILDERS™ 2,Game,89.52,1575936000,45996,498,3358
Square Enix,1173790,FINAL FANTASY III,Game,89.23,1627430400,7449,70,1806
Square Enix,3951070,Drakengard Original Soundtrack Re-release,Music,88.63,1757462400,0,0,0
Square Enix,1173820,FINAL FANTASY VI,Game,88.61,1645574400,20397,222,4556
Square Enix,924980,Trials of Mana,Game,88.34,1587686400,47966,31,11998
Square Enix,1173800,FINAL FANTASY IV,Game,87.55,1631059200,8499,97,3432
Square Enix,2833580,BRAVELY DEFAULT FLYING FAIRY HD Remaster,Game,87.54,1773273600,7993,921,1911
Square Enix,1004640,FINAL FANTASY TACTICS - The Ivalice Chronicles,Game,87.17,1759190400,45725,932,21010
Square Enix,1647550,NEO: The World Ends with You,Game,87.12,1666137600,10233,23,258
Square Enix,2552450,KINGDOM HEARTS III + Re Mind (DLC),Game,86.99,1718236800,16166,412,1274
Square Enix,1608070,CRISIS CORE –FINAL FANTASY VII– REUNION,Game,86.98,1670889600,54424,146,9648
Square Enix,595520,FINAL FANTASY XII THE ZODIAC AGE,Game,86.95,1517443200,67452,486,8386
Square Enix,359870,FINAL FANTASY X/X-2 HD Remaster,Game,86.9,1463011200,106087,959,13263
Square Enix,1113560,NieR Replicant™ ver.1.22474487139...,Game,86.46,1619136000,140893,427,28684
Square Enix,1462040,FINAL FANTASY VII REMAKE INTERGRADE,Game,86.32,1655424000,152809,2017,13803
Square Enix,524220,NieR:Automata™,Game,86.28,1489708800,516846,1288,23908
Square Enix,2452080,SaGa Frontier 2 Remastered,Game,86.14,1743033600,6090,19,2058
Square Enix,613830,CHRONO TRIGGER®,Game,86.05,1519689600,46905,269,1774
Square Enix,39150,FINAL FANTASY VIII,Game,85.83,1386201600,32408,133,4470
Square Enix,1295270,SaGa Frontier Remastered,Game,85.68,1618444800,10053,21,2590
Square Enix,1173810,FINAL FANTASY V,Game,85.65,1636502400,9712,115,3953
Square Enix,2436570,DRAGON QUEST BUILDERS,Game,85.41,1707782400,7130,124,711
Square Enix,2499860,DRAGON QUEST VII Reimagined,Game,85.36,1770249600,22804,544,27390
Square Enix,39210,FINAL FANTASY XIV Online,Game,85.33,1392681600,147310,18527,95150
Square Enix,4165230,Drakengard 3 Original Soundtrack,Music,85.04,1766016000,0,0,0
Square Enix,921570,OCTOPATH TRAVELER™,Game,83.87,1559865600,156525,398,6177
Square Enix,2552430,KINGDOM HEARTS -HD 1.5+2.5 ReMIX-,Game,83.48,1718236800,33723,2140,11152
Square Enix,742120,DRAGON QUEST® XI: Echoes of an Elusive Age™ - Digital Edition of Light,Game,83.32,1536019200,43721,26,11793
Square Enix,230330,FINAL FANTASY® XI: Ultimate Collection Seekers Edition,Game,82.47,1366329600,4277,34,62
Square Enix,1016870,FINAL FANTASY XIV: Shadowbringers,DLC,82.45,1562025600,0,0,0
Square Enix,637650,FINAL FANTASY XV WINDOWS EDITION,Game,81.98,1520294400,256245,606,29498
Square Enix,2893570,DRAGON QUEST I & II HD-2D Remake,Game,81.44,1761782400,23050,317,15608
Square Enix,2014380,LIVE A LIVE,Game,81.43,1682553600,12831,23,472
Square Enix,1358700,STRANGER OF PARADISE FINAL FANTASY ORIGIN,Game,81.07,1680739200,28022,160,2544
Square Enix,312750,Final Fantasy IV (3D Remake),Game,81.02,1410912000,17896,73,667
Square Enix,1103740,DFF NT: Tifa Lockhart Starter Pack,DLC,80.28,1562025600,0,0,0
Square Enix,382900,FINAL FANTASY VI (Old ver.),Game,79.63,1450224000,19537,11,577
Square Enix,1793030,Romancing SaGa -Minstrel Song- Remastered,Game,79.4,1669852800,5463,27,2410
Square Enix,239120,Final Fantasy III (3D Remake),Game,79.33,1401148800,21445,70,792
Square Enix,1592500,FINAL FANTASY XIV: Endwalker,DLC,79.18,1638835200,0,0,0
Square Enix,1173780,FINAL FANTASY II,Game,79.15,1627430400,5439,114,1612
Square Enix,23310,The Last Remnant™,Game,78.76,1239235200,18257,15,1544
Square Enix,977610,FINAL FANTASY XV EPISODE ARDYN,DLC,78.36,1553558400,0,0,0
Square Enix,1446650,BRAVELY DEFAULT II,Game,78.07,1630540800,27062,99,2220
Square Enix,2552440,KINGDOM HEARTS HD 2.8 Final Chapter Prologue,Game,77.74,1718236800,9654,80,208
Square Enix,2515020,FINAL FANTASY XVI,Game,77.46,1726531200,70425,1272,27508
Square Enix,1850510,TRIANGLE STRATEGY,Game,77.44,1665619200,33229,106,2489
Square Enix,345350,LIGHTNING RETURNS™: FINAL FANTASY® XIII,Game,76.71,1449705600,63762,45,2503
Square Enix,1113570,Voice of Cards: The Isle Dragon Roars,Game,76.65,1635379200,18988,4,1259
Square Enix,671210,FINAL FANTASY XV WINDOWS EDITION PLAYABLE DEMO,Demo,76.39,1519603200,0,5,6082
Square Enix,1612780,The Centennial Case : A Shijima Story,Game,76.17,1652313600,11882,2,873
Square Enix,2490990,Visions of Mana,Game,75.8,1724889600,33527,64,6976
Square Enix,3014320,OCTOPATH TRAVELER 0,Game,75.54,1764806400,23651,521,14046
Square Enix,989550,Million Arthur: Arcana Blood,Game,75.52,1560988800,6457,0,85
Square Enix,580600,NieR:Automata™ - 3C3C1D119440927,DLC,75.37,1493683200,0,0,0
Square Enix,2909400,FINAL FANTASY VII REBIRTH,Game,75.26,1737590400,77441,2336,40564
Square Enix,39110,SEASON OF MYSTERY: The Cherry Blossom Murders,Game,75.18,1265241600,677,1,69
Square Enix,2701660,DRAGON QUEST III HD-2D Remake,Game,75.01,1731542400,33132,233,45357
Square Enix,1175830,Legend of Mana,Game,74.92,1624492800,22244,7,1479
Square Enix,1816300,HARVESTELLA,Game,74.88,1667520000,34175,72,3395
Square Enix,952540,Romancing SaGa 3™,Game,74.64,1573430400,8064,26,1336
Square Enix,230350,FINAL FANTASY®  XI: Ultimate Collection Seekers Edition,Game,74.46,1366329600,2051,3,19
Square Enix,552700,WORLD OF FINAL FANTASY®,Game,74.35,1511222400,39471,37,1295
Square Enix,1906031,The Centennial Case: A Shijima Story BEHIND THE SCENES,DLC,74.19,1652313600,0,0,0
Square Enix,382890,FINAL FANTASY V (Old ver.),Game,73.88,1443052800,11007,7,683
Square Enix,2021210,DRAGON QUEST TREASURES,Game,73.84,1689292800,6752,14,562
Square Enix,292120,FINAL FANTASY® XIII,Game,73.75,1412812800,72214,506,8320
Square Enix,1642620,COLLECTION of SaGa FINAL FANTASY LEGEND,Game,73.68,1634774400,3727,4,123
Square Enix,2744050,FINAL FANTASY XVI Echoes of the Fallen,DLC,73.54,1726531200,0,0,0
Square Enix,2175540,DRAGON QUEST MONSTERS: The Dark Prince,Game,73.33,1726012800,8920,110,3042
Square Enix,686720,SaGa SCARLET GRACE: AMBITIONS™,Game,73.17,1533168000,3145,6,317
Square Enix,1026680,FINAL FANTASY VIII - REMASTERED,Game,72.99,1567468800,25686,222,3068
Square Enix,2085000,SaGa Emerald Beyond,Game,72.37,1714003200,4775,17,1698
Square Enix,3365640,FINAL FANTASY VI PIXEL REMASTER Original Soundtrack,Music,72.17,1737590400,0,0,0
Square Enix,1022497,DFF NT: One-Winged Angel Appearance Set for Sephiroth,DLC,72.17,1552348800,0,0,0
Square Enix,1890740,Voice of Cards: The Beasts of Burden,Game,71.66,1663027200,3270,2,92
Square Enix,1451090,Tactics Ogre: Reborn,Game,71.57,1668124800,41792,220,10677
Square Enix,3514130,NieR:Automata Original Soundtrack,Music,71.48,1741824000,0,0,0
Square Enix,536930,MOBIUS FINAL FANTASY™,Game,71.41,1486339200,35726,0,9443
Square Enix,1393370,Actraiser Renaissance,Game,71.39,1632355200,8747,5,987
Square Enix,1236290,Voice of Cards: The Isle Dragon Roars Grimoire Weiss Board,DLC,70.84,1635379200,0,0,0
Square Enix,1358750,勇者鬥惡龍X　覺醒的五種族　OFFLINE,Game,70.64,1663113600,4249,25,3538
Square Enix,3372340,FINAL FANTASY XV Original Soundtrack,Music,69.44,1737590400,0,0,0
Square Enix,3514270,NieR:Automata Arranged & Unreleased Tracks,Music,69.2,1741824000,0,0,0
Square Enix,3514210,NieR Orchestral Arrangement Album - Addendum,Music,69.2,1741824000,0,0,0
Square Enix,3372140,FINAL FANTASY XIII Original Soundtrack,Music,69.2,1737590400,0,0,0
Square Enix,3365710,FINAL FANTASY IX Original Soundtrack,Music,69.2,1737590400,0,0,0
Square Enix,3365600,FINAL FANTASY IV PIXEL REMASTER Original Soundtrack,Music,69.2,1737590400,0,0,0
Square Enix,1277250,Voice of Cards: The Isle Dragon Roars Emil Avatar,DLC,69.2,1635379200,0,0,0
Square Enix,1215130,Voice of Cards: The Isle Dragon Roars Emil Dice,DLC,69.2,1635379200,0,0,0
Square Enix,1153310,Voice of Cards: The Isle Dragon Roars Library Desk,DLC,69.2,1635379200,0,0,0
Square Enix,1022460,DFF NT: Squall Leonhart Starter Pack,DLC,69.2,1552348800,0,0,0
Square Enix,692360,Tales of Wedding Rings VR,Game,68.83,1537747200,3006,0,5
Square Enix,3365650,FINAL FANTASY VII REMAKE Original Soundtrack,Music,68.15,1737590400,0,0,0
Square Enix,3257600,DRAGON QUEST VII Reimagined: The Road of Regal Wretches,DLC,68.15,1770249600,0,0,0
Square Enix,1157930,Voice of Cards: The Isle Dragon Roars Devola's Music,DLC,68.15,1635379200,0,0,0
Square Enix,609150,STAR OCEAN™ - THE LAST HOPE -™ 4K & Full HD Remaster,Game,68.02,1511827200,23985,24,1330
Square Enix,2886900,FINAL FANTASY XVI Expansion Pass,DLC,67.97,1726531200,0,0,0
Square Enix,574050,DRAGON QUEST HEROES™ II,Game,67.63,1493078400,22224,4,847
Square Enix,1819222,Forspoken: In Tanta We Trust,DLC,67.13,1685059200,0,0,0
Square Enix,4270250,FINAL FANTASY VII Original Soundtrack,Music,67.06,1769731200,0,0,0
Square Enix,4179300,KILLER INN Special Supporter Upgrade,DLC,67.06,1770854400,0,0,0
Square Enix,3518720,NieR Re[in]carnation Original Soundtrack: The People and the World,Music,67.06,1745884800,0,0,0
Square Enix,3514300,Piano Collections NieR:Automata,Music,67.06,1741824000,0,0,0
Square Enix,3378690,DRAGON QUEST VII Reimagined: Jam-Packed Swag Bag,DLC,67.06,1770249600,0,0,0
Square Enix,3378680,DRAGON QUEST VII Reimagined: Luminary's Livery,DLC,67.06,1770249600,0,0,0
Square Enix,3372350,FINAL FANTASY XVI Original Soundtrack,Music,67.06,1737590400,0,0,0
Square Enix,3372150,FINAL FANTASY XIII Original Soundtrack PLUS,Music,67.06,1737590400,0,0,0
Square Enix,1291631,Voice of Cards: The Isle Dragon Roars Pixel Art Set,DLC,67.06,1635379200,0,0,0
Square Enix,1022507,DFF NT: Scion Healer's Robe Appearance Set for Y'shtola,DLC,67.06,1552348800,0,0,0
Square Enix,1022469,DFF NT: Y'shtola Starter Pack,DLC,67.06,1552348800,0,0,0
Square Enix,1022468,DFF NT: Lightning Starter Pack,DLC,67.06,1552348800,0,0,0
Square Enix,1022392,DFF NT: Yuna Starter Pack,DLC,67.06,1552348800,0,0,0
Square Enix,1022330,DFF NT: Vayne Carudas Solidor Starter Pack,DLC,67.06,1552348800,0,0,0
Square Enix,771560,FFXV WINDOWS EDITION 4K Resolution Pack,DLC,67.06,1520294400,0,0,0
Square Enix,637670,Secret of Mana,Game,66.81,1518652800,42614,18,3261
Square Enix,1451080,DUNGEON ENCOUNTERS,Game,66.77,1634169600,3116,6,931
Square Enix,2337570,STRANGER OF PARADISE FINAL FANTASY ORIGIN - Deluxe Upgrade,DLC,66.76,1680739200,0,0,0
Square Enix,3514150,NieR Replicant ver.1.22474487139... Original Soundtrack,Music,66.33,1741824000,0,0,0
Square Enix,1638370,FINAL FANTASY III: OST & Wallpaper,DLC,65.86,1627430400,0,0,0
Square Enix,1776380,STAR OCEAN THE DIVINE FORCE,Game,65.4,1666828800,24926,23,4420
Square Enix,3399450,FINAL FANTASY VII REBIRTH Original Soundtrack,Music,65.03,1737590400,0,0,0
Square Enix,549720,KINGSGLAIVE FINAL FANTASY XV  日本語字幕版,Video,64.78,1468022400,132,0,5
Square Enix,2012970,The Centennial Case: A Shijima Story 4K Video Pack,DLC,64.78,1655769600,0,0,0
Square Enix,1056400,DFF NT: Zenos yae Galvus Starter Pack,DLC,64.78,1554854400,0,0,0
Square Enix,606370,Romancing SaGa 2™,Game,64.76,1513296000,4990,8,216
Square Enix,2744060,FINAL FANTASY XVI The Rising Tide,DLC,64.69,1726531200,0,0,0
Square Enix,4267420,NieR:Orchestra Concert re:12024 [ the end of data ] Music CD,Music,64.08,1768867200,0,0,0
Square Enix,3514290,Piano Collections NieR Gestalt & Replicant,Music,64.08,1741824000,0,0,0
Square Enix,3514230,NieR Re[in]carnation Original Soundtrack,Music,64.08,1741824000,0,0,0
Square Enix,3514180,NieR Gestalt & Replicant Orchestral Arrangement Album,Music,64.08,1741824000,0,0,0
Square Enix,3372320,GROWING LIGHT: FINAL FANTASY XIV Original Soundtrack,Music,64.08,1737590400,0,0,0
Square Enix,3372210,LIGHTNING RETURNS:FINAL FANTASY XIII Original Soundtrack PLUS,Music,64.08,1737590400,0,0,0
Square Enix,3365720,FINAL FANTASY IX Original Soundtrack PLUS,Music,64.08,1737590400,0,0,0
Square Enix,3365590,FINAL FANTASY III PIXEL REMASTER Original Soundtrack,Music,64.08,1737590400,0,0,0
Square Enix,3365580,FINAL FANTASY II PIXEL REMASTER Original Soundtrack,Music,64.08,1737590400,0,0,0
Square Enix,3365570,FINAL FANTASY I PIXEL REMASTER Original Soundtrack,Music,64.08,1737590400,0,0,0
Square Enix,1818700,Voice of Cards: The Forsaken Maiden Puppets' Costume,DLC,64.08,1645056000,0,0,0
Square Enix,1103751,DFF NT: Imperial Court Attire Appearance Set for Zenos yae Galvus,DLC,64.08,1562025600,0,0,0
Square Enix,1022510,DFF NT: Akademeia Summer Uniform Appearance Set for Ace,DLC,64.08,1552348800,0,0,0
Square Enix,1022494,DFF NT: Benevolent Maiden Appearance Set for Terra Branford,DLC,64.08,1552348800,0,0,0
Square Enix,1022477,DFF NT: Bladewielder Appearance Set for Onion Knight,DLC,64.08,1552348800,0,0,0
Square Enix,1022447,DFF NT: Kefka Palazzo Starter Pack,DLC,64.08,1552348800,0,0,0
Square Enix,1022446,DFF NT: Terra Branford Starter Pack,DLC,64.08,1552348800,0,0,0
Square Enix,1022443,DFF NT: Golbez Starter Pack,DLC,64.08,1552348800,0,0,0
Square Enix,1022438,DFF NT: Emperor Starter Pack,DLC,64.08,1552348800,0,0,0
Square Enix,1022437,DFF NT: Firion Starter Pack,DLC,64.08,1552348800,0,0,0
Square Enix,1022395,DFF NT: Snow Villiers Starter Pack,DLC,64.08,1552348800,0,0,0
Square Enix,1022366,DFF NT: Kam'lanaut Starter Pack,DLC,64.08,1552348800,0,0,0
Square Enix,1223840,ドラゴンクエストライバルズ エース,Game,63.43,1592697600,459,0,2552
Square Enix,1748660,Voice of Cards: The Forsaken Maiden,Game,63.33,1645056000,3831,0,212
Square Enix,3995580,DRAGON QUEST VII Reimagined: Additional DLC Sets,DLC,62.51,1770249600,0,0,0
Square Enix,3514250,NieR Replicant ver.1.22474487139... Choir Arrangement Album,Music,62.51,1741824000,0,0,0
Square Enix,3372360,FINAL FANTASY XVI - Original DLC Soundtrack - From Spire to Sea,Music,62.51,1737590400,0,0,0
Square Enix,2051320,STAR OCEAN THE DIVINE FORCE DIGITAL DELUXE UPGRADE,DLC,62.51,1666828800,0,0,0
Square Enix,1103741,DFF NT: Leather Suit Appearance Set for Tifa Lockhart,DLC,62.51,1562025600,0,0,0
Square Enix,1022448,DFF NT: Cloud Strife Starter Pack,DLC,62.51,1552348800,0,0,0
Square Enix,1680880,Forspoken,Game,61.73,1674518400,75610,37,12579
Square Enix,1963210,VALKYRIE ELYSIUM,Game,61.48,1668124800,34333,3,760
Square Enix,340170,FINAL FANTASY TYPE-0™ HD,Game,61.13,1439856000,44995,10,2673
Square Enix,1748920,勇者鬥惡龍X　沉睡的勇者與引導的盟友　OFFLINE,DLC,61.1,1684972800,0,0,0
Square Enix,346830,FINAL FANTASY IV: THE AFTER YEARS,Game,60.7,1431302400,7444,15,271
Square Enix,23300,Yosumin!™,Game,60.5,1243296000,319,0,39
Square Enix,1133760,CHRONO CROSS: THE RADICAL DREAMERS EDITION,Game,60.19,1649289600,21385,67,2637
Square Enix,1278450,Voice of Cards: The Isle Dragon Roars Dress of the Bereft,DLC,59.97,1635379200,0,0,0
Square Enix,2484110,FINAL FANTASY VII EVER CRISIS,Game,59.95,1701907200,12424,464,4756
Square Enix,312060,FINAL FANTASY XIV Online Free Trial,Demo,59.62,1377561600,0,806,4290
Square Enix,3792410,Legend of Mana Remastered: The Soundtrack,Music,59.6,1750896000,0,0,0
Square Enix,1213330,DFF NT: Ardyn Izunia Starter Pack,DLC,59.6,1578441600,0,0,0
Square Enix,4270150,FINAL FANTASY VII REBIRTH ACOUSTIC ARRANGEMENTS,Music,59.42,1769731200,0,0,0
Square Enix,4267470,FINAL FANTASY VII REMAKE ACOUSTIC ARRANGEMENTS,Music,59.42,1769731200,0,0,0
Square Enix,4165200,Drakengard 3 Original Soundtrack,Music,59.42,1766016000,0,0,0
Square Enix,3956250,WAR OF THE VISIONS FINAL FANTASY BRAVE EXVIUS Original Soundtrack,Music,59.42,1761004800,0,0,0
Square Enix,3792440,VISIONS of MANA Original Soundtrack,Music,59.42,1750896000,0,0,0
Square Enix,3514280,NieR:Automata Orchestral Arrangement Album,Music,59.42,1741824000,0,0,0
Square Enix,3514240,NieR Re[in]carnation Original Soundtrack: The Sun and the Moon,Music,59.42,1741824000,0,0,0
Square Enix,3514160,NieR Gestalt & Replicant 15 Nightmares & Arrange Tracks,Music,59.42,1741824000,0,0,0
Square Enix,3498630,#SQkawaii Sounds -FINAL FANTASY-,Music,59.42,1741046400,0,0,0
Square Enix,3372330,DAWNTRAIL: FINAL FANTASY XIV Original Soundtrack,Music,59.42,1737590400,0,0,0
Square Enix,3372290,SHADOWBRINGERS: FINAL FANTASY XIV Original Soundtrack,Music,59.42,1737590400,0,0,0
Square Enix,3372200,LIGHTNING RETURNS:FINAL FANTASY XIII ORIGINAL SOUNDTRACK,Music,59.42,1737590400,0,0,0
Square Enix,3365670,FINAL FANTASY VII REMAKE Original Soundtrack Plus,Music,59.42,1737590400,0,0,0
Square Enix,2130435,Infinity Strash Dragon Quest: Memory Bond: The Hero's Tutor,DLC,59.42,1695859200,0,0,0
Square Enix,2130432,Infinity Strash: DRAGON QUEST The Adventure of Dai - Legendary Martial Artist Outfit,DLC,59.42,1695859200,0,0,0
Square Enix,2130431,Infinity Strash: DRAGON QUEST The Adventure of Dai - Legendary Priest Outfit,DLC,59.42,1695859200,0,0,0
Square Enix,1924837,Voice of Cards: The Beasts of Burden Pixel Art Set,DLC,59.42,1663027200,0,0,0
Square Enix,1924836,Voice of Cards: The Beasts of Burden Aid Table,DLC,59.42,1663027200,0,0,0
Square Enix,1924835,Voice of Cards: The Beasts of Burden Melody of Reincarnation,DLC,59.42,1663027200,0,0,0
Square Enix,1924834,Voice of Cards: The Beasts of Burden Decoration of Those in the Cage,DLC,59.42,1663027200,0,0,0
Square Enix,1924833,Voice of Cards: The Beasts of Burden Story Collectors' Dice,DLC,59.42,1663027200,0,0,0
Square Enix,1924832,Voice of Cards: The Beasts of Burden The Cage Board,DLC,59.42,1663027200,0,0,0
Square Enix,1924831,Voice of Cards: The Beasts of Burden Handbook Pattern,DLC,59.42,1663027200,0,0,0
Square Enix,1924830,Voice of Cards: The Beasts of Burden Mama Avatar,DLC,59.42,1663027200,0,0,0
Square Enix,1822650,BABYLON'S FALL Digital Deluxe Upgrade,DLC,59.42,1646265600,0,0,0
Square Enix,1818890,Voice of Cards: The Forsaken Maiden Pixel Art Set,DLC,59.42,1645056000,0,0,0
Square Enix,1818705,Voice of Cards: The Forsaken Maiden Resistance Jukebox,DLC,59.42,1645056000,0,0,0
Square Enix,1818703,Voice of Cards: The Forsaken Maiden Machine Lifeform Table,DLC,59.42,1645056000,0,0,0
Square Enix,1818702,Voice of Cards: The Forsaken Maiden The Copied City Board,DLC,59.42,1645056000,0,0,0
Square Enix,1818701,Voice of Cards: The Forsaken Maiden YoRHa Emblem,DLC,59.42,1645056000,0,0,0
Square Enix,1818620,Voice of Cards: The Forsaken Maiden 2B Avatar,DLC,59.42,1645056000,0,0,0
Square Enix,1213353,DFF NT: Safer Sephiroth Appearance Set & 5th Weapon for Sephiroth,DLC,59.42,1578441600,0,0,0
Square Enix,1195331,DFF NT: Scion Sorceress's Robe App. Set & 5th Weapon for Y'shtola,DLC,59.42,1575417600,0,0,0
Square Enix,1195330,DFF NT: Knight in Shining Armor App. Set & Weapon for Warrior of Light,DLC,59.42,1575417600,0,0,0
Square Enix,1176681,DFF NT: Otherworldly Garb App. Set & 5th Weapon for Noctis,DLC,59.42,1572998400,0,0,0
Square Enix,1052700,DFFNT: The Espers' Progeny App. Set & 5th Weapon for Terra Branford,DLC,59.42,1553472000,0,0,0
Square Enix,1022514,"DFF NT: Truth Seeker, Y'shtola's EX weapon",DLC,59.42,1552348800,0,0,0
Square Enix,1022513,"DFF NT: Crimson Blitz, Lightning's 4th Weapon",DLC,59.42,1552348800,0,0,0
Square Enix,1022512,"DFF NT: Overture, Lightning's EX weapon",DLC,59.42,1552348800,0,0,0
Square Enix,1022511,"DFF NT: Fusion Sword, Cloud Strife's EX weapon",DLC,59.42,1552348800,0,0,0
Square Enix,1022509,DFF NT: Virtuous Mercenary Appearance Set for Ramza Beoulve,DLC,59.42,1552348800,0,0,0
Square Enix,1022508,DFF NT: Kingly Raiment Appearance Set for Noctis Lucis Caelum,DLC,59.42,1552348800,0,0,0
Square Enix,1022506,DFF NT: Knight of Etro Appearance Set for Lightning,DLC,59.42,1552348800,0,0,0
Square Enix,1022505,DFF NT: Conflicted Hero Appearance Set for Vaan,DLC,59.42,1552348800,0,0,0
Square Enix,1022504,DFF NT: Ministerial Vestiture Appearance Set for Shantotto,DLC,59.42,1552348800,0,0,0
Square Enix,1022503,DFF NT: Away Uniform Appearance Set for Jecht,DLC,59.42,1552348800,0,0,0
Square Enix,1022502,DFF NT: Zanarkand Abes Uniform Appearance Set for Tidus,DLC,59.42,1552348800,0,0,0
Square Enix,1022501,DFF NT: Cloaked Anchorite Appearance Set for Kuja,DLC,59.42,1552348800,0,0,0
Square Enix,1022500,DFF NT: Pluto Uniform Appearance Set for Zidane Tribal,DLC,59.42,1552348800,0,0,0
Square Enix,1022499,DFF NT: Edea's Corpse Appearance Set for Ultimecia,DLC,59.42,1552348800,0,0,0
Square Enix,1022498,DFF NT: SeeD Uniform Appearance Set for Squall Leonhart,DLC,59.42,1552348800,0,0,0
Square Enix,1022496,DFF NT: Cloudy Wolf Appearance Set for Cloud Strife,DLC,59.42,1552348800,0,0,0
Square Enix,1022495,DFF NT: Snobbish Turban Appearance Set for Kefka Palazzo,DLC,59.42,1552348800,0,0,0
Square Enix,1022493,DFF NT: Root of Evil Appearance Set for Exdeath,DLC,59.42,1552348800,0,0,0
Square Enix,1022492,DFF NT: Freelancer Appearance Set for Bartz Klauser,DLC,59.42,1552348800,0,0,0
Square Enix,1022491,DFF NT: Golbez Reimagined Appearance Set for Golbez,DLC,59.42,1552348800,0,0,0
Square Enix,1022490,DFF NT: Sanctifying Dragoon Appearance Set for Kain Highwind,DLC,59.42,1552348800,0,0,0
Square Enix,1022479,DFF NT: Cecil Reimagined Appearance Set for Cecil Harvey,DLC,59.42,1552348800,0,0,0
Square Enix,1022478,DFF NT: Lucent Robe Appearance Set for Cloud of Darkness,DLC,59.42,1552348800,0,0,0
Square Enix,1022476,DFF NT: Violet Robe Appearance Set for the Emperor,DLC,59.42,1552348800,0,0,0
Square Enix,1022475,DFF NT: Resolute Rebel Appearance Set for Firion,DLC,59.42,1552348800,0,0,0
Square Enix,1022474,DFF NT: Hardened Zealot Appearance Set for Garland,DLC,59.42,1552348800,0,0,0
Square Enix,1022473,DFF NT: Fledgling Warrior Appearance Set for Warrior of Light,DLC,59.42,1552348800,0,0,0
Square Enix,1022472,DFF NT: Ace Starter Pack,DLC,59.42,1552348800,0,0,0
Square Enix,1022471,DFF NT: Ramza Beoulve Starter Pack,DLC,59.42,1552348800,0,0,0
Square Enix,1022467,DFF NT: Vaan Starter Pack,DLC,59.42,1552348800,0,0,0
Square Enix,1022466,DFF NT: Shantotto Starter Pack,DLC,59.42,1552348800,0,0,0
Square Enix,1022465,DFF NT: Jecht Starter Pack,DLC,59.42,1552348800,0,0,0
Square Enix,1022464,DFF NT: Tidus Starter Pack,DLC,59.42,1552348800,0,0,0
Square Enix,1022463,DFF NT: Kuja Starter Pack,DLC,59.42,1552348800,0,0,0
Square Enix,1022462,DFF NT: Zidane Tribal Starter Pack,DLC,59.42,1552348800,0,0,0
Square Enix,1022461,DFF NT: Ultimecia Starter Pack,DLC,59.42,1552348800,0,0,0
Square Enix,1022445,DFF NT: Exdeath Starter Pack,DLC,59.42,1552348800,0,0,0
Square Enix,1022444,DFF NT: Bartz Klauser Starter Pack,DLC,59.42,1552348800,0,0,0
Square Enix,1022442,DFF NT: Kain Highwind Starter Pack,DLC,59.42,1552348800,0,0,0
Square Enix,1022441,DFF NT: Cecil Harvey Starter Pack,DLC,59.42,1552348800,0,0,0
Square Enix,1022440,DFF NT: Cloud of Darkness Starter Pack,DLC,59.42,1552348800,0,0,0
Square Enix,1022439,DFF NT: Onion Knight Starter Pack,DLC,59.42,1552348800,0,0,0
Square Enix,1022436,DFF NT: Garland Starter Pack,DLC,59.42,1552348800,0,0,0
Square Enix,1022435,DFF NT: Warrior of Light Starter Pack,DLC,59.42,1552348800,0,0,0
Square Enix,1022424,"DFF NT: Orichalcum, Zidane Tribal's 4th Weapon",DLC,59.42,1552348800,0,0,0
Square Enix,1022418,"DFF NT: Zantetsuken, Terra Branford's 4th Weapon",DLC,59.42,1552348800,0,0,0
Square Enix,1022401,"DFF NT: Zanmato, Garland's 4th Weapon",DLC,59.42,1552348800,0,0,0
Square Enix,1022361,DFF NT: Rinoa Heartilly Starter Pack,DLC,59.42,1552348800,0,0,0
Square Enix,1022344,DFF NT: Locke Cole Starter Pack,DLC,59.42,1552348800,0,0,0
Square Enix,1818430,Forspoken: Deluxe Upgrade,DLC,58.75,1674518400,0,0,0
Square Enix,2252220,DRAGON QUEST TREASURES - Digital Deluxe Upgrade,DLC,58.33,1689292800,0,0,0
Square Enix,660570,Million Arthur VR: Character Command RPG,Game,57.96,1507766400,301,0,4
Square Enix,292140,FINAL FANTASY® XIII-2,Game,57.87,1418256000,31154,102,1883
Square Enix,504730,MOBIUS FINAL FANTASY®,Game,57.86,1477872000,1260,0,2282
Square Enix,1638380,FINAL FANTASY IV: OST & Wallpaper,DLC,57.82,1631059200,0,0,0
Square Enix,3372120,FINAL FANTASY X Original Soundtrack,Music,57.39,1737590400,0,0,0
Square Enix,1103750,"DFF NT: Legatus of the XIIth,  Zenos yae Galvus's Extra Appearance",DLC,57.39,1562025600,0,0,0
Square Enix,896680,WORLD OF FINAL FANTASY® MAXIMA Upgrade,DLC,56.57,1541462400,0,0,0
Square Enix,3837340,FINAL FANTASY VII,Game,56.07,1374624000,1025,389,843
Square Enix,3518710,NieR:Piano Journeys,Music,55.69,1744675200,0,0,0
Square Enix,3514190,NieR Gestalt & Replicant Original Soundtrack,Music,55.69,1741824000,0,0,0
Square Enix,3372170,FINAL FANTASY XIII-2 Original Soundtrack PLUS,Music,55.69,1737590400,0,0,0
Square Enix,1982540,The DioField Chronicle Digital Artbook,Music,55.69,1663804800,0,0,0
Square Enix,1022449,DFF NT: Sephiroth Starter Pack,DLC,55.69,1552348800,0,0,0
Square Enix,1638320,FINAL FANTASY II: OST & Wallpaper,DLC,55.66,1627430400,0,0,0
Square Enix,2738000,FINAL FANTASY XVI DEMO,Demo,54.37,1724025600,0,14,7594
Square Enix,3365610,FINAL FANTASY V PIXEL REMASTER Original Soundtrack,Music,54.17,1737590400,0,0,0
Square Enix,2019520,STAR OCEAN THE DIVINE FORCE ORIGINAL SOUND TRACK DIGITAL DELUXE EDITION,Music,54.17,1666828800,0,0,0
Square Enix,1341050,BALAN WONDERWORLD,Game,53.55,1616716800,6909,3,124
Square Enix,1638400,FINAL FANTASY V: OST & Wallpaper,DLC,53.27,1636502400,0,0,0
Square Enix,23380,Gyromancer,Game,52.06,1258502400,524,1,103
Square Enix,1457790,Voice of Cards: The Isle Dragon Roars Demo,Game,51.97,1632441600,4,0,409
Square Enix,1638280,FINAL FANTASY: OST & Wallpaper,DLC,51.92,1627430400,0,0,0
Square Enix,1399080,The DioField Chronicle,Game,50.77,1663804800,31881,2,1272
Square Enix,1638420,FINAL FANTASY VI: OST & Wallpaper,DLC,50.71,1632960000,0,0,0
Square Enix,3792390,Trials of Mana Remake Original Soundtrack,Music,50.0,1750896000,0,0,0
Square Enix,3681880,FINAL FANTASY TACTICS Complete Soundtrack,Music,50.0,1759190400,0,0,0
Square Enix,3372310,ENDWALKER: FINAL FANTASY XIV Original Soundtrack,Music,50.0,1737590400,0,0,0
Square Enix,3372160,FINAL FANTASY XIII-2 Original Soundtrack,Music,50.0,1737590400,0,0,0
Square Enix,3372130,FINAL FANTASY XII THE ZODIAC AGE ORIGINAL SOUNDTRACK,Music,50.0,1737590400,0,0,0
Square Enix,3365700,FINAL FANTASY VIII Original Soundtrack,Music,50.0,1737590400,0,0,0
Square Enix,2118280,Infinity Strash: DRAGON QUEST The Adventure of Dai - Legendary Hero Outfit,DLC,50.0,1695859200,0,0,0
Square Enix,1022470,DFF NT: Noctis Lucis Caelum Starter Pack,DLC,50.0,1552348800,0,0,0
Square Enix,2649240,FINAL FANTASY XIV: Dawntrail,DLC,49.18,1719878400,0,0,0
Square Enix,2252280,STRANGER OF PARADISE FINAL FANTASY ORIGIN - Season Pass,DLC,47.99,1680739200,0,0,0
Square Enix,1895810,Infinity Strash: DRAGON QUEST The Adventure of Dai,Game,47.23,1697068800,6566,2,488
Square Enix,1598230,KILLER INN,Game,45.4,1770854400,7481,12,817
Square Enix,1048460,DFFNT: Season Pass,DLC,44.87,1552348800,0,0,0
Square Enix,2131710,CRISIS CORE –FINAL FANTASY VII– REUNION Digital Contents,DLC,44.86,1711324800,0,0,0
Square Enix,921590,DISSIDIA FINAL FANTASY NT Free Edition,Game,44.72,1552348800,30753,17,2182
Square Enix,436890,Kai-ri-Sei Million Arthur VR / 乖離性ミリオンアーサー VR,Game,44.48,1495670400,374,0,36
Square Enix,3365690,FINAL FANTASY VII REMAKE INTERGRADE Original Soundtrack,Music,44.31,1737590400,0,0,0
Square Enix,3035480,Visions of Mana: Deluxe Upgrade,DLC,44.31,1724889600,0,0,0
Square Enix,1982530,The DioField Chronicle Original Soundtrack,Music,44.31,1663804800,0,0,0
Square Enix,1263320,Voice of Cards: The Isle Dragon Roars Emil's Pattern,DLC,44.31,1635379200,0,0,0
Square Enix,648600,FINAL FANTASY XV WINDOWS EDITION MOD ORGANIZER,Tool,43.86,1528329600,0,0,61
Square Enix,3825480,OCTOPATH TRAVELER 0 Digital Deluxe Upgrade,DLC,43.71,1764806400,0,0,0
Square Enix,2877050,Visions of Mana: Mana Superstars Costume Set,DLC,42.61,1724889600,0,0,0
Square Enix,889750,BABYLON'S FALL,Game,40.68,1646265600,14633,0,1188
Square Enix,4267220,UNDERTALE: CHITEI DE CHILL,Music,40.58,1769472000,0,0,0
Square Enix,3372280,STORMBLOOD: FINAL FANTASY XIV Original Soundtrack,Music,40.58,1737590400,0,0,0
Square Enix,3372220,Before Meteor: FINAL FANTASY XIV Original Soundtrack,Music,40.58,1737590400,0,0,0
Square Enix,2130434,Infinity Strash: DRAGON QUEST The Adventure of Dai - Legendary Warrior Outfit,DLC,40.58,1695859200,0,0,0
Square Enix,2130433,Infinity Strash: DRAGON QUEST The Adventure of Dai - Legendary Swordsman Outfit,DLC,40.58,1695859200,0,0,0
Square Enix,790540,THE QUIET MAN™,Game,39.23,1541030400,9571,1,127
Square Enix,2055030,VALKYRIE ELYSIUM DIGITAL DELUXE UPGRADE,DLC,37.07,1668124800,0,0,0
Square Enix,1897050,VARIOUS DAYLIFE,Game,36.24,1663027200,3214,0,91
Square Enix,3516770,NieR Replicant -10+1 Years-,Music,35.92,1741824000,0,0,0
Square Enix,2941570,Visions of Mana: Mana Series BGM Bundle,DLC,35.22,1724889600,0,0,0
Square Enix,2191870,STRANGER OF PARADISE FINAL FANTASY ORIGIN Digital Art Book and Digital Mini Soundtrack,DLC,35.22,1680739200,0,0,0
Square Enix,714370,LEFT ALIVE™,Game,33.78,1551744000,38742,2,647
Square Enix,1629890,ディープインサニティ アサイラム,Game,32.07,1634083200,115,0,185
Square Enix,3361450,FINAL FANTASY VII REBIRTH Digital Deluxe Edition Upgrade,DLC,26.19,1737590400,0,0,0
Square Enix,2280000,SQUARE ENIX AI Tech Preview: THE PORTOPIA SERIAL MURDER CASE,Application,21.28,1682208000,1252,0,517
Square Enix,3483510,The Adventures of Elliot: The Millennium Tales,Game,,1781740800,3655,0,0
Square Enix,39250,FINAL FANTASY XI: Ultimate Collection - Abyssea Edition,Game,,0,335,1,41
Square Enix,23390,FINAL FANTASY XI,Game,,0,79,3,15
Square Enix,39260,FINAL FANTASY XI: Ultimate Collection - Abyssea Edition,Game,,0,54,0,16
Square Enix,23360,FINAL FANTASY XI,Game,,0,25,0,3
Square Enix,557430,KINGSGLAIVE (JAPANESE AUDIO),Video,,1468022400,1,0,5
Square Enix,4491300,WAR OF THE VISIONS FINAL FANTASY BRAVE EXVIUS Original Soundtrack Vol. 2,Music,,1774396800,0,0,0
Square Enix,4491290,THE PRIMALS Dark Decades Tour BUDOKAN,Music,,1774310400,0,0,0
Square Enix,4425400,FINAL FANTASY XI Original Soundtrack -PLUS-,Music,,1773273600,0,0,0
Square Enix,4425380,FINAL FANTASY XI Original Soundtrack,Music,,1773273600,0,0,0
Square Enix,4425370,Piano Collections FINAL FANTASY CRYSTAL CHRONICLES,Music,,1773273600,0,0,0
Square Enix,4425360,Piano Collections - FINAL FANTASY XV: Moonlit Melodies,Music,,1773273600,0,0,0
Square Enix,4425350,Piano Collections FINAL FANTASY XIV,Music,,1773273600,0,0,0
Square Enix,4425330,Piano Collections FINAL FANTASY XIII,Music,,1773273600,0,0,0
Square Enix,4425310,Piano Collections FINAL FANTASY XII,Music,,1773273600,0,0,0
Square Enix,4425300,Piano Collections FINAL FANTASY XI,Music,,1773273600,0,0,0
Square Enix,4425290,Piano Collections FINAL FANTASY X,Music,,1773273600,0,0,0
Square Enix,4425250,Piano Collections FINAL FANTASY IX,Music,,1773273600,0,0,0
Square Enix,4425230,Piano Collections FINAL FANTASY VIII,Music,,1773273600,0,0,0
Square Enix,4425210,Piano Collections FINAL FANTASY VII,Music,,1773273600,0,0,0
Square Enix,4417860,Piano Collections FINAL FANTASY VI,Music,,1773273600,0,0,0
Square Enix,4417820,Piano Collections FINAL FANTASY IV,Music,,1773273600,0,0,0
Square Enix,4396490,パラノマサイト FILE38 伊勢人魚物語 Soundtrack,Music,,1773705600,0,0,0
Square Enix,4270430,SQ Relax - Krystelle's Chillwave,Music,,1772496000,0,0,0
Square Enix,4270420,UNDERTALE Piano Arrangement Album - Echoes Beneath,Music,,1771891200,0,0,0
Square Enix,4270220,PARANORMASIGHT: The Seven Mysteries of Honjo Original Soundtrack,Music,,1773705600,0,0,0
Square Enix,4270200,KILLER INN ORIGINAL SOUNDTRACK Vol. 1,Music,,1771459200,0,0,0
Square Enix,4270130,FINAL FANTASY VII REBIRTH Orchestra World Tour LIVE 2024.09.08,Music,,1769731200,0,0,0
Square Enix,4270120,FINAL FANTASY VII REBIRTH Orchestral Arrangement Album,Music,,1769731200,0,0,0
Square Enix,4267260,FINAL FANTASY VII REMAKE Orchestral Arrangement Album,Music,,1769731200,0,0,0
Square Enix,4167820,Pulse: FINAL FANTASY XIV Remix Album Vol. 2 (B-sides),Music,,1766016000,0,0,0
Square Enix,4167810,And Back Again: Live Performances from the FINAL FANTASY XIV Fan Festival 2024,Music,,1766016000,0,0,0
Square Enix,4167800,Forge Ahead: FINAL FANTASY XIV ～ Arrangement Album ～,Music,,1766016000,0,0,0
Square Enix,4167790,Sanctuary's Heart: FINAL FANTASY XIV Chill Arrangement Album (B-sides),Music,,1766016000,0,0,0
Square Enix,4167760,Eorzean Symphony: FINAL FANTASY XIV Orchestral Album Vol. 3 (Concert version),Music,,1766016000,0,0,0
Square Enix,4167220,Eorzean Symphony: FINAL FANTASY XIV Orchestral Album Vol. 3,Music,,1766016000,0,0,0
Square Enix,4167170,Sanctuary's Heart: FINAL FANTASY XIV Chill Arrangement Album,Music,,1766016000,0,0,0
Square Enix,4167130,Scions & Sinners: FINAL FANTASY XIV ～ Arrangement Album ～,Music,,1766016000,0,0,0
Square Enix,4167100,Pulse: FINAL FANTASY XIV Remix Album,Music,,1766016000,0,0,0
Square Enix,4167060,Eorzean Symphony: FINAL FANTASY XIV Orchestral Album Vol. 2 (Concert version),Music,,1766016000,0,0,0
Square Enix,4167030,Eorzean Symphony: FINAL FANTASY XIV Orchestral Album Vol. 2,Music,,1766016000,0,0,0
Square Enix,4167010,Journeys: FINAL FANTASY XIV ～ Arrangement Album ～,Music,,1766016000,0,0,0
Square Enix,4165140,Eorzean Symphony: FINAL FANTASY XIV Orchestral Album (Concert version),Music,,1766016000,0,0,0
Square Enix,4165090,Eorzean Symphony: FINAL FANTASY XIV Orchestral Album,Music,,1766016000,0,0,0
Square Enix,4165070,FINAL FANTASY XIV Duality ～ Arrangement Album ～,Music,,1766016000,0,0,0
Square Enix,4165050,From Astral to Umbral: FINAL FANTASY XIV ～ Arrangement Album ～,Music,,1766016000,0,0,0
Square Enix,4164970,Pulse: FINAL FANTASY XIV Remix Album Vol. 2 (Session 2),Music,,1766016000,0,0,0
Square Enix,4164960,Pulse: FINAL FANTASY XIV Remix Album Vol. 2 (Session 1),Music,,1766016000,0,0,0
Square Enix,3956240,FINAL FANTASY BRAVE EXVIUS Original Soundtrack Vol.4,Music,,1761004800,0,0,0
Square Enix,3956230,FINAL FANTASY BRAVE EXVIUS Original Soundtrack Vol.3,Music,,1761004800,0,0,0
Square Enix,3956220,FINAL FANTASY BRAVE EXVIUS Original Soundtrack Vol.2,Music,,1761004800,0,0,0
Square Enix,3956210,FINAL FANTASY BRAVE EXVIUS Original Soundtrack,Music,,1761004800,0,0,0
Square Enix,3951140,THE PRIMALS - Dark Decades,Music,,1759104000,0,0,0
Square Enix,3951130,THE PRIMALS Live in Japan - Darkest Before Dawn,Music,,1759104000,0,0,0
Square Enix,3951120,THE PRIMALS - Riding Home,Music,,1759104000,0,0,0
Square Enix,3951110,THE PRIMALS Live in Japan - Beyond the Shadow,Music,,1759104000,0,0,0
Square Enix,3951100,THE PRIMALS Zepp Tour 2018 - Trial By Shadow,Music,,1759104000,0,0,0
Square Enix,3951080,THE PRIMALS,Music,,1759104000,0,0,0
Square Enix,3951060,SQ Music Collections,Music,,1758153600,0,0,0
Square Enix,3792400,Secret of Mana Original Soundtrack,Music,,1750896000,0,0,0
Square Enix,3514260,NieR Tribute Album -echo-,Music,,1741824000,0,0,0
Square Enix,3514220,NieR Re[in]carnation Chill Out Arrangement Tracks,Music,,1741824000,0,0,0
Square Enix,3411650,FINAL FANTASY IX Original Soundtrack,Music,,1737590400,0,0,0
Square Enix,3372300,DEATH UNTO DAWN: FINAL FANTASY XIV Original Soundtrack,Music,,1737590400,0,0,0
Square Enix,3372270,THE FAR EDGE OF FATE:FINAL FANTASY XIV Original Soundtrack,Music,,1737590400,0,0,0
Square Enix,3372260,Heavensward: FINAL FANTASY XIV Original Soundtrack,Music,,1737590400,0,0,0
Square Enix,3372250,Before the Fall: FINAL FANTASY XIV Original Soundtrack,Music,,1737590400,0,0,0
Square Enix,3372240,A REALM REBORN : FINAL FANTASY XIV Original Soundtrack,Music,,1737590400,0,0,0
Square Enix,3365620,Piano Collections FINAL FANTASY V,Music,,1773273600,0,0,0
Square Enix,3312940,BALAN WONDERWORLD Original Soundtrack,Music,,1733184000,0,0,0
Square Enix,3014330,OCTOPATH TRAVELER 0 Prologue Demo,Demo,,1762905600,0,18,1158
Square Enix,2989250,Visions of Mana Demo,Demo,,1722297600,0,1,1256
Square Enix,2760480,SaGa Emerald Beyond Demo,Demo,,1712188800,0,0,492
Square Enix,2499870,DRAGON QUEST VII Reimagined Demo,Demo,,1767744000,0,38,6182
Square Enix,2476940,Romancing SaGa 2: Revenge of the Seven Demo,Demo,,1726704000,0,0,1851
Square Enix,2441280,STAR OCEAN THE SECOND STORY R - DEMO,Demo,,1694649600,0,4,464
Square Enix,2257470,LIVE A LIVE: Demo Version,Demo,,1680134400,0,0,78
Square Enix,2203230,OCTOPATH TRAVELER II Prologue Demo,Demo,,1675900800,0,2,1376
Square Enix,2130430,Infinity Strash: DRAGON QUEST The Adventure of Dai - Legendary Mage Outfit,DLC,,1695859200,0,0,0
Square Enix,2066830,CRISIS CORE –FINAL FANTASY VII– REUNION -SOLDIER MATERIA SET,DLC,,0,0,0,0
Square Enix,2060400,ドラゴンクエストX　目覚めし五つの種族　オフライン　体験版,Demo,,1666828800,0,0,115
Square Enix,2022283,STAR OCEAN THE DIVINE FORCE: Lionheart's Blutgang,DLC,,1666828800,0,0,0
Square Enix,1953451,The DioField Chronicle Digital Deluxe Edition Early Purchase Bonus,DLC,,0,0,0,0
Square Enix,1953450,The DioField Chronicle Digital Deluxe Edition Content,DLC,,0,0,0,0
Square Enix,1839730,The Centennial Case : A Shijima Story  (DEMO),Demo,,1663027200,0,0,13
Square Enix,1824000,BABYLON'S FALL Empress' Insignia,DLC,,0,0,0,0
Square Enix,1818704,Voice of Cards: The Forsaken Maiden Automata Dice,DLC,,1645056000,0,0,0
Square Enix,1781970,BABYLON'S FALL DEMO,Demo,,0,0,0,47
Square Enix,1454740,BALAN WONDERWORLD Demo,Demo,,1611792000,0,0,324
Square Enix,1295550,DRAGON QUEST XI S: Echoes of an Elusive Age - Definitive Edition DEMO,Demo,,1604275200,0,6,1442
Square Enix,1250622,DFF NT: 3rd Appearance Special Set for Emperor and Cloud of Darkness,DLC,,1583280000,0,0,0
Square Enix,1250621,DFF NT: Void Ruler Appearance Set & 5th Weapon for Cloud of Darkness,DLC,,1583280000,0,0,0
Square Enix,1250620,DFF NT: Hell's Remnant Appearance Set & 5th Weapon for Emperor,DLC,,1583280000,0,0,0
Square Enix,1229952,DFF NT: 3rd Appearance Special Set for Kain Highwind and Vaan,DLC,,1580860800,0,0,0
Square Enix,1229951,DFF NT: Sky Pirate Garb Appearance Set & 5th Weapon for Vaan,DLC,,1580860800,0,0,0
Square Enix,1229950,DFF NT: The Wanderer Appearance Set & 5th Weapon for Kain Highwind,DLC,,1580860800,0,0,0
Square Enix,1223730,Trials of Mana Demo,Demo,,1584489600,0,0,1462
Square Enix,1213355,DFF NT: 3rd Appearance Special Set for Sephiroth and Rinoa Heartilly,DLC,,1578441600,0,0,0
Square Enix,1213354,DFF NT: Wings of Love Appearance Set & 5th Weapon for Rinoa Heartilly,DLC,,1578441600,0,0,0
Square Enix,1213332,"DFF NT: Blade of Ruin, Ardyn Izunia's 4th Weapon",DLC,,1578441600,0,0,0
Square Enix,1213331,DFF NT: The Devotee's Raiment Appearance Set for Ardyn Izunia,DLC,,1578441600,0,0,0
Square Enix,1195332,DFF NT: 3rd Appearance Special Set for Warrior of Light and Y'shtola,DLC,,1575417600,0,0,0
Square Enix,1176682,DFF NT: 3rd Appearance Special Set for Shantotto and Noctis,DLC,,1572998400,0,0,0
Square Enix,1176680,DFF NT: Wedding Dress App. Set & 5th Weapon for Shantotto,DLC,,1572998400,0,0,0
Square Enix,1168460,DRAGON QUEST BUILDERS 2 JUMBO DEMO,Demo,,1575417600,0,14,1278
Square Enix,1163402,"DFF NT: Mace of Themis/Redemption, Gabranth's 4th Weapon",DLC,,1570579200,0,0,0
Square Enix,1163401,DFF NT: The False General Appearance Set for Gabranth,DLC,,1570579200,0,0,0
Square Enix,1163400,DFF NT: Gabranth Starter Pack,DLC,,1570579200,0,0,0
Square Enix,1146142,DFF NT: 3rd Appearance Special Set for Yuna & Lightning,DLC,,1568160000,0,0,0
Square Enix,1146141,DFF NT: Midnight Mauve Appearance Set & 5th Weapon for Lightning,DLC,,1568160000,0,0,0
Square Enix,1146140,DFF NT: Songstress's Garb Appearance Set & 5th Weapon for Yuna,DLC,,1568160000,0,0,0
Square Enix,1134562,DFF NT: Combat Overcoat App. Set & 5th Weapon for Ace,DLC,,1565136000,0,0,0
Square Enix,1134561,DFF NT: Samurai App. Set & 5th Weapon for Bartz Klauser,DLC,,1565136000,0,0,0
Square Enix,1134560,DFF NT: 3rd Appearance Special Set for Bartz & Ace,DLC,,1565136000,0,0,0
Square Enix,1103752,"DFF NT: Omega Samurai Blade, Zenos yae Galvus's 4th Weapon",DLC,,1562025600,0,0,0
Square Enix,1103742,"DFF NT: Platinum Fists, Tifa Lockhart's 4th Weapon",DLC,,1562025600,0,0,0
Square Enix,1096460,DFF NT: Sleeping Lion App. Set. & 5th Weapon for Squall Leonhart,DLC,,1559692800,0,0,0
Square Enix,1096451,DFF NT: Sky-Soarer Cloud App. Set. & 5th Weapon for Cloud Strife,DLC,,1559692800,0,0,0
Square Enix,1096450,DFF NT: 3rd Appearance Special Set for Cloud & Squall,DLC,,1559692800,0,0,0
Square Enix,1075382,DFF NT: 3rd Appearance Special Set for Zidane & Ramza,DLC,,1557273600,0,0,0
Square Enix,1075381,DFF NT: The Unlikely Hero Appearance Set & 5th Weapon for Ramza,DLC,,1557273600,0,0,0
Square Enix,1075380,DFF NT: The Soldier of Fortune Appearance Set & 5th Weapon for Zidane Tribal,DLC,,1557273600,0,0,0
Square Enix,1056670,DFFNT: 3rd Appearance Special Set for Terra & Kefka,DLC,,1553472000,0,0,0
Square Enix,1052701,DFFNT: Fallen One Appearance Set & 5th Weapon for Kefka Palazzo,DLC,,1553472000,0,0,0
Square Enix,1022433,"DFF NT: Magician's Deck, Ace's 4th Weapon",DLC,,1552348800,0,0,0
Square Enix,1022432,"DFF NT: Excalibur, Ramza Beoulve's 4th Weapon",DLC,,1552348800,0,0,0
Square Enix,1022431,"DFF NT: Armaments IV, Noctis Lucis Caelum's 4th Weapon Set",DLC,,1552348800,0,0,0
Square Enix,1022430,"DFF NT: Shire Crook, Y'shtola's 4th Weapon",DLC,,1552348800,0,0,0
Square Enix,1022429,"DFF NT: Platinum Sword, Vaan's 4th Weapon",DLC,,1552348800,0,0,0
Square Enix,1022428,"DFF NT: Laevateinn, Shantotto's 4th Weapon",DLC,,1552348800,0,0,0
Square Enix,1022427,"DFF NT: Sin's Spur, Jecht's 4th Weapon",DLC,,1552348800,0,0,0
Square Enix,1022426,"DFF NT: Arc Sword, Tidus's 4th Weapon",DLC,,1552348800,0,0,0
Square Enix,1022425,"DFF NT: Turbid Cores, Kuja's 4th Weapon Set",DLC,,1552348800,0,0,0
Square Enix,1022423,"DFF NT: Nightmare, Ultimecia's 4th Weapon",DLC,,1552348800,0,0,0
Square Enix,1022422,"DFF NT: Hyperion, Squall Leonhart's 4th Weapon",DLC,,1552348800,0,0,0
Square Enix,1022421,"DFF NT: Second Coming, Sephiroth's 4th Weapon",DLC,,1552348800,0,0,0
Square Enix,1022420,"DFF NT: Organyx, Cloud Strife's 4th Weapon",DLC,,1552348800,0,0,0
Square Enix,1022419,"DFF NT: Thinking Cap, Kefka Palazzo's 4th Weapon",DLC,,1552348800,0,0,0
Square Enix,1022417,"DFF NT: Void Sword, Exdeath's 4th Weapon",DLC,,1552348800,0,0,0
Square Enix,1022416,"DFF NT: Arsenal IV, Bartz Klauser's 4th Weapon Set",DLC,,1552348800,0,0,0
Square Enix,1022415,"DFF NT: Obsidian Scales, Golbez's 4th Weapon",DLC,,1552348800,0,0,0
Square Enix,1022414,"DFF NT: Lance of Ordeals, Kain Highwind's 4th Weapon",DLC,,1552348800,0,0,0
Square Enix,1022413,"DFF NT: Waning Blade / Waxing Blade, Cecil Harvey's 4th Weapon Set",DLC,,1552348800,0,0,0
Square Enix,1022412,"DFF NT: Destructive Tentacles, Cloud of Darkness's 4th Weapon Set",DLC,,1552348800,0,0,0
Square Enix,1022411,"DFF NT: Golden Sword / Omnirod / Kiku-ichimonji, O. Knight's 4th Weap.",DLC,,1552348800,0,0,0
Square Enix,1022410,"DFF NT: Rod of Censure, the Emperor's 4th Weapon",DLC,,1552348800,0,0,0
Square Enix,1022402,"DFF NT: Arsenal IV, Firion's 4th Weapon Set",DLC,,1552348800,0,0,0
Square Enix,1022400,"DFF NT: Sun Blade / Diamond Shield, Warrior of Light's 4th Weapon Set",DLC,,1552348800,0,0,0
Square Enix,1022397,"DFF NT: Glacial Guard, Snow Villiers' 4th Weapon",DLC,,1552348800,0,0,0
Square Enix,1022396,DFF NT: Wild Bear Appearance Set for Snow Villiers,DLC,,1552348800,0,0,0
Square Enix,1022394,"DFF NT: Astral Rod, Yuna's 4th Weapon",DLC,,1552348800,0,0,0
Square Enix,1022393,DFF NT: Wedding Gown Appearance Set for Yuna,DLC,,1552348800,0,0,0
Square Enix,1022391,"DFF NT: Divine Blade, Kam'lanaut's 4th Weapon",DLC,,1552348800,0,0,0
Square Enix,1022367,DFF NT: Archduke of Jeuno I Appearance for Kam'lanaut,DLC,,1552348800,0,0,0
Square Enix,1022365,"DFF NT: Cardinal, Rinoa Heartilly's 4th Weapon",DLC,,1552348800,0,0,0
Square Enix,1022362,DFF NT: Party Dress Appearance Set for Rinoa Heartilly,DLC,,1552348800,0,0,0
Square Enix,1022360,"DFF NT: Valiant Knife, Locke Cole's 4th Weapon",DLC,,1552348800,0,0,0
Square Enix,1022345,DFF NT: Devoted Returner Appearance Set for Locke Cole,DLC,,1552348800,0,0,0
Square Enix,1022343,"DFF NT: Recompense, Vayne Carudas Solidor's 4th Weapon",DLC,,1552348800,0,0,0
Square Enix,1022340,DFF NT: Novus Appearance Set for Vayne Carudas Solidor,DLC,,1552348800,0,0,0
Square Enix,1016873,FINAL FANTASY XIV: Shadowbringers Collector's Edition Content,DLC,,0,0,0,0
Square Enix,1016872,FINAL FANTASY XIV: Shadowbringers- Pre-Purchase Bonus Content,DLC,,0,0,0,0
Square Enix,1016871,FINAL FANTASY XIV: Shadowbringers Standard Edition Content,DLC,,0,0,0,0
Square Enix,849200,Shadow of the Tomb Raider - Official Wallpaper,DLC,,1536883200,0,0,0
Square Enix,849186,Shadow of the Tomb Raider - Exiled Fox’s Bow,DLC,,1536883200,0,0,0
Square Enix,849179,Shadow of the Tomb Raider - Sedgewick 707 Shotgun,DLC,,1536883200,0,0,0
Square Enix,849178,Shadow of the Tomb Raider - K&H Kap Pistol,DLC,,1536883200,0,0,0
Square Enix,849177,Shadow of the Tomb Raider - Puka Huk’s Bow,DLC,,1536883200,0,0,0
Square Enix,849176,Shadow of the Tomb Raider - Tunic of the Exiled Fox,DLC,,1536883200,0,0,0
Square Enix,849168,Shadow of the Tomb Raider - Explorer Outfit,DLC,,1536883200,0,0,0
Square Enix,849167,Shadow of the Tomb Raider - Tactical Adventurer (Black) Outfit,DLC,,1536883200,0,0,0
Square Enix,849166,Shadow of the Tomb Raider - Robes of Puka Huk,DLC,,1536883200,0,0,0
Square Enix,849165,Shadow of the Tomb Raider - Original Game Soundtrack,DLC,,1536883200,0,0,0
Square Enix,849164,Shadow of the Tomb Raider - Orange Shadow Band Resource Pack,DLC,,0,0,0,0
Square Enix,849163,Shadow of the Tomb Raider - Corona Resource Pack,DLC,,0,0,0,0
Square Enix,849162,Shadow of the Tomb Raider - Baily’s Beads Resource Pack,DLC,,0,0,0,0
Square Enix,849161,Shadow of the Tomb Raider - Chromosphere Resource Pack,DLC,,0,0,0,0
Square Enix,849160,Shadow of the Tomb Raider - Skills Booster Pack,DLC,,1536883200,0,0,0
Square Enix,669900,Kai-ri-Sei Million Arthur VR - Uathach Evolution Outfit,DLC,,1520380800,0,0,0
Square Enix,669890,Kai-ri-Sei Million Arthur VR - Diva Arthur Uniform,DLC,,1520380800,0,0,0
Square Enix,669880,Kai-ri-Sei Million Arthur VR - Diva Arthur Beachwear,DLC,,1520380800,0,0,0
Square Enix,669870,Kai-ri-Sei Million Arthur VR - Thief Arthur Uniform,DLC,,1520380800,0,0,0
Square Enix,669860,Kai-ri-Sei Million Arthur VR - Thief Arthur Beachwear,DLC,,1520380800,0,0,0
Square Enix,669840,Kai-ri-Sei Million Arthur VR - Merchant Arthur Uniform,DLC,,1520380800,0,0,0
Square Enix,669820,Kai-ri-Sei Million Arthur VR - Merchant Arthur Beachwear,DLC,,1520380800,0,0,0
Square Enix,669801,Kai-ri-Sei Million Arthur VR - Mercenary Arthur Uniform,DLC,,1520380800,0,0,0
Square Enix,669800,Kai-ri-Sei Million Arthur VR - Mercenary Arthur Beachwear,DLC,,1520380800,0,0,0
Square Enix,603310,Kai-ri-Sei Million Arthur VR - Uathach evolution costume / 乖離性ミリオンアーサー VR - ウアサハ 進化衣装,DLC,,1495670400,0,0,0
Square Enix,603308,Kai-ri-Sei Million Arthur VR - Diva Arthur school uniform / 乖離性ミリオンアーサー VR - 歌姫アーサー　制服衣装,DLC,,1495670400,0,0,0
Square Enix,603307,Kai-ri-Sei Million Arthur VR - Thief Arthur school uniform / 乖離性ミリオンアーサー VR - 盗賊アーサー　制服衣装,DLC,,1495670400,0,0,0
Square Enix,603306,Kai-ri-Sei Million Arthur VR - Merchant Arthur school uniform / 乖離性ミリオンアーサー VR - 富豪アーサー　制服衣装,DLC,,1495670400,0,0,0
Square Enix,603305,Kai-ri-Sei Million Arthur VR - Mercenary Arthur school uniform / 乖離性ミリオンアーサー VR - 傭兵アーサー　制服衣装,DLC,,1495670400,0,0,0
Square Enix,603303,Kai-ri-Sei Million Arthur VR - Diva Arthur swimsuit / 乖離性ミリオンアーサー VR - 歌姫アーサー　水着衣装,DLC,,1495670400,0,0,0
Square Enix,603302,Kai-ri-Sei Million Arthur VR - Thief Arthur swimsuit / 乖離性ミリオンアーサー VR - 盗賊アーサー　水着衣装,DLC,,1495670400,0,0,0
Square Enix,603301,Kai-ri-Sei Million Arthur VR - Merchant Arthur swimsuit / 乖離性ミリオンアーサー VR - 富豪アーサー　水着衣装,DLC,,1495670400,0,0,0
Square Enix,603300,Kai-ri-Sei Million Arthur VR - Mercenary Arthur swimsuit / 乖離性ミリオンアーサー VR - 傭兵アーサー　水着衣装,DLC,,1495670400,0,0,0
Square Enix,582382,FINAL FANTASY XIV: Stormblood Collector's Edition,DLC,,0,0,0,0
Square Enix,582381,FINAL FANTASY XIV: Stormblood Standard Edition,DLC,,0,0,0,0
Square Enix,582380,FINAL FANTASY XIV: Stormblood,DLC,,0,0,0,0
Square Enix,376011,FINAL FANTASY XIV: Heavensward - Collector's Edition,DLC,,0,0,0,0
Square Enix,376010,FINAL FANTASY XIV: Heavensward - Standard Edition,DLC,,0,0,0,0
Square Enix,359480,FINAL FANTASY XIV: Heavensward,DLC,,0,0,0,0
Square Enix,262342,FINAL FANTASY XIV Online Starter Edition (PAL),DLC,,0,0,0,0
Square Enix,262341,FINAL FANTASY XIV Online Starter Edition (NA),DLC,,0,0,0,0
Square Enix,262340,FINAL FANTASY XIV Online Starter Edition (JP),DLC,,0,0,0,0
Square Enix,80864,FFXI Ultimate Collection - Abyssea Edition (EN) (PEGI),Legacy Media,,1305763200,0,0,0
Square Enix,80863,FFXI Ultimate Collection - Abyssea Edition (FR) (PEGI),Legacy Media,,1305763200,0,0,0
Square Enix,80862,FFXI Ultimate Collection - Abyssea Edition (DE) (USK),Legacy Media,,1305763200,0,0,0
Square Enix,80861,FFXI Ultimate Collection - Abyssea Edition (EN) (ESRB),Legacy Media,,0,0,0,0
Square Enix,80858,Final Fantasy XI Ultimate Collection - Abyssea Edition,Legacy Media,,0,0,0,0
Square Enix,80857,Final Fantasy XI Ultimate Collection - Abyssea Edition (DE),Legacy Media,,0,0,0,0
Square Enix,80856,Final Fantasy XI Ultimate Collection - Abyssea Edition (FR),Legacy Media,,0,0,0,0
Square Enix,39100,Gyromancer Demo,Demo,,1258502400,0,0,9
Square Enix,23350,Last Remnant - Demo 3,Demo,,0,0,0,4
Square Enix,23340,Last Remnant - Demo 2,Demo,,0,0,0,38
Square Enix,23330,The Last Remnant Demo,Demo,,0,0,0,157
Square Enix,23320,Yosumin! Demo,Demo,,1243296000,0,0,4
"KOEI TECMO GAMES CO., LTD.",2384580,DYNASTY WARRIORS: ORIGINS,Game,91.43,1737072000,95644,695,69483
"KOEI TECMO GAMES CO., LTD.",601050,Attack on Titan 2 - A.O.T.2,Game,90.28,1682553600,44258,110,1385
"KOEI TECMO GAMES CO., LTD.",1621310,Atelier Sophie 2: The Alchemist of the Mysterious Dream,Game,89.86,1645747200,20627,19,3622
"KOEI TECMO GAMES CO., LTD.",1072420,DRAGON QUEST BUILDERS™ 2,Game,89.52,1575936000,45996,498,3358
"KOEI TECMO GAMES CO., LTD.",628070,Romance of the Three Kingdoms XI with Power Up Kit,Game,88.94,1516147200,17235,477,1987
"KOEI TECMO GAMES CO., LTD.",1902690,Fate/Samurai Remnant,Game,87.85,1695945600,52912,51,9335
"KOEI TECMO GAMES CO., LTD.",936190,Atelier Meruru ~The Apprentice of Arland~ DX,Game,87.34,1543881600,5142,5,66
"KOEI TECMO GAMES CO., LTD.",1325200,Nioh 2 – The Complete Edition,Game,86.09,1612483200,105301,897,41325
"KOEI TECMO GAMES CO., LTD.",936160,Atelier Rorona ~The Alchemist of Arland~ DX,Game,86.03,1543881600,7782,15,256
"KOEI TECMO GAMES CO., LTD.",756590,Atelier Lydie & Suelle ~The Alchemists and the Mysterious Paintings~,Game,85.97,1522108800,13627,0,398
"KOEI TECMO GAMES CO., LTD.",3259600,Atelier Resleriana: The Red Alchemist & the White Guardian,Game,85.84,1758844800,8309,38,2636
"KOEI TECMO GAMES CO., LTD.",2130460,FATAL FRAME / PROJECT ZERO: Mask of the Lunar Eclipse,Game,85.73,1678320000,20015,38,1372
"KOEI TECMO GAMES CO., LTD.",1152300,Atelier Ayesha: The Alchemist of Dusk DX,Game,85.62,1578960000,6193,12,223
"KOEI TECMO GAMES CO., LTD.",1879330,WARRIORS OROCHI 3 Ultimate Definitive Edition,Game,85.61,1657584000,16435,47,2996
"KOEI TECMO GAMES CO., LTD.",1257290,Atelier Ryza 2: Lost Legends & the Secret Fairy,Game,85.32,1611619200,45426,9,4005
"KOEI TECMO GAMES CO., LTD.",1502970,Atelier Sophie: The Alchemist of the Mysterious Book DX,Game,85.27,1619049600,8001,22,530
"KOEI TECMO GAMES CO., LTD.",1716120,Monster Rancher 1 & 2 DX,Game,85.22,1639008000,11718,33,1411
"KOEI TECMO GAMES CO., LTD.",1502990,Atelier Lydie & Suelle: The Alchemists and the Mysterious Paintings DX,Game,84.76,1619049600,4627,15,124
"KOEI TECMO GAMES CO., LTD.",1045620,Atelier Lulua ~The Scion of Arland~,Game,84.38,1558310400,10566,3,516
"KOEI TECMO GAMES CO., LTD.",1999770,Atelier Ryza 3: Alchemist of the End & the Secret Key,Game,83.99,1679616000,27911,12,7162
"KOEI TECMO GAMES CO., LTD.",358142,Tropical Paradise Costume & Movie Set,DLC,83.91,1428451200,0,0,0
"KOEI TECMO GAMES CO., LTD.",831560,WARRIORS OROCHI 4,Game,83.82,1539648000,44469,54,5924
"KOEI TECMO GAMES CO., LTD.",3319940,DYNASTY WARRIORS: ORIGINS - ICHIRAN Noodles,DLC,83.46,1738886400,0,0,0
"KOEI TECMO GAMES CO., LTD.",1152310,Atelier Escha & Logy: Alchemists of the Dusk Sky DX,Game,83.37,1578960000,4886,10,98
"KOEI TECMO GAMES CO., LTD.",1121560,Atelier Ryza: Ever Darkness & the Secret Hideout,Game,83.09,1572307200,95275,18,4616
"KOEI TECMO GAMES CO., LTD.",1033490,DOA6 Season Pass 1,DLC,82.84,1551398400,0,0,0
"KOEI TECMO GAMES CO., LTD.",527270,Atelier Sophie: The Alchemist of the Mysterious Book,Game,82.72,1486425600,30843,1,618
"KOEI TECMO GAMES CO., LTD.",3920610,FATAL FRAME II: Crimson Butterfly REMAKE,Game,82.68,1773273600,19455,471,4923
"KOEI TECMO GAMES CO., LTD.",1154591,"Atelier Ryza: Ryza's Costume ""Summer Adventure!""",DLC,82.68,1572307200,0,0,0
"KOEI TECMO GAMES CO., LTD.",3178350,WARRIORS: Abyss,Game,82.6,1739318400,13044,74,2407
"KOEI TECMO GAMES CO., LTD.",2138090,Atelier Marie Remake: The Alchemist of Salburg,Game,82.58,1689206400,10567,0,846
"KOEI TECMO GAMES CO., LTD.",1604860,Atelier Ryza: 【Ryza 1 Million Units Celebration】White Lily of Summer,DLC,82.55,1622419200,0,0,0
"KOEI TECMO GAMES CO., LTD.",430352,RTK13 - “Three Kingdoms” tie-up Officer CG Set 1 ドラマ「三国志」タイアップ武将CGセット1,DLC,82.39,1454544000,0,0,0
"KOEI TECMO GAMES CO., LTD.",449800,Attack on Titan / A.O.T. Wings of Freedom,Game,82.32,1472169600,57263,9,2191
"KOEI TECMO GAMES CO., LTD.",292990,NOBUNAGA'S AMBITION: Souzou,Game,82.23,1409097600,6303,46,392
"KOEI TECMO GAMES CO., LTD.",278080,DYNASTY WARRIORS 8: Xtreme Legends Complete Edition,Game,82.06,1399939200,74048,120,3878
"KOEI TECMO GAMES CO., LTD.",958260,DEAD OR ALIVE Xtreme Venus Vacation,Game,81.54,1553558400,233886,1540,11284
"KOEI TECMO GAMES CO., LTD.",1152320,Atelier Shallie: Alchemists of the Dusk Sea DX,Game,81.48,1578960000,4654,3,51
"KOEI TECMO GAMES CO., LTD.",2473120,"Fate/Samurai Remnant - Bonus Costume: Phantasmal Dress ""Saber""",DLC,81.25,1695945600,0,0,0
"KOEI TECMO GAMES CO., LTD.",1751201,"FATAL FRAME / PROJECT ZERO: MOBW - Yuri Exclusive Costume: Ryza Outfit, Ryza Hat",DLC,81.14,1635379200,0,0,0
"KOEI TECMO GAMES CO., LTD.",1358700,STRANGER OF PARADISE FINAL FANTASY ORIGIN,Game,81.07,1680739200,28022,160,2544
"KOEI TECMO GAMES CO., LTD.",316440,DW8XLCE - SPECIAL COSTUME PACK 1 & SPECIAL WEAPON,DLC,81.03,1407369600,0,0,0
"KOEI TECMO GAMES CO., LTD.",4423570,FATAL FRAME II: Crimson Butterfly REMAKE x SILENT HILL f Costume Set,DLC,80.84,1774569600,0,0,0
"KOEI TECMO GAMES CO., LTD.",1213613,"RTK14: ""Ancient Officers"" Officer Data Set",DLC,80.83,1580342400,0,0,0
"KOEI TECMO GAMES CO., LTD.",2373980,"""NOBUNAGA'S AMBITION: Awakening"" Additional Officer Graphics and Trait of Popular Officers from the ""NOBUNAGA'S AMBITION"" 40th Anniversary Series' Popularity Rankings",DLC,80.79,1696464000,0,0,0
"KOEI TECMO GAMES CO., LTD.",1188615,Atelier Ryza: Cool Selenite,DLC,80.79,1576540800,0,0,0
"KOEI TECMO GAMES CO., LTD.",835590,DYNASTY WARRIORS 9 Useful Gems & Materials Set　（役立つ宝玉・素材セット）（助益多寶玉・素材組合）,DLC,80.51,1523491200,0,0,0
"KOEI TECMO GAMES CO., LTD.",316441,DW8XLCE - SPECIAL COSTUME PACK 2,DLC,80.48,1407369600,0,0,0
"KOEI TECMO GAMES CO., LTD.",2719200,SAMURAI WARRIORS 4 DX,Game,80.45,1715644800,5659,17,305
"KOEI TECMO GAMES CO., LTD.",1191260,Touken Ranbu Warriors,Game,80.35,1653350400,5090,1,94
"KOEI TECMO GAMES CO., LTD.",1103740,DFF NT: Tifa Lockhart Starter Pack,DLC,80.28,1562025600,0,0,0
"KOEI TECMO GAMES CO., LTD.",3365050,Atelier Ryza 3: Alchemist of the End & the Secret Key DX,Game,80.21,1762992000,2823,20,135
"KOEI TECMO GAMES CO., LTD.",1732190,FATAL FRAME / PROJECT ZERO: Maiden of Black Water,Game,80.17,1635379200,52672,38,3494
"KOEI TECMO GAMES CO., LTD.",968790,DYNASTY WARRIORS 7: Xtreme Legends Definitive Edition,Game,80.07,1544054400,8020,21,266
"KOEI TECMO GAMES CO., LTD.",316869,DW8XLCE - JAPANESE VOICE OPTION,DLC,80.01,1408579200,0,0,0
"KOEI TECMO GAMES CO., LTD.",1441719,"Atelier Ryza 2: Ryza's Swimsuit ""Tropical Summer""",DLC,80.0,1617062400,0,0,0
"KOEI TECMO GAMES CO., LTD.",1580780,NINJA GAIDEN Σ [NINJA GAIDEN: Master Collection],Game,79.83,1623283200,17106,36,1603
"KOEI TECMO GAMES CO., LTD.",3365040,Atelier Ryza 2: Lost Legends & the Secret Fairy DX,Game,79.73,1762992000,2328,19,228
"KOEI TECMO GAMES CO., LTD.",502280,BERSERK and the Band of the Hawk,Game,79.48,1487635200,42971,13,1271
"KOEI TECMO GAMES CO., LTD.",595740,SAMURAI WARRIORS: Spirit of Sanada,Game,79.4,1495497600,5172,3,127
"KOEI TECMO GAMES CO., LTD.",445260,Character: Naotora Ii,DLC,79.37,1459209600,0,0,0
"KOEI TECMO GAMES CO., LTD.",531163,DEAD OR ALIVE 5 Last Round: Core Fighters Character: Marie Rose,DLC,79.25,1475452800,0,0,0
"KOEI TECMO GAMES CO., LTD.",628050,Romance of the Three Kingdoms IX with Power Up Kit,Game,79.2,1508284800,3337,86,380
"KOEI TECMO GAMES CO., LTD.",316863,DW8XLCE - ORIGINAL COSTUME PACK,DLC,79.05,1408492800,0,0,0
"KOEI TECMO GAMES CO., LTD.",3273240,DYNASTY WARRIORS: ORIGINS Demo,Demo,78.76,1732233600,0,3,10598
"KOEI TECMO GAMES CO., LTD.",1591530,SAMURAI WARRIORS 5,Game,78.68,1627344000,14614,13,1876
"KOEI TECMO GAMES CO., LTD.",3681010,Nioh 3,Game,78.66,1770336000,57104,2003,88045
"KOEI TECMO GAMES CO., LTD.",798860,Additional Scenarios Pack/追加シナリオパック,DLC,78.6,1530144000,0,0,0
"KOEI TECMO GAMES CO., LTD.",392470,NOBUNAGA'S AMBITION: Sphere of Influence,Game,78.58,1441065600,17986,10,1166
"KOEI TECMO GAMES CO., LTD.",2426931,"Fate/Samurai Remnant - Phantasmal Dress ""Miyamoto Musashi""",DLC,78.57,1695945600,0,0,0
"KOEI TECMO GAMES CO., LTD.",569716,BERSERK - Additional Warhorse Set,DLC,78.48,1488240000,0,0,0
"KOEI TECMO GAMES CO., LTD.",2313104,"""NOBUNAGA'S AMBITION: Awakening"" NOBUNAGA'S AMBITION 40th Anniversary Music",DLC,78.44,1695340800,0,0,0
"KOEI TECMO GAMES CO., LTD.",569710,BERSERK - Exclusive Costumes,DLC,78.44,1487635200,0,0,0
"KOEI TECMO GAMES CO., LTD.",1423600,BLUE REFLECTION: Second Light,Game,78.28,1636416000,17765,6,675
"KOEI TECMO GAMES CO., LTD.",358141,Halloween + Debut Costume Set,DLC,78.13,1427673600,0,0,0
"KOEI TECMO GAMES CO., LTD.",527290,Atelier Firis: The Alchemist and the Mysterious Journey / フィリスのアトリエ ～不思議な旅の錬金術士～,Game,78.11,1488844800,23934,1,393
"KOEI TECMO GAMES CO., LTD.",485510,Nioh: Complete Edition,Game,78.01,1510012800,149179,422,10649
"KOEI TECMO GAMES CO., LTD.",628060,Romance of the Three Kingdoms X with Power Up Kit,Game,78.0,1512518400,3726,53,465
"KOEI TECMO GAMES CO., LTD.",2257210,FATAL FRAME / PROJECT ZERO: Mask of the Lunar Eclipse Digital Deluxe Upgrade Pack,DLC,77.87,1678320000,0,0,0
"KOEI TECMO GAMES CO., LTD.",348687,"DW8E: Scenario, BGM and Edit Parts Pack",DLC,77.87,1430784000,0,0,0
"KOEI TECMO GAMES CO., LTD.",2494230,"Fate/Samurai Remnant - Additional Episode 1 ""Record's Fragment: Keian Command Championship""",DLC,77.51,1707436800,0,0,0
"KOEI TECMO GAMES CO., LTD.",1212817,[Revival] DOA6 Alluring Mandarin Dress Set,DLC,77.41,1581465600,0,0,0
"KOEI TECMO GAMES CO., LTD.",425140,Design Award Costumes 2015 Set,DLC,77.41,1450137600,0,0,0
"KOEI TECMO GAMES CO., LTD.",316447,DW8XLCE - UNIQUE WEAPON PACK,DLC,77.4,1407369600,0,0,0
"KOEI TECMO GAMES CO., LTD.",658260,BLUE REFLECTION,Game,76.99,1506384000,21643,4,168
"KOEI TECMO GAMES CO., LTD.",2156238,"Atelier Ryza 3 - ""Endless Summer Splash!"" Costume Set",DLC,76.9,1679616000,0,0,0
"KOEI TECMO GAMES CO., LTD.",1441725,"Atelier Ryza 2: Serri's Swimsuit ""Bitter Chocolate""",DLC,76.9,1617062400,0,0,0
"KOEI TECMO GAMES CO., LTD.",1441711,Atelier Ryza 2: Summer Fashion Costume Set,DLC,76.9,1611619200,0,0,0
"KOEI TECMO GAMES CO., LTD.",569680,Toukiden 2 - Armor: Tenko Outfit,DLC,76.9,1490054400,0,0,0
"KOEI TECMO GAMES CO., LTD.",551730,Toukiden 2,Game,76.69,1490054400,35106,3,1938
"KOEI TECMO GAMES CO., LTD.",1418870,Winning Post 9 2021,Game,76.59,1618444800,1048,17,3794
"KOEI TECMO GAMES CO., LTD.",403063,Hot Summer Costume Set,DLC,76.58,1443657600,0,0,0
"KOEI TECMO GAMES CO., LTD.",331600,One Piece Pirate Warriors 3,Game,76.57,1440633600,52837,53,4274
"KOEI TECMO GAMES CO., LTD.",506802,RTK13 - Officer CG Set 3 歴代武将CGセット2,DLC,76.34,1475712000,0,0,0
"KOEI TECMO GAMES CO., LTD.",316861,DW8XLCE - DW7 ORIGINAL COSTUME PACK 2,DLC,76.34,1408492800,0,0,0
"KOEI TECMO GAMES CO., LTD.",1580790,NINJA GAIDEN Σ2 [NINJA GAIDEN: Master Collection],Game,76.3,1623283200,9224,18,722
"KOEI TECMO GAMES CO., LTD.",628180,Winning Post,Game,76.13,1500940800,348,5,17
"KOEI TECMO GAMES CO., LTD.",430345,RTK13 - Additional Officer Data - Legendary Officers Set ① 追加武将データ 古武将セット①,DLC,76.13,1453939200,0,0,0
"KOEI TECMO GAMES CO., LTD.",358143,Variety Costume Set,DLC,76.13,1428451200,0,0,0
"KOEI TECMO GAMES CO., LTD.",1638311,RTK14: KT's ROMANCE OF THE THREE KINGDOMS Series App Officer CG Set,DLC,76.09,1631664000,0,0,0
"KOEI TECMO GAMES CO., LTD.",3287520,NINJA GAIDEN 2 Black,Game,76.08,1737590400,26651,26,2259
"KOEI TECMO GAMES CO., LTD.",521760,Taiko Risshiden,Game,75.88,1492473600,741,1,20
"KOEI TECMO GAMES CO., LTD.",1441717,Atelier Ryza 2: Season Pass,DLC,75.77,1611619200,0,0,0
"KOEI TECMO GAMES CO., LTD.",1176616,WARRIORS OROCHI 4 Ultimate - Sacred Treasure `Garm`,DLC,75.71,1581638400,0,0,0
"KOEI TECMO GAMES CO., LTD.",892397,Xin Xianying (Special Costume)/辛憲英「特製コスチューム」,DLC,75.71,1531958400,0,0,0
"KOEI TECMO GAMES CO., LTD.",506801,RTK13 - Officer CG Set 2 歴代武将CGセット１,DLC,75.71,1473292800,0,0,0
"KOEI TECMO GAMES CO., LTD.",316443,DW8XLCE - OLD COSTUME PACK 2,DLC,75.71,1407369600,0,0,0
"KOEI TECMO GAMES CO., LTD.",363110,NOBUNAGA'S AMBITION: Tendou with Power Up Kit,Game,75.64,1435276800,1632,55,321
"KOEI TECMO GAMES CO., LTD.",776850,Atelier Lydie & Suelle - Season Pass,DLC,75.64,1524009600,0,0,0
"KOEI TECMO GAMES CO., LTD.",1154590,"Atelier Ryza: Ryza's Outfit ""Divertimento Embrace""",DLC,75.44,1572307200,0,0,0
"KOEI TECMO GAMES CO., LTD.",363090,NOBUNAGA'S AMBITION: Kakushin with Power Up Kit,Game,75.41,1435276800,2512,114,364
"KOEI TECMO GAMES CO., LTD.",1604850,Atelier Ryza 2: 【Ryza 1 Million Units Celebration】High Summer Formal,DLC,75.41,1622419200,0,0,0
"KOEI TECMO GAMES CO., LTD.",1188610,Atelier Ryza: Sunlight Flower,DLC,75.1,1576540800,0,0,0
"KOEI TECMO GAMES CO., LTD.",1176623,WARRIORS OROCHI 4 Ultimate - Weapon `Fork`,DLC,75.0,1590537600,0,0,0
"KOEI TECMO GAMES CO., LTD.",1176621,WARRIORS OROCHI 4 Ultimate - Weapon `Feline Paws`,DLC,75.0,1590537600,0,0,0
"KOEI TECMO GAMES CO., LTD.",799680,Eren & Levi Plain clothes Outfit Early Release,DLC,75.0,1521072000,0,0,0
"KOEI TECMO GAMES CO., LTD.",547230,DOA5LR Summer Festival Costume Set,DLC,75.0,1479168000,0,0,0
"KOEI TECMO GAMES CO., LTD.",403060,Fighter Force Costume Set,DLC,75.0,1443657600,0,0,0
"KOEI TECMO GAMES CO., LTD.",1203041,ONE PIECE: PIRATE WARRIORS 4 Land of Wano Pack,DLC,74.98,1608163200,0,0,0
"KOEI TECMO GAMES CO., LTD.",288390,NOBUNAGA'S AMBITION: Souzou with Power Up Kit,Game,74.97,1418169600,1452,124,6856
"KOEI TECMO GAMES CO., LTD.",936180,Atelier Totori ~The Adventurer of Arland~ DX,Game,74.69,1543881600,4798,9,56
"KOEI TECMO GAMES CO., LTD.",531152,DEAD OR ALIVE 5 Last Round: Core Fighters Character: Leifang,DLC,74.53,1475452800,0,0,0
"KOEI TECMO GAMES CO., LTD.",569717,BERSERK - Additional Scenario Set,DLC,74.51,1488240000,0,0,0
"KOEI TECMO GAMES CO., LTD.",358140,Fun Theme Set,DLC,74.28,1427673600,0,0,0
"KOEI TECMO GAMES CO., LTD.",1224764,DOA6 Gust Mashup + Atelier Ryza Mashup Costumes,DLC,74.19,1582588800,0,0,0
"KOEI TECMO GAMES CO., LTD.",1176614,WARRIORS OROCHI 4 Ultimate - Special Costume for Hades,DLC,74.19,1581638400,0,0,0
"KOEI TECMO GAMES CO., LTD.",797840,Additional Christa Costume: Cutesy Goth Outfit,DLC,74.19,1522108800,0,0,0
"KOEI TECMO GAMES CO., LTD.",535950,DOA5LR Halloween 2016 Costume Set,DLC,74.19,1476144000,0,0,0
"KOEI TECMO GAMES CO., LTD.",403350,Halloween 2015 Costume Set,DLC,74.19,1444694400,0,0,0
"KOEI TECMO GAMES CO., LTD.",316860,DW8XLCE - DW7 ORIGINAL COSTUME PACK 1,DLC,74.19,1408492800,0,0,0
"KOEI TECMO GAMES CO., LTD.",2494250,"Fate/Samurai Remnant - Additional Episode 3 ""Record's Fragment: Bailong and the Crimson Demon""",DLC,74.14,1718841600,0,0,0
"KOEI TECMO GAMES CO., LTD.",531166,DEAD OR ALIVE 5 Last Round: Core Fighters Character: Honoka,DLC,74.0,1475452800,0,0,0
"KOEI TECMO GAMES CO., LTD.",420540,RTK Maker - Face CG “RTK13” Set / 三国志ツクール顔登録素材 『三國志13』セット+シナリオ,DLC,74.0,1453939200,0,0,0
"KOEI TECMO GAMES CO., LTD.",348683,Dynasty Warriors 8 - Empires: Castle Pack,DLC,74.0,1429574400,0,0,0
"KOEI TECMO GAMES CO., LTD.",3155730,Venus Vacation PRISM - DEAD OR ALIVE Xtreme -,Game,73.81,1743033600,18344,0,2155
"KOEI TECMO GAMES CO., LTD.",838380,DEAD OR ALIVE 6,Game,73.79,1551398400,71111,89,2107
"KOEI TECMO GAMES CO., LTD.",531151,DEAD OR ALIVE 5 Last Round: Core Fighters Character: Hitomi,DLC,73.75,1475452800,0,0,0
"KOEI TECMO GAMES CO., LTD.",1188600,"Atelier Ryza Season Pass ""Kurken Island Jam-packed Pass""",DLC,73.57,1574121600,0,0,0
"KOEI TECMO GAMES CO., LTD.",1751202,FATAL FRAME / PROJECT ZERO: MOBW - FATAL FRAME / PROJECT ZERO 20th Anniversary Celebration DLC,DLC,73.47,1635379200,0,0,0
"KOEI TECMO GAMES CO., LTD.",1754684,"Atelier Sophie 2 - Sophie's Costume ""Comfy and Casual""",DLC,73.26,1645747200,0,0,0
"KOEI TECMO GAMES CO., LTD.",1441726,"Atelier Ryza 2: Recipe Expansion Pack ""The Art of Synthesis""",DLC,73.26,1614643200,0,0,0
"KOEI TECMO GAMES CO., LTD.",1431485,"RTK14 EP: Scenario for War Chronicles Mode - 1st Wave: ""Liu Bei Enters Shu""",DLC,73.26,1611792000,0,0,0
"KOEI TECMO GAMES CO., LTD.",1188611,Atelier Ryza: Elegant Mermaid,DLC,73.26,1576540800,0,0,0
"KOEI TECMO GAMES CO., LTD.",1019994,"DYNASTY WARRIORS 9: Additional Weapon ""Bow & Rod"" / 追加武器「鞭箭弓」",DLC,73.26,1555545600,0,0,0
"KOEI TECMO GAMES CO., LTD.",1019980,DYNASTY WARRIORS 9: Cao Pi Special Scenario / 曹丕「追加ＩＦシナリオセット」,DLC,73.26,1556150400,0,0,0
"KOEI TECMO GAMES CO., LTD.",933533,WARRIORS OROCHI 4/無双OROCHI３ - Legendary Weapons Wei Pack 1,DLC,73.26,1541030400,0,0,0
"KOEI TECMO GAMES CO., LTD.",798000,Additional Episode: Discouragement and the Leaning Tower,DLC,73.26,1523318400,0,0,0
"KOEI TECMO GAMES CO., LTD.",627980,DOA5LR Rodeo Time Costume Set,DLC,73.26,1494806400,0,0,0
"KOEI TECMO GAMES CO., LTD.",595750,SAMURAI WARRIORS: Spirit of Sanada - Exclusive Costumes,DLC,73.26,1495497600,0,0,0
"KOEI TECMO GAMES CO., LTD.",531157,DEAD OR ALIVE 5 Last Round: Core Fighters Character: Mila,DLC,73.2,1475452800,0,0,0
"KOEI TECMO GAMES CO., LTD.",3569670,"Atelier Yumia - Additional Map ""Falbra Thicket""",DLC,73.19,1750636800,0,0,0
"KOEI TECMO GAMES CO., LTD.",3199230,Venus Vacation PRISM - DEAD OR ALIVE Xtreme - Digital Deluxe Upgrade Pack,DLC,73.19,1743033600,0,0,0
"KOEI TECMO GAMES CO., LTD.",531161,DEAD OR ALIVE 5 Last Round: Core Fighters Character: Rachel,DLC,73.19,1475452800,0,0,0
"KOEI TECMO GAMES CO., LTD.",531160,DEAD OR ALIVE 5 Last Round: Core Fighters Character: Momiji,DLC,73.19,1475452800,0,0,0
"KOEI TECMO GAMES CO., LTD.",438710,Valentine's Day Set,DLC,73.19,1455235200,0,0,0
"KOEI TECMO GAMES CO., LTD.",1293030,"RTK14: ""Sasshu Sangokushi"" Collab: Specialty Data",DLC,72.86,1590624000,0,0,0
"KOEI TECMO GAMES CO., LTD.",573580,"RTK13 - Best scenario for ""RTK"" (Asia): ""Battle for the Han Court"" 『三國志』シナリオ案最優秀作品（アジア）　「漢室三分戦」",DLC,72.86,1485475200,0,0,0
"KOEI TECMO GAMES CO., LTD.",886820,Nelke & the Legendary Alchemists ~Ateliers of the New World~,Game,72.53,1553558400,9144,1,260
"KOEI TECMO GAMES CO., LTD.",1709400,Winning Post 9 2022,Game,72.53,1649894400,1163,47,4727
"KOEI TECMO GAMES CO., LTD.",2124680,Winning Post 10,Game,72.52,1680134400,1705,29,5115
"KOEI TECMO GAMES CO., LTD.",1188601,Atelier Ryza: Atelier Series Legacy BGM Pack,DLC,72.42,1574121600,0,0,0
"KOEI TECMO GAMES CO., LTD.",978865,"DYNASTY WARRIORS 9: Zhou Yu ""Additional Hypothetical Scenarios Set"" / 周瑜「追加ＩＦシナリオセット」",DLC,72.42,1548892800,0,0,0
"KOEI TECMO GAMES CO., LTD.",587170,DOA5LR Alluring Mandarin Dress Set,DLC,72.42,1487030400,0,0,0
"KOEI TECMO GAMES CO., LTD.",569687,Toukiden 2 - Mission Collection Set 1,DLC,72.42,1490659200,0,0,0
"KOEI TECMO GAMES CO., LTD.",531156,DEAD OR ALIVE 5 Last Round: Core Fighters Character: Christie,DLC,72.42,1475452800,0,0,0
"KOEI TECMO GAMES CO., LTD.",460030,Newcomer Set,DLC,72.42,1461024000,0,0,0
"KOEI TECMO GAMES CO., LTD.",316445,DW8XLCE - OLD COSTUME PACK 4,DLC,72.42,1407369600,0,0,0
"KOEI TECMO GAMES CO., LTD.",3365030,Atelier Ryza: Ever Darkness & the Secret Hideout DX,Game,72.33,1762992000,3539,38,633
"KOEI TECMO GAMES CO., LTD.",1195160,DOA6 Character: Rachel,DLC,72.22,1576540800,0,0,0
"KOEI TECMO GAMES CO., LTD.",1188618,"Atelier Ryza: ""Secret Solitary Island""",DLC,72.22,1578960000,0,0,0
"KOEI TECMO GAMES CO., LTD.",531153,DEAD OR ALIVE 5 Last Round: Core Fighters Character: Tina,DLC,72.22,1475452800,0,0,0
"KOEI TECMO GAMES CO., LTD.",1034471,DOA6 Character: Nyotengu,DLC,72.21,1554076800,0,0,0
"KOEI TECMO GAMES CO., LTD.",862630,La Corda d'Oro Octave,Game,72.17,1550102400,209,0,20
"KOEI TECMO GAMES CO., LTD.",1751200,FATAL FRAME / PROJECT ZERO: MOBW - Yuri/Miu/Ren Exclusive Costume: Camera Obscura Hat & Yuri/Miu Exclusive Costume:  Witch's Hat,DLC,72.17,1635379200,0,0,0
"KOEI TECMO GAMES CO., LTD.",1441723,"Atelier Ryza 2: Patricia's Swimsuit ""White Beach Corset""",DLC,72.17,1617062400,0,0,0
"KOEI TECMO GAMES CO., LTD.",1176617,WARRIORS OROCHI 4 Ultimate - Sacred Treasure `World Tree Bident`,DLC,72.17,1581638400,0,0,0
"KOEI TECMO GAMES CO., LTD.",1176615,WARRIORS OROCHI 4 Ultimate - Special Costume for Yang Jian,DLC,72.17,1581638400,0,0,0
"KOEI TECMO GAMES CO., LTD.",1111511,DOA6 Seaside Eden Costume - Marie Rose,DLC,72.17,1563840000,0,0,0
"KOEI TECMO GAMES CO., LTD.",1022497,DFF NT: One-Winged Angel Appearance Set for Sephiroth,DLC,72.17,1552348800,0,0,0
"KOEI TECMO GAMES CO., LTD.",1019993,"DYNASTY WARRIORS 9: Additional Weapon ""Tempest Mace"" / 追加武器「昊転錘」",DLC,72.17,1555545600,0,0,0
"KOEI TECMO GAMES CO., LTD.",1019964,"DYNASTY WARRIORS 9: Guan Yinping ""Knight Costume"" / 関銀屏「騎士風コスチューム」",DLC,72.17,1550707200,0,0,0
"KOEI TECMO GAMES CO., LTD.",978853,DYNASTY WARRIORS 9: Xin Xianying (Concierge Costume) / 辛憲英 「コンシェルジュ風コスチューム」,DLC,72.17,1545264000,0,0,0
"KOEI TECMO GAMES CO., LTD.",956948,Lu Lingqi - Officer Ticket / 呂玲綺使用券,DLC,72.17,1541116800,0,0,0
"KOEI TECMO GAMES CO., LTD.",956761,Dong Zhuo - Officer Ticket / 董卓使用券,DLC,72.17,1541116800,0,0,0
"KOEI TECMO GAMES CO., LTD.",956724,Liu Bei - Officer Ticket / 劉備使用券,DLC,72.17,1541116800,0,0,0
"KOEI TECMO GAMES CO., LTD.",933557,WARRIORS OROCHI 4/無双OROCHI３ - Legendary Weapons Orochi Pack 2,DLC,72.17,1541030400,0,0,0
"KOEI TECMO GAMES CO., LTD.",933554,WARRIORS OROCHI 4/無双OROCHI３ - Legendary Weapons Samurai Warriors Pack 4,DLC,72.17,1541030400,0,0,0
"KOEI TECMO GAMES CO., LTD.",933552,WARRIORS OROCHI 4/無双OROCHI３ - Legendary Weapons Samurai Warriors Pack 2,DLC,72.17,1541030400,0,0,0
"KOEI TECMO GAMES CO., LTD.",933551,WARRIORS OROCHI 4/無双OROCHI３ - Legendary Weapons Samurai Warriors Pack 1,DLC,72.17,1541030400,0,0,0
"KOEI TECMO GAMES CO., LTD.",797960,Additional Hange Costume: Scientist Outfit,DLC,72.17,1523318400,0,0,0
"KOEI TECMO GAMES CO., LTD.",797860,Additional Episode: A Sudden Rain,DLC,72.17,1522108800,0,0,0
"KOEI TECMO GAMES CO., LTD.",642720,DOA5LR Gust Mashup Swimwear Set,DLC,72.17,1497312000,0,0,0
"KOEI TECMO GAMES CO., LTD.",430340,RTK13 - Mitsuteru Yokoyama's “Sangokushi” tie-up Officer CG “Zhuge Liang” 横山光輝「三国志」タイアップ武将CG「諸葛亮」,DLC,72.17,1453939200,0,0,0
"KOEI TECMO GAMES CO., LTD.",413590,RTK Maker - Upgrade to Full Edition - 三国志ツクール フル版アップグレードキー,DLC,72.17,1449705600,0,0,0
"KOEI TECMO GAMES CO., LTD.",349935,DW8E: Old Costume Pack 4,DLC,72.17,1424995200,0,0,0
"KOEI TECMO GAMES CO., LTD.",349931,DW8E: Special Costume Pack 2,DLC,72.17,1424995200,0,0,0
"KOEI TECMO GAMES CO., LTD.",1336980,NOBUNAGA'S AMBITION: Awakening,Game,72.08,1658275200,23922,756,11783
"KOEI TECMO GAMES CO., LTD.",521720,Uncharted Waters,Game,71.94,1492473600,933,0,18
"KOEI TECMO GAMES CO., LTD.",628100,NOBUNAGA’S AMBITION: Shouseiroku with Power Up Kit,Game,71.89,1500940800,417,32,105
"KOEI TECMO GAMES CO., LTD.",1042850,DOA6 Happy Wedding Costume Vol.1 Set,DLC,71.63,1552608000,0,0,0
"KOEI TECMO GAMES CO., LTD.",1233260,FAIRY TAIL,Game,71.62,1596067200,23791,4,1930
"KOEI TECMO GAMES CO., LTD.",1224827,DOA6 Character Tamaki + Debut Costume Set,DLC,71.55,1583798400,0,0,0
"KOEI TECMO GAMES CO., LTD.",1176612,WARRIORS OROCHI 4 Ultimate - Bonus Costume for Ryu Hayabusa,DLC,71.55,1581638400,0,0,0
"KOEI TECMO GAMES CO., LTD.",379590,TOUKIDEN Kiwami - Mission Collection 1-3,DLC,71.55,1435881600,0,0,0
"KOEI TECMO GAMES CO., LTD.",412352,RTK13 - Additional Scenario - “Thirteen Heroes” 追加シナリオ「英雄十三傑」,DLC,71.52,1453939200,0,0,0
"KOEI TECMO GAMES CO., LTD.",344120,Nobunaga's Ambition: Souzou Power Up Kit,DLC,71.52,1437523200,0,0,0
"KOEI TECMO GAMES CO., LTD.",521750,Romance of the Three Kingdoms V with Power Up Kit,Game,71.18,1492473600,928,6,71
"KOEI TECMO GAMES CO., LTD.",348470,SAMURAI WARRIORS 4-II,Game,71.1,1443484800,15926,4,608
"KOEI TECMO GAMES CO., LTD.",583635,RTK13WPK - Kou Shibusawa 35th Anniversary Commemorative Legendary Officer Set シブサワ・コウ35周年記念 古武将セット,DLC,70.99,1490140800,0,0,0
"KOEI TECMO GAMES CO., LTD.",506803,"RTK13 - Additional scenario 〝The God of War, Surrounded″ 追加シナリオ「軍神包囲網」",DLC,70.99,1476921600,0,0,0
"KOEI TECMO GAMES CO., LTD.",2473121,"Fate/Samurai Remnant - Bonus Costume: Phantasmal Dress ""Miyamoto Iori""",DLC,70.84,1695945600,0,0,0
"KOEI TECMO GAMES CO., LTD.",2313102,"""NOBUNAGA'S AMBITION: Awakening"" Scenario ""Brotherly Revolt""",DLC,70.84,1689811200,0,0,0
"KOEI TECMO GAMES CO., LTD.",2257214,FATAL FRAME / PROJECT ZERO: Mask of the Lunar Eclipse Ruka/Misaki/Choshiro-Exclusive Accessory (Spirit Stone Flashlight Hat & Fox Mask),DLC,70.84,1678320000,0,0,0
"KOEI TECMO GAMES CO., LTD.",1744835,BLUE REFLECTION: Second Light - Crafting Function - Ether Synthesis,DLC,70.84,1637625600,0,0,0
"KOEI TECMO GAMES CO., LTD.",1176619,WARRIORS OROCHI 4 Ultimate - Series BGM Pack,DLC,70.84,1581638400,0,0,0
"KOEI TECMO GAMES CO., LTD.",1111518,DOA6 Seaside Eden Costume Set,DLC,70.84,1563840000,0,0,0
"KOEI TECMO GAMES CO., LTD.",1111447,DOA6 Seaside Eden Costume - Kasumi,DLC,70.84,1563840000,0,0,0
"KOEI TECMO GAMES CO., LTD.",1111444,DOA6 Seaside Eden Costume - Tina,DLC,70.84,1563840000,0,0,0
"KOEI TECMO GAMES CO., LTD.",1099210,DOA6 Happy Wedding Costume Vol.1 - NiCO,DLC,70.84,1560816000,0,0,0
"KOEI TECMO GAMES CO., LTD.",1074211,Atelier Lulua: Additional Character: Meruru,DLC,70.84,1564444800,0,0,0
"KOEI TECMO GAMES CO., LTD.",1074210,Atelier Lulua: Additional Character: Totori,DLC,70.84,1564444800,0,0,0
"KOEI TECMO GAMES CO., LTD.",1058121,DOA6 Pirates of the 7 Seas Costumes Vol.2 Set,DLC,70.84,1557964800,0,0,0
"KOEI TECMO GAMES CO., LTD.",1019992,"DYNASTY WARRIORS 9: Additional Weapon ""Iron Flute"" / 追加武器「鉄笛」",DLC,70.84,1555545600,0,0,0
"KOEI TECMO GAMES CO., LTD.",1019986,"DYNASTY WARRIORS 9: Ma Dai ""Knight Costume"" / 馬岱「騎士風コスチューム」",DLC,70.84,1554336000,0,0,0
"KOEI TECMO GAMES CO., LTD.",1019981,DYNASTY WARRIORS 9: Lu Su Special Scenario / 魯粛「追加ＩＦシナリオセット」,DLC,70.84,1556150400,0,0,0
"KOEI TECMO GAMES CO., LTD.",1019971,"DYNASTY WARRIORS 9: Li Dian ""Knight Costume"" / 李典「騎士風コスチューム」",DLC,70.84,1553040000,0,0,0
"KOEI TECMO GAMES CO., LTD.",1019970,"DYNASTY WARRIORS 9: Yue Jin ""Knight Costume"" / 楽進「騎士風コスチューム」",DLC,70.84,1553040000,0,0,0
"KOEI TECMO GAMES CO., LTD.",1019968,"DYNASTY WARRIORS 9: Wang Yuanji ""Knight Costume"" / 王元姫「騎士風コスチューム」",DLC,70.84,1553040000,0,0,0
"KOEI TECMO GAMES CO., LTD.",1019965,"DYNASTY WARRIORS 9: Additional Weapon ""Tripartite Nunchucks"" / 追加武器「三結棍」",DLC,70.84,1551916800,0,0,0
"KOEI TECMO GAMES CO., LTD.",1019963,"DYNASTY WARRIORS 9: Xun Yu ""Knight Costume"" / 荀彧「騎士風コスチューム」",DLC,70.84,1550707200,0,0,0
"KOEI TECMO GAMES CO., LTD.",978856,DYNASTY WARRIORS 9: Lu Lingqi (High School Girls Costume) / 呂玲綺 「女子高生風コスチューム」,DLC,70.84,1547683200,0,0,0
"KOEI TECMO GAMES CO., LTD.",978162,WARRIORS OROCHI 4/無双OROCHI３- Bonus Costumes for Da Ji,DLC,70.84,1545868800,0,0,0
"KOEI TECMO GAMES CO., LTD.",964937,DYNASTY WARRIORS 9: Guan Yinping (High school girls Costume) / 関銀屏 「女子高生風コスチューム」,DLC,70.84,1542844800,0,0,0
"KOEI TECMO GAMES CO., LTD.",964932,DYNASTY WARRIORS 9: Daqiao (High school girls Costume) / 大喬 「女子高生風コスチューム」,DLC,70.84,1541721600,0,0,0
"KOEI TECMO GAMES CO., LTD.",962305,Zhou Cang - Officer Ticket / 周倉使用券,DLC,70.84,1541116800,0,0,0
"KOEI TECMO GAMES CO., LTD.",956949,Xun Yu - Officer Ticket / 荀彧使用券,DLC,70.84,1541116800,0,0,0
"KOEI TECMO GAMES CO., LTD.",956947,Chen Gong - Officer Ticket / 陳宮使用券,DLC,70.84,1541116800,0,0,0
"KOEI TECMO GAMES CO., LTD.",956892,Zhurong - Officer Ticket / 祝融使用券,DLC,70.84,1541116800,0,0,0
"KOEI TECMO GAMES CO., LTD.",956869,Xingcai - Officer Ticket / 星彩使用券,DLC,70.84,1541116800,0,0,0
"KOEI TECMO GAMES CO., LTD.",956862,Wang Yuanji - Officer Ticket / 王元姫使用券,DLC,70.84,1541116800,0,0,0
"KOEI TECMO GAMES CO., LTD.",956860,Sima Zhao - Officer Ticket / 司馬昭使用券,DLC,70.84,1541116800,0,0,0
"KOEI TECMO GAMES CO., LTD.",956770,Jiang Wei - Officer Ticket / 姜維使用券,DLC,70.84,1541116800,0,0,0
"KOEI TECMO GAMES CO., LTD.",956769,Daqiao - Officer Ticket / 大喬使用券,DLC,70.84,1541116800,0,0,0
"KOEI TECMO GAMES CO., LTD.",956766,Yueying - Officer Ticket / 月英使用券,DLC,70.84,1541116800,0,0,0
"KOEI TECMO GAMES CO., LTD.",956764,Zhenji - Officer Ticket / 甄姫使用券,DLC,70.84,1541116800,0,0,0
"KOEI TECMO GAMES CO., LTD.",956763,Zhang Jiao - Officer Ticket / 張角使用券,DLC,70.84,1541116800,0,0,0
"KOEI TECMO GAMES CO., LTD.",956750,Ma Chao - Officer Ticket / 馬超使用券,DLC,70.84,1541116800,0,0,0
"KOEI TECMO GAMES CO., LTD.",956739,Sun Quan - Officer Ticket / 孫権使用券,DLC,70.84,1541116800,0,0,0
"KOEI TECMO GAMES CO., LTD.",956736,Zhou Tai - Officer Ticket / 周泰使用券,DLC,70.84,1541116800,0,0,0
"KOEI TECMO GAMES CO., LTD.",956735,Huang Gai - Officer Ticket / 黄蓋使用券,DLC,70.84,1541116800,0,0,0
"KOEI TECMO GAMES CO., LTD.",956723,Zhuge Liang - Officer Ticket / 諸葛亮使用券,DLC,70.84,1541116800,0,0,0
"KOEI TECMO GAMES CO., LTD.",956707,Sun Shangxiang - Officer Ticket / 孫尚香使用券,DLC,70.84,1541116800,0,0,0
"KOEI TECMO GAMES CO., LTD.",956705,Zhou Yu - Officer Ticket / 周瑜使用券,DLC,70.84,1541116800,0,0,0
"KOEI TECMO GAMES CO., LTD.",956704,Cao Cao - Officer Ticket / 曹操使用券,DLC,70.84,1541116800,0,0,0
"KOEI TECMO GAMES CO., LTD.",933560,WARRIORS OROCHI 4/無双OROCHI３ - Legendary Mounts Pack,DLC,70.84,1541030400,0,0,0
"KOEI TECMO GAMES CO., LTD.",933556,WARRIORS OROCHI 4/無双OROCHI３ - Legendary Weapons Orochi Pack 1,DLC,70.84,1541030400,0,0,0
"KOEI TECMO GAMES CO., LTD.",933490,WARRIORS OROCHI 4/無双OROCHI３- Bonus Costume for Wang Yuanji,DLC,70.84,1545868800,0,0,0
"KOEI TECMO GAMES CO., LTD.",892396,Lu Lingqi (Dudou Costume)/呂玲綺「肚兜風コスチューム」,DLC,70.84,1531958400,0,0,0
"KOEI TECMO GAMES CO., LTD.",892393,Wang Yuanji (Dudou Costume)/王元姫「肚兜風コスチューム」,DLC,70.84,1531958400,0,0,0
"KOEI TECMO GAMES CO., LTD.",810850,Adventurers' Tales,DLC,70.84,1524009600,0,0,0
"KOEI TECMO GAMES CO., LTD.",797930,Additional Episode: Biological Research Scout Mission,DLC,70.84,1522713600,0,0,0
"KOEI TECMO GAMES CO., LTD.",797880,Additional Episode: A Cornered Rat,DLC,70.84,1522108800,0,0,0
"KOEI TECMO GAMES CO., LTD.",658277,WARRIORS ALL-STARS: Wang Yuanji-themed costume for Christophorus,DLC,70.84,1504051200,0,0,0
"KOEI TECMO GAMES CO., LTD.",579537,"RTK13WPK - Tie-up with Kihachiro Kawamoto's ""Sanguozhi"" Dolls Officer Graphic Set ⑦ 川本喜八郎 三国志人形タイアップ武将CGセット⑦",DLC,70.84,1490832000,0,0,0
"KOEI TECMO GAMES CO., LTD.",569688,Toukiden 2 - Mission Collection Set 2,DLC,70.84,1491264000,0,0,0
"KOEI TECMO GAMES CO., LTD.",445262,Samurai Warriors Mashup Set,DLC,70.84,1459209600,0,0,0
"KOEI TECMO GAMES CO., LTD.",348682,DW8E: Castle and Scenario Pack,DLC,70.84,1429574400,0,0,0
"KOEI TECMO GAMES CO., LTD.",1502980,Atelier Firis: The Alchemist and the Mysterious Journey DX,Game,70.82,1619049600,4467,10,141
"KOEI TECMO GAMES CO., LTD.",1074260,DOA6 Character: Mai Shiranui,DLC,70.81,1560816000,0,0,0
"KOEI TECMO GAMES CO., LTD.",521680,Bandit Kings of Ancient China,Game,70.68,1487721600,472,11,58
"KOEI TECMO GAMES CO., LTD.",544990,NOBUNAGA'S AMBITION,Game,70.57,1481673600,281,1,7
"KOEI TECMO GAMES CO., LTD.",4123370,FATAL FRAME II: Crimson Butterfly REMAKE Digital Deluxe Upgrade,DLC,70.57,1773273600,0,0,0
"KOEI TECMO GAMES CO., LTD.",2156255,"Atelier Ryza 3 - Additional Area ""Ashra-am Baird Outlying Areas""",DLC,70.57,1687392000,0,0,0
"KOEI TECMO GAMES CO., LTD.",589700,"RTK13WPK - Collaborative set with ""Hyakumannin no Sangokushi"" 『100万人の三國志』コラボセット",DLC,70.57,1490140800,0,0,0
"KOEI TECMO GAMES CO., LTD.",531155,DEAD OR ALIVE 5 Last Round: Core Fighters Character: Helena,DLC,70.57,1475452800,0,0,0
"KOEI TECMO GAMES CO., LTD.",430341,RTK13 - Additional BGM - “RTK12” Set ① 追加BGM『三國志12』セット①,DLC,70.57,1453939200,0,0,0
"KOEI TECMO GAMES CO., LTD.",428500,RTK13 - Additional Scenario - “Campaign against Lu Bu” 追加シナリオ「呂布討伐戦」,DLC,70.57,1453939200,0,0,0
"KOEI TECMO GAMES CO., LTD.",316862,DW8XLCE - DW7 ORIGINAL COSTUME PACK 3,DLC,70.57,1408492800,0,0,0
"KOEI TECMO GAMES CO., LTD.",1147480,WARRIORS OROCHI 4: The Ultimate Upgrade Pack,DLC,70.5,1581638400,0,0,0
"KOEI TECMO GAMES CO., LTD.",636570,Nights of Azure 2: Bride of the New Moon,Game,70.47,1508803200,14303,0,151
"KOEI TECMO GAMES CO., LTD.",378505,One Piece Pirate Warriors 3 DLC Pack 2,DLC,70.34,1442880000,0,0,0
"KOEI TECMO GAMES CO., LTD.",628080,Romance of the Three Kingdoms XII with Power Up Kit,Game,69.94,1516147200,2462,37,335
"KOEI TECMO GAMES CO., LTD.",1092291,DOA6  THE KING OF FIGHTERS XIV Mashup Content Set,DLC,69.94,1560816000,0,0,0
"KOEI TECMO GAMES CO., LTD.",1134387,DOA6 Character Momiji + Debut Costume Set,DLC,69.91,1568851200,0,0,0
"KOEI TECMO GAMES CO., LTD.",430346,RTK13 - Additional Officer Data - Legendary Officers Set ② 追加武将データ 古武将セット②,DLC,69.91,1455148800,0,0,0
"KOEI TECMO GAMES CO., LTD.",316868,DW8XLCE - SOLDIER & OFFICER UNIFORM SET,DLC,69.91,1408492800,0,0,0
"KOEI TECMO GAMES CO., LTD.",316864,DW8XLCE - WEAPON SYSTEM & UPGRADE PACK,DLC,69.91,1408492800,0,0,0
"KOEI TECMO GAMES CO., LTD.",316444,DW8XLCE - OLD COSTUME PACK 3,DLC,69.91,1407369600,0,0,0
"KOEI TECMO GAMES CO., LTD.",445261,Naotora Ii Debut Costume Set,DLC,69.59,1459209600,0,0,0
"KOEI TECMO GAMES CO., LTD.",4337630,WARRIORS: Abyss - DYNASTY WARRIORS: ORIGINS Other Character Version Set (Full Set),DLC,69.44,1770940800,0,0,0
"KOEI TECMO GAMES CO., LTD.",2156254,Atelier Ryza 3 - Atelier Series Legacy BGM Pack,DLC,69.44,1683763200,0,0,0
"KOEI TECMO GAMES CO., LTD.",1159329,[Revival] DOA6 Sexy Bunny Costume Set,DLC,69.44,1571097600,0,0,0
"KOEI TECMO GAMES CO., LTD.",978864,"DYNASTY WARRIORS 9: Guo Jia ""Additional Hypothetical Scenarios Set"" / 郭嘉「追加ＩＦシナリオセット」",DLC,69.44,1548892800,0,0,0
"KOEI TECMO GAMES CO., LTD.",569686,Toukiden 2 - Armor: Fugaku Outfit / Nagi Outfit,DLC,69.44,1490659200,0,0,0
"KOEI TECMO GAMES CO., LTD.",363630,DW8E: Edit Parts - Equipment Kimono,DLC,69.44,1431993600,0,0,0
"KOEI TECMO GAMES CO., LTD.",964930,DYNASTY WARRIORS 9: Season Pass 2 / シーズンパス２,DLC,69.36,1541635200,0,0,0
"KOEI TECMO GAMES CO., LTD.",3811140,The Red Alchemist & the White Guardian - Additional Characters - Resna and Valeria,DLC,69.2,1763596800,0,0,0
"KOEI TECMO GAMES CO., LTD.",3358070,"WARRIORS: Abyss - ""DYNASTY WARRIORS"" Costume Set",DLC,69.2,1739318400,0,0,0
"KOEI TECMO GAMES CO., LTD.",2208450,Atelier Marie Remake: The Alchemist of Salburg Digital Deluxe Upgrade Pack,DLC,69.2,1689206400,0,0,0
"KOEI TECMO GAMES CO., LTD.",1744842,BLUE REFLECTION: Second Light - School Development Facility - Summer Night Vacation,DLC,69.2,1640044800,0,0,0
"KOEI TECMO GAMES CO., LTD.",1684163,DYNASTY WARRIORS 9 Empires - Idol Stage,DLC,69.2,1643846400,0,0,0
"KOEI TECMO GAMES CO., LTD.",1684155,DYNASTY WARRIORS 9 Empires - Male Custom Ogre God Set & Female Custom Fu Hao Set,DLC,69.2,1642636800,0,0,0
"KOEI TECMO GAMES CO., LTD.",1684149,DYNASTY WARRIORS 9 Empires - Unisex Custom White Tiger Armor Set,DLC,69.2,1641427200,0,0,0
"KOEI TECMO GAMES CO., LTD.",1634710,SAMURAI WARRIORS 5 - Additional Scenario & BGM Set 3,DLC,69.2,1628121600,0,0,0
"KOEI TECMO GAMES CO., LTD.",1634708,SAMURAI WARRIORS 5 - Additional Scenario & BGM Set 1,DLC,69.2,1628121600,0,0,0
"KOEI TECMO GAMES CO., LTD.",1634701,"SAMURAI WARRIORS 5 - Additional Horse ""Armor Coat""",DLC,69.2,1628121600,0,0,0
"KOEI TECMO GAMES CO., LTD.",1431494,"RTK14 EP: Scenario for War Chronicles Mode - 4th Wave: ""The Battle for Wu""",DLC,69.2,1619568000,0,0,0
"KOEI TECMO GAMES CO., LTD.",1431490,"RTK14 EP: Scenario for War Chronicles Mode - 3rd Wave: ""The Battle for Hebei""",DLC,69.2,1616630400,0,0,0
"KOEI TECMO GAMES CO., LTD.",1224824,DOA6 Seaside Eden Costume - Tamaki,DLC,69.2,1583798400,0,0,0
"KOEI TECMO GAMES CO., LTD.",1224761,DOA6 Atelier Ryza Mashup - Honoka & Ryza,DLC,69.2,1582588800,0,0,0
"KOEI TECMO GAMES CO., LTD.",1224760,DOA6 Atelier Ryza Mashup - Marie Rose & Klaudia,DLC,69.2,1582588800,0,0,0
"KOEI TECMO GAMES CO., LTD.",1205796,"DOA6 ""Nova"" Sci-Fi Body Suit - NiCO",DLC,69.2,1579564800,0,0,0
"KOEI TECMO GAMES CO., LTD.",1188612,Atelier Ryza: Muscle Volcano,DLC,69.2,1576540800,0,0,0
"KOEI TECMO GAMES CO., LTD.",1169720,[Revival] DOA6 Hot Summer Costume - Marie Rose,DLC,69.2,1573516800,0,0,0
"KOEI TECMO GAMES CO., LTD.",1134419,DOA6 Morphing Ninja Costume - Marie Rose,DLC,69.2,1568851200,0,0,0
"KOEI TECMO GAMES CO., LTD.",1099202,DOA6 Happy Wedding Costume Vol.1 - Marie Rose,DLC,69.2,1560816000,0,0,0
"KOEI TECMO GAMES CO., LTD.",1055071,Nelke & the LA: Extra Story,DLC,69.2,1564099200,0,0,0
"KOEI TECMO GAMES CO., LTD.",1022460,DFF NT: Squall Leonhart Starter Pack,DLC,69.2,1552348800,0,0,0
"KOEI TECMO GAMES CO., LTD.",1019989,"DYNASTY WARRIORS 9: Wang Yi ""Knight Costume"" / 王異「騎士風コスチューム」",DLC,69.2,1554940800,0,0,0
"KOEI TECMO GAMES CO., LTD.",1019988,"DYNASTY WARRIORS 9: Xin Xianying ""Knight Costume"" / 辛憲英「騎士風コスチューム」",DLC,69.2,1554940800,0,0,0
"KOEI TECMO GAMES CO., LTD.",1019985,"DYNASTY WARRIORS 9: Lianshi ""Knight Costume"" / 練師「騎士風コスチューム」",DLC,69.2,1554336000,0,0,0
"KOEI TECMO GAMES CO., LTD.",1019969,"DYNASTY WARRIORS 9: Diaochan ""Knight Costume"" / 貂蝉「騎士風コスチューム」",DLC,69.2,1553040000,0,0,0
"KOEI TECMO GAMES CO., LTD.",978862,"DYNASTY WARRIORS 9: Additional Weapon ""Lightning Sword"" / 追加武器「迅雷剣」",DLC,69.2,1547078400,0,0,0
"KOEI TECMO GAMES CO., LTD.",978860,"DYNASTY WARRIORS 9: Additional Weapon ""Curved Sword"" / 追加武器「弧刀」",DLC,69.2,1544659200,0,0,0
"KOEI TECMO GAMES CO., LTD.",978854,DYNASTY WARRIORS 9: Wang Yuanji (Nurse Costume) / 王元姫 「ナース風コスチューム」,DLC,69.2,1547683200,0,0,0
"KOEI TECMO GAMES CO., LTD.",978852,DYNASTY WARRIORS 9: Wang Yi (Sommelier Costume) / 王異 「ソムリエ風コスチューム」,DLC,69.2,1545264000,0,0,0
"KOEI TECMO GAMES CO., LTD.",978161,WARRIORS OROCHI 4/無双OROCHI３- Bonus Costumes for Mitsunari Ishida,DLC,69.2,1545868800,0,0,0
"KOEI TECMO GAMES CO., LTD.",964938,DYNASTY WARRIORS 9: Xiahouji (New wife Costume) / 夏侯姫 「新妻風コスチューム」,DLC,69.2,1542844800,0,0,0
"KOEI TECMO GAMES CO., LTD.",964936,DYNASTY WARRIORS 9: Bao Sanniang (Cheerleaders Costume) / 鮑三娘 「チアガール風コスチューム」,DLC,69.2,1542844800,0,0,0
"KOEI TECMO GAMES CO., LTD.",964935,DYNASTY WARRIORS 9: Xingcai (High school girls Costume) / 星彩 「女子高生風コスチューム」,DLC,69.2,1542844800,0,0,0
"KOEI TECMO GAMES CO., LTD.",964933,DYNASTY WARRIORS 9: Lianshi (Police Officer Costume) / 練師 「警官風コスチューム」,DLC,69.2,1541721600,0,0,0
"KOEI TECMO GAMES CO., LTD.",964931,DYNASTY WARRIORS 9: Sun Shangxiang (High School Girl Costume) / 孫尚香 「女子高生風コスチューム」,DLC,69.2,1541721600,0,0,0
"KOEI TECMO GAMES CO., LTD.",962304,Xu Sheng - Officer Ticket / 徐盛使用券,DLC,69.2,1541116800,0,0,0
"KOEI TECMO GAMES CO., LTD.",962303,Cheng Pu - Officer Ticket / 程普使用券,DLC,69.2,1541116800,0,0,0
"KOEI TECMO GAMES CO., LTD.",962302,Xun You - Officer Ticket / 荀攸使用券,DLC,69.2,1541116800,0,0,0
"KOEI TECMO GAMES CO., LTD.",962301,Man Chong - Officer Ticket / 満寵使用券,DLC,69.2,1541116800,0,0,0
"KOEI TECMO GAMES CO., LTD.",962300,Cao Xiu - Officer Ticket / 曹休使用券,DLC,69.2,1541116800,0,0,0
"KOEI TECMO GAMES CO., LTD.",956946,Fa Zheng - Officer Ticket / 法正使用券,DLC,69.2,1541116800,0,0,0
"KOEI TECMO GAMES CO., LTD.",956942,Wen Yang - Officer Ticket / 文鴦使用券,DLC,69.2,1541116800,0,0,0
"KOEI TECMO GAMES CO., LTD.",956930,Zhang Bao - Officer Ticket / 張苞使用券,DLC,69.2,1541116800,0,0,0
"KOEI TECMO GAMES CO., LTD.",956924,Guan Xing - Officer Ticket / 関興使用券,DLC,69.2,1541116800,0,0,0
"KOEI TECMO GAMES CO., LTD.",956923,Han Dang - Officer Ticket / 韓当使用券,DLC,69.2,1541116800,0,0,0
"KOEI TECMO GAMES CO., LTD.",956921,Li Dian - Officer Ticket / 李典使用券,DLC,69.2,1541116800,0,0,0
"KOEI TECMO GAMES CO., LTD.",956920,Yue Jin - Officer Ticket / 楽進使用券,DLC,69.2,1541116800,0,0,0
"KOEI TECMO GAMES CO., LTD.",956898,Xu Shu - Officer Ticket / 徐庶使用券,DLC,69.2,1541116800,0,0,0
"KOEI TECMO GAMES CO., LTD.",956896,Wang Yi - Officer Ticket / 王異使用券,DLC,69.2,1541116800,0,0,0
"KOEI TECMO GAMES CO., LTD.",956893,Guan Suo - Officer Ticket / 関索使用券,DLC,69.2,1541116800,0,0,0
"KOEI TECMO GAMES CO., LTD.",956891,Ma Dai - Officer Ticket / 馬岱使用券,DLC,69.2,1541116800,0,0,0
"KOEI TECMO GAMES CO., LTD.",956865,Xiahou Ba - Officer Ticket / 夏侯覇使用券,DLC,69.2,1541116800,0,0,0
"KOEI TECMO GAMES CO., LTD.",956864,Zhuge Dan - Officer Ticket / 諸葛誕使用券,DLC,69.2,1541116800,0,0,0
"KOEI TECMO GAMES CO., LTD.",956771,Jia Xu - Officer Ticket / 賈詡使用券,DLC,69.2,1541116800,0,0,0
"KOEI TECMO GAMES CO., LTD.",956768,Cai Wenji - Officer Ticket / 蔡文姫使用券,DLC,69.2,1541116800,0,0,0
"KOEI TECMO GAMES CO., LTD.",956767,Meng Huo - Officer Ticket / 孟獲使用券,DLC,69.2,1541116800,0,0,0
"KOEI TECMO GAMES CO., LTD.",956753,Guan Ping - Officer Ticket / 関平使用券,DLC,69.2,1541116800,0,0,0
"KOEI TECMO GAMES CO., LTD.",956752,Wei Yan - Officer Ticket / 魏延使用券,DLC,69.2,1541116800,0,0,0
"KOEI TECMO GAMES CO., LTD.",956751,Huang Zhong - Officer Ticket / 黄忠使用券,DLC,69.2,1541116800,0,0,0
"KOEI TECMO GAMES CO., LTD.",956738,Sun Ce - Officer Ticket / 孫策使用券,DLC,69.2,1541116800,0,0,0
"KOEI TECMO GAMES CO., LTD.",956733,Taishi Ci - Officer Ticket / 太史慈使用券,DLC,69.2,1541116800,0,0,0
"KOEI TECMO GAMES CO., LTD.",956731,Cao Ren - Officer Ticket / 曹仁使用券,DLC,69.2,1541116800,0,0,0
"KOEI TECMO GAMES CO., LTD.",956728,Xiahou Yuan - Officer Ticket / 夏侯淵使用券,DLC,69.2,1541116800,0,0,0
"KOEI TECMO GAMES CO., LTD.",956725,Diaochan - Officer Ticket / 貂蝉使用券,DLC,69.2,1541116800,0,0,0
"KOEI TECMO GAMES CO., LTD.",956722,Zhang Fei - Officer Ticket / 張飛使用券,DLC,69.2,1541116800,0,0,0
"KOEI TECMO GAMES CO., LTD.",956709,Sun Jian - Officer Ticket / 孫堅使用券,DLC,69.2,1541116800,0,0,0
"KOEI TECMO GAMES CO., LTD.",956703,Zhang Liao - Officer Ticket / 張遼使用券,DLC,69.2,1541116800,0,0,0
"KOEI TECMO GAMES CO., LTD.",956702,Sima Yi - Officer Ticket / 司馬懿使用券,DLC,69.2,1541116800,0,0,0
"KOEI TECMO GAMES CO., LTD.",956701,Dian Wei - Officer Ticket / 典韋使用券,DLC,69.2,1541116800,0,0,0
"KOEI TECMO GAMES CO., LTD.",956700,Xiahou Dun - Officer Ticket / 夏侯惇使用券,DLC,69.2,1541116800,0,0,0
"KOEI TECMO GAMES CO., LTD.",933561,WARRIORS OROCHI 4/無双OROCHI３ - Sacred Treasures Pack,DLC,69.2,1540425600,0,0,0
"KOEI TECMO GAMES CO., LTD.",933555,WARRIORS OROCHI 4/無双OROCHI３ - Legendary Weapons Samurai Warriors Pack 5,DLC,69.2,1541030400,0,0,0
"KOEI TECMO GAMES CO., LTD.",933553,WARRIORS OROCHI 4/無双OROCHI３ - Legendary Weapons Samurai Warriors Pack 3,DLC,69.2,1541030400,0,0,0
"KOEI TECMO GAMES CO., LTD.",933550,WARRIORS OROCHI 4/無双OROCHI３ - Legendary Weapons Others Pack,DLC,69.2,1541030400,0,0,0
"KOEI TECMO GAMES CO., LTD.",933539,WARRIORS OROCHI 4/無双OROCHI３ - Legendary Weapons Jin Pack,DLC,69.2,1541030400,0,0,0
"KOEI TECMO GAMES CO., LTD.",933538,WARRIORS OROCHI 4/無双OROCHI３ - Legendary Weapons Wu Pack 2,DLC,69.2,1541030400,0,0,0
"KOEI TECMO GAMES CO., LTD.",933537,WARRIORS OROCHI 4/無双OROCHI３ - Legendary Weapons Wu Pack 1,DLC,69.2,1541030400,0,0,0
"KOEI TECMO GAMES CO., LTD.",933536,WARRIORS OROCHI 4/無双OROCHI３ - Legendary Weapons Shu Pack 2,DLC,69.2,1541030400,0,0,0
"KOEI TECMO GAMES CO., LTD.",933535,WARRIORS OROCHI 4/無双OROCHI３ - Legendary Weapons Shu Pack 1,DLC,69.2,1541030400,0,0,0
"KOEI TECMO GAMES CO., LTD.",933534,WARRIORS OROCHI 4/無双OROCHI３ - Legendary Weapons Wei Pack 2,DLC,69.2,1541030400,0,0,0
"KOEI TECMO GAMES CO., LTD.",933521,WARRIORS OROCHI 4/無双OROCHI３ - Legendary Costumes Wu Pack 2,DLC,69.2,1539648000,0,0,0
"KOEI TECMO GAMES CO., LTD.",933520,WARRIORS OROCHI 4/無双OROCHI３ - Legendary Costumes Wu Pack 1,DLC,69.2,1539648000,0,0,0
"KOEI TECMO GAMES CO., LTD.",933512,WARRIORS OROCHI 4/無双OROCHI３ - Legendary Costumes Shu Pack 2,DLC,69.2,1539648000,0,0,0
"KOEI TECMO GAMES CO., LTD.",892394,Wang Yi (Dudou Costume)/王異「肚兜風コスチューム」,DLC,69.2,1531958400,0,0,0
"KOEI TECMO GAMES CO., LTD.",892392,Diaochan (Dudou Costume)/貂蝉「肚兜風コスチューム」,DLC,69.2,1531958400,0,0,0
"KOEI TECMO GAMES CO., LTD.",892390,Zhao Yun (Beijing Opera-Style Costume)/趙雲「京劇風コスチューム」,DLC,69.2,1531958400,0,0,0
"KOEI TECMO GAMES CO., LTD.",810870,Delicacies and Rarities Pack,DLC,69.2,1524009600,0,0,0
"KOEI TECMO GAMES CO., LTD.",798020,Additional Episode: Attack IQ Championship,DLC,69.2,1523318400,0,0,0
"KOEI TECMO GAMES CO., LTD.",797940,Additional Episode: White Out,DLC,69.2,1522713600,0,0,0
"KOEI TECMO GAMES CO., LTD.",797890,Additional Reiner Costume: American Football Outfit,DLC,69.2,1522713600,0,0,0
"KOEI TECMO GAMES CO., LTD.",797820,Additional Jean Costume: Clown Outfit,DLC,69.2,1522108800,0,0,0
"KOEI TECMO GAMES CO., LTD.",658294,WARRIORS ALL-STARS: Honoka-themed costume for Arnice,DLC,69.2,1504051200,0,0,0
"KOEI TECMO GAMES CO., LTD.",658278,WARRIORS ALL-STARS: Horo-themed costume for Rio,DLC,69.2,1504051200,0,0,0
"KOEI TECMO GAMES CO., LTD.",658273,WARRIORS ALL-STARS: Plachta-themed costume for Millennia,DLC,69.2,1504051200,0,0,0
"KOEI TECMO GAMES CO., LTD.",614020,DOA5LR Shrine Maiden Costume Set,DLC,69.2,1492387200,0,0,0
"KOEI TECMO GAMES CO., LTD.",573546,Atelier Firis - Atelier series special BGM pack / アトリエシリーズスペシャルBGMパック,DLC,69.2,1488844800,0,0,0
"KOEI TECMO GAMES CO., LTD.",449010,RTK13 - Mitsuteru Yokoyama's “Sangokushi” tie-up Officer CG “Zhuge Liang②” 横山光輝「三国志」タイアップ武将CG「諸葛亮②」,DLC,69.2,1458172800,0,0,0
"KOEI TECMO GAMES CO., LTD.",430354,RTK13 - “Three Kingdoms” tie-up Officer CG Set 3 ドラマ「三国志」タイアップ武将CGセット3,DLC,69.2,1456963200,0,0,0
"KOEI TECMO GAMES CO., LTD.",380901,TOUKIDEN Kiwami - Mission Collection 8-11,DLC,69.2,1435881600,0,0,0
"KOEI TECMO GAMES CO., LTD.",430347,RTK13 - Additional Officer Data - Legendary Officers Set ③ 追加武将データ 古武将セット③,DLC,68.97,1456358400,0,0,0
"KOEI TECMO GAMES CO., LTD.",1205760,DOA6 Season Pass 4,DLC,68.83,1579564800,0,0,0
"KOEI TECMO GAMES CO., LTD.",1638310,"RTK14: Nijisanji VTubers: ""Kuzuha, Sister Claire, and Debidebi Debiru"" Collaboration Officer Data",DLC,68.8,1627516800,0,0,0
"KOEI TECMO GAMES CO., LTD.",569712,BERSERK - Casca Costume: Guts' Tank Top,DLC,68.8,1487721600,0,0,0
"KOEI TECMO GAMES CO., LTD.",610190,WARRIORS ALL-STARS,Game,68.72,1504051200,10643,3,369
"KOEI TECMO GAMES CO., LTD.",521690,Romance of the Three Kingdoms II,Game,68.51,1485216000,501,7,41
"KOEI TECMO GAMES CO., LTD.",1224820,DOA6 Character: Tamaki,DLC,68.51,1583798400,0,0,0
"KOEI TECMO GAMES CO., LTD.",1361350,DEAD OR ALIVE Xtreme Venus Vacation,Game,68.41,1597708800,3719,207,2218
"KOEI TECMO GAMES CO., LTD.",3401950,Atelier Yumia - Yumia and Flammi Swimsuit Set,DLC,68.15,1742515200,0,0,0
"KOEI TECMO GAMES CO., LTD.",3285060,Atelier Yumia Season Pass,DLC,68.15,1742515200,0,0,0
"KOEI TECMO GAMES CO., LTD.",2156236,Atelier Ryza 3 Season Pass,DLC,68.15,1679616000,0,0,0
"KOEI TECMO GAMES CO., LTD.",1543950,"RTK14: ""Ryza and Her New Friends"" Officer Data",DLC,68.15,1616630400,0,0,0
"KOEI TECMO GAMES CO., LTD.",1169726,[Revival] DOA6 Hot Summer Costume Set,DLC,68.15,1573516800,0,0,0
"KOEI TECMO GAMES CO., LTD.",978855,DYNASTY WARRIORS 9: Diaochan (Bride Costume) / 貂蝉 「花嫁風コスチューム」,DLC,68.15,1547683200,0,0,0
"KOEI TECMO GAMES CO., LTD.",933570,WARRIORS OROCHI 4/無双OROCHI３ - ω-Force 20th Anniversary Concert BGM Pack,DLC,68.15,1541635200,0,0,0
"KOEI TECMO GAMES CO., LTD.",658271,WARRIORS ALL-STARS: Exclusive Costume Set,DLC,68.15,1504051200,0,0,0
"KOEI TECMO GAMES CO., LTD.",533555,DEAD OR ALIVE 5 Last Round: Core Fighters Character: Jacky,DLC,68.15,1475452800,0,0,0
"KOEI TECMO GAMES CO., LTD.",533552,DEAD OR ALIVE 5 Last Round: Core Fighters Character: Akira,DLC,68.15,1475452800,0,0,0
"KOEI TECMO GAMES CO., LTD.",531170,DEAD OR ALIVE 5 Last Round: Core Fighters Character: Brad Wong,DLC,68.15,1475452800,0,0,0
"KOEI TECMO GAMES CO., LTD.",531159,DEAD OR ALIVE 5 Last Round: Core Fighters Character: Pai,DLC,68.15,1475452800,0,0,0
"KOEI TECMO GAMES CO., LTD.",348681,DW8E: Edit Parts - Equipment Pack 1,DLC,68.15,1425945600,0,0,0
"KOEI TECMO GAMES CO., LTD.",311730,DEAD OR ALIVE 5 Last Round: Core Fighters,Game,68.13,1427673600,78381,46,2827
"KOEI TECMO GAMES CO., LTD.",628140,NOBUNAGA'S AMBITION: Tenkasousei with Power Up Kit,Game,68.03,1516147200,1042,34,145
"KOEI TECMO GAMES CO., LTD.",375450,NOBUNAGA'S AMBITION: Sphere of Influence - Ascension,Game,68.0,1458777600,7286,152,7488
"KOEI TECMO GAMES CO., LTD.",4337620,WARRIORS: Abyss - DYNASTY WARRIORS: ORIGINS Main Content Set + Playable Character Set,DLC,67.93,1770940800,0,0,0
"KOEI TECMO GAMES CO., LTD.",1188619,"Atelier Ryza: Klaudia's Story ""Atelier Klaudia""",DLC,67.93,1578960000,0,0,0
"KOEI TECMO GAMES CO., LTD.",1034480,DOA6 Character: Phase4,DLC,67.93,1553817600,0,0,0
"KOEI TECMO GAMES CO., LTD.",531150,DEAD OR ALIVE 5 Last Round: Core Fighters Character: Kokoro,DLC,67.93,1475452800,0,0,0
"KOEI TECMO GAMES CO., LTD.",430349,RTK13 - Hero Mode Additional Stage Set 2 英傑伝追加ステージセット②,DLC,67.93,1455753600,0,0,0
"KOEI TECMO GAMES CO., LTD.",316448,DW8XLCE - BASE THEME PACK,DLC,67.93,1407369600,0,0,0
"KOEI TECMO GAMES CO., LTD.",316446,DW8XLCE - POWERFUL WEAPON PACK,DLC,67.91,1407369600,0,0,0
"KOEI TECMO GAMES CO., LTD.",1001060,Attack on Titan 2: Final Battle Upgrade Pack / A.O.T. 2: Final Battle Upgrade Pack / 進撃の巨人２ -Final Battle- アップグレードパック,DLC,67.73,1562284800,0,0,0
"KOEI TECMO GAMES CO., LTD.",574050,DRAGON QUEST HEROES™ II,Game,67.63,1493078400,22224,4,847
"KOEI TECMO GAMES CO., LTD.",378504,One Piece Pirate Warriors 3 DLC Pack 1,DLC,67.58,1441670400,0,0,0
"KOEI TECMO GAMES CO., LTD.",378501,One Piece Pirate Warriors 3 Story Pack,DLC,67.41,1440720000,0,0,0
"KOEI TECMO GAMES CO., LTD.",1074270,DOA6 Character: Kula Diamond,DLC,67.4,1560816000,0,0,0
"KOEI TECMO GAMES CO., LTD.",3187290,Winning Post 10 2025,Game,67.18,1743033600,1032,158,2863
"KOEI TECMO GAMES CO., LTD.",2586650,Winning Post 10 2024,Game,67.17,1711584000,1340,66,3734
"KOEI TECMO GAMES CO., LTD.",3931880,"Atelier Yumia - ""The Red Alchemist & the White Guardian"" Costume Set",DLC,67.06,1759104000,0,0,0
"KOEI TECMO GAMES CO., LTD.",3668860,"Atelier Yumia - Special costume for Yumia in collaboration with Asbel from ""Tales of Graces f Remastered""",DLC,67.06,1750636800,0,0,0
"KOEI TECMO GAMES CO., LTD.",3285150,"Atelier Yumia - ""Cute Kitty Swimsuit"" Costume for Lenja",DLC,67.06,1742515200,0,0,0
"KOEI TECMO GAMES CO., LTD.",3231820,"ROMANCE OF THE THREE KINGDOMS 8 REMAKE Scenario ""Tiger and Wolf Unleashed""",DLC,67.06,1742860800,0,0,0
"KOEI TECMO GAMES CO., LTD.",2156251,"Atelier Ryza 3 - Recipe Expansion Pack ""Alchemy Mysteries""",DLC,67.06,1681344000,0,0,0
"KOEI TECMO GAMES CO., LTD.",1744841,"BLUE REFLECTION: Second Light - Yuki, Shiho & Mio Costumes - Beachside Puppies",DLC,67.06,1640044800,0,0,0
"KOEI TECMO GAMES CO., LTD.",1744837,BLUE REFLECTION: Second Light - Costume Set - Beachside Puppies,DLC,67.06,1640044800,0,0,0
"KOEI TECMO GAMES CO., LTD.",1744834,"BLUE REFLECTION: Second Light - Yuki, Shiho & Mio Costumes - Hospitable Kitties",DLC,67.06,1637625600,0,0,0
"KOEI TECMO GAMES CO., LTD.",1744830,BLUE REFLECTION: Second Light - Costume Set - Hospitable Kitties,DLC,67.06,1637625600,0,0,0
"KOEI TECMO GAMES CO., LTD.",1684164,DYNASTY WARRIORS 9 Empires - Male Custom Heretic Set & Female Custom Sage Set,DLC,67.06,1644451200,0,0,0
"KOEI TECMO GAMES CO., LTD.",1684157,DYNASTY WARRIORS 9 Empires - Unisex Custom Cunning Concealment Set,DLC,67.06,1642636800,0,0,0
"KOEI TECMO GAMES CO., LTD.",1684152,DYNASTY WARRIORS 9 Empires - Far Eastern Palace,DLC,67.06,1642032000,0,0,0
"KOEI TECMO GAMES CO., LTD.",1684150,DYNASTY WARRIORS 9 Empires - Unisex Custom Vermilion Bird Armor Set,DLC,67.06,1641427200,0,0,0
"KOEI TECMO GAMES CO., LTD.",1634713,SAMURAI WARRIORS 5 - Additional Scenario & BGM Set 6,DLC,67.06,1629331200,0,0,0
"KOEI TECMO GAMES CO., LTD.",1634712,SAMURAI WARRIORS 5 - Additional Scenario & BGM Set 5,DLC,67.06,1629331200,0,0,0
"KOEI TECMO GAMES CO., LTD.",1634711,SAMURAI WARRIORS 5 - Additional Scenario & BGM Set 4,DLC,67.06,1629331200,0,0,0
"KOEI TECMO GAMES CO., LTD.",1634709,SAMURAI WARRIORS 5 - Additional Scenario & BGM Set 2,DLC,67.06,1628121600,0,0,0
"KOEI TECMO GAMES CO., LTD.",1634707,SAMURAI WARRIORS 5 - Additional Weapon set 5,DLC,67.06,1629331200,0,0,0
"KOEI TECMO GAMES CO., LTD.",1634702,"SAMURAI WARRIORS 5 - Additional Horse ""Qilin""",DLC,67.06,1629331200,0,0,0
"KOEI TECMO GAMES CO., LTD.",1634700,"SAMURAI WARRIORS 5 - Additional Horse ""Silver Coat""",DLC,67.06,1628121600,0,0,0
"KOEI TECMO GAMES CO., LTD.",1634699,"SAMURAI WARRIORS 5 - Additional Horse ""Black Shadow""",DLC,67.06,1629331200,0,0,0
"KOEI TECMO GAMES CO., LTD.",1634697,"SAMURAI WARRIORS 5 - Additional Horse ""Ghost""",DLC,67.06,1629331200,0,0,0
"KOEI TECMO GAMES CO., LTD.",1441730,Atelier Ryza 2: Gust Extra BGM Pack,DLC,67.06,1615852800,0,0,0
"KOEI TECMO GAMES CO., LTD.",1441727,"Atelier Ryza 2: Recipe Expansion Pack ""The Art of Battle""",DLC,67.06,1617667200,0,0,0
"KOEI TECMO GAMES CO., LTD.",1431488,"RTK14 EP: Scenario for War Chronicles Mode - 2nd Wave: ""Clash of the Warmongers""",DLC,67.06,1614211200,0,0,0
"KOEI TECMO GAMES CO., LTD.",1224763,DOA6 Atelier Ryza Mashup Set,DLC,67.06,1582588800,0,0,0
"KOEI TECMO GAMES CO., LTD.",1224762,DOA6 Atelier Ryza Mashup - NiCO & Lila,DLC,67.06,1582588800,0,0,0
"KOEI TECMO GAMES CO., LTD.",1212810,[Revival] DOA6 Alluring Mandarin Dress - Marie Rose,DLC,67.06,1581465600,0,0,0
"KOEI TECMO GAMES CO., LTD.",1195208,DOA6 Santa Bikini - Hitomi,DLC,67.06,1576540800,0,0,0
"KOEI TECMO GAMES CO., LTD.",1195167,DOA6 Character Rachel + Debut Costume Set,DLC,67.06,1576540800,0,0,0
"KOEI TECMO GAMES CO., LTD.",1179655,DOA6 Energy Up! Training Wear - Momiji,DLC,67.06,1574726400,0,0,0
"KOEI TECMO GAMES CO., LTD.",1179636,DOA6 Energy Up! Training Wear - La Mariposa,DLC,67.06,1574726400,0,0,0
"KOEI TECMO GAMES CO., LTD.",1179630,DOA6 Energy Up! Training Wear - Tina,DLC,67.06,1574726400,0,0,0
"KOEI TECMO GAMES CO., LTD.",1169725,[Revival] DOA6 Hot Summer Costume - Momiji,DLC,67.06,1573516800,0,0,0
"KOEI TECMO GAMES CO., LTD.",1168566,[Revival] DOA6 Hot Summer Costume - La Mariposa,DLC,67.06,1573516800,0,0,0
"KOEI TECMO GAMES CO., LTD.",1168516,DOA6 Witch Party Costume - La Mariposa,DLC,67.06,1572307200,0,0,0
"KOEI TECMO GAMES CO., LTD.",1159323,[Revival] DOA6 Sexy Bunny Costume - Marie Rose,DLC,67.06,1571097600,0,0,0
"KOEI TECMO GAMES CO., LTD.",1159310,[Revival] DOA6 Sexy Bunny Costume - Tina,DLC,67.06,1571097600,0,0,0
"KOEI TECMO GAMES CO., LTD.",1134410,DOA6 Morphing Ninja Costume - Ayane,DLC,67.06,1568851200,0,0,0
"KOEI TECMO GAMES CO., LTD.",1134384,DOA6 Seaside Eden Costume - Momiji,DLC,67.06,1568851200,0,0,0
"KOEI TECMO GAMES CO., LTD.",1120020,DOA6 Summer Breeze Collection - Marie Rose,DLC,67.06,1566259200,0,0,0
"KOEI TECMO GAMES CO., LTD.",1111530,DOA6 Vacation to Paradise BGM Set,DLC,67.06,1563840000,0,0,0
"KOEI TECMO GAMES CO., LTD.",1111513,DOA6 Seaside Eden Costume - Honoka,DLC,67.06,1563840000,0,0,0
"KOEI TECMO GAMES CO., LTD.",1099260,DOA6 Happy Wedding Costume Vol.2 - Honoka,DLC,67.06,1560816000,0,0,0
"KOEI TECMO GAMES CO., LTD.",1099211,DOA6 Happy Wedding Costume Vol.1 - Jann Lee,DLC,67.06,1560816000,0,0,0
"KOEI TECMO GAMES CO., LTD.",1022507,DFF NT: Scion Healer's Robe Appearance Set for Y'shtola,DLC,67.06,1552348800,0,0,0
"KOEI TECMO GAMES CO., LTD.",1022469,DFF NT: Y'shtola Starter Pack,DLC,67.06,1552348800,0,0,0
"KOEI TECMO GAMES CO., LTD.",1022468,DFF NT: Lightning Starter Pack,DLC,67.06,1552348800,0,0,0
"KOEI TECMO GAMES CO., LTD.",1022392,DFF NT: Yuna Starter Pack,DLC,67.06,1552348800,0,0,0
"KOEI TECMO GAMES CO., LTD.",1022330,DFF NT: Vayne Carudas Solidor Starter Pack,DLC,67.06,1552348800,0,0,0
"KOEI TECMO GAMES CO., LTD.",1019991,"DYNASTY WARRIORS 9: Ling Tong ""Samurai Costume"" / 凌統「武者風コスチューム」",DLC,67.06,1554940800,0,0,0
"KOEI TECMO GAMES CO., LTD.",1019990,"DYNASTY WARRIORS 9: Gan Ning ""Samurai Costume"" / 甘寧「武者風コスチューム」",DLC,67.06,1554940800,0,0,0
"KOEI TECMO GAMES CO., LTD.",1019987,"DYNASTY WARRIORS 9: Jia Chong ""Knight Costume"" / 賈充「騎士風コスチューム」",DLC,67.06,1554336000,0,0,0
"KOEI TECMO GAMES CO., LTD.",978850,DYNASTY WARRIORS 9: Zhenji (Flight Attendant Costume) / 甄姫 「CA風コスチューム」,DLC,67.06,1545264000,0,0,0
"KOEI TECMO GAMES CO., LTD.",978160,WARRIORS OROCHI 4/無双OROCHI３- Bonus Costumes for Xu Shu,DLC,67.06,1545868800,0,0,0
"KOEI TECMO GAMES CO., LTD.",956945,Zhu Ran - Officer Ticket / 朱然使用券,DLC,67.06,1541116800,0,0,0
"KOEI TECMO GAMES CO., LTD.",956943,Zhang Chunhua - Officer Ticket / 張春華使用券,DLC,67.06,1541116800,0,0,0
"KOEI TECMO GAMES CO., LTD.",956941,Jia Chong - Officer Ticket / 賈充使用券,DLC,67.06,1541116800,0,0,0
"KOEI TECMO GAMES CO., LTD.",956922,Lu Su - Officer Ticket / 魯粛使用券,DLC,67.06,1541116800,0,0,0
"KOEI TECMO GAMES CO., LTD.",956895,Pang De - Officer Ticket / 龐徳使用券,DLC,67.06,1541116800,0,0,0
"KOEI TECMO GAMES CO., LTD.",956894,Bao Sanniang - Officer Ticket / 鮑三娘使用券,DLC,67.06,1541116800,0,0,0
"KOEI TECMO GAMES CO., LTD.",956890,Lianshi - Officer Ticket / 練師使用券,DLC,67.06,1541116800,0,0,0
"KOEI TECMO GAMES CO., LTD.",956867,Ding Feng - Officer Ticket / 丁奉使用券,DLC,67.06,1541116800,0,0,0
"KOEI TECMO GAMES CO., LTD.",956863,Zhong Hui - Officer Ticket / 鍾会使用券,DLC,67.06,1541116800,0,0,0
"KOEI TECMO GAMES CO., LTD.",956861,Deng Ai - Officer Ticket / 鄧艾使用券,DLC,67.06,1541116800,0,0,0
"KOEI TECMO GAMES CO., LTD.",956772,Sima Shi - Officer Ticket / 司馬師使用券,DLC,67.06,1541116800,0,0,0
"KOEI TECMO GAMES CO., LTD.",956765,Xiaoqiao - Officer Ticket / 小喬使用券,DLC,67.06,1541116800,0,0,0
"KOEI TECMO GAMES CO., LTD.",956737,Ling Tong - Officer Ticket / 凌統使用券,DLC,67.06,1541116800,0,0,0
"KOEI TECMO GAMES CO., LTD.",956734,Lu Meng - Officer Ticket / 呂蒙使用券,DLC,67.06,1541116800,0,0,0
"KOEI TECMO GAMES CO., LTD.",956730,Zhang He - Officer Ticket / 張郃使用券,DLC,67.06,1541116800,0,0,0
"KOEI TECMO GAMES CO., LTD.",956708,Gan Ning - Officer Ticket / 甘寧使用券,DLC,67.06,1541116800,0,0,0
"KOEI TECMO GAMES CO., LTD.",956706,Lu Xun - Officer Ticket / 陸遜使用券,DLC,67.06,1541116800,0,0,0
"KOEI TECMO GAMES CO., LTD.",933523,WARRIORS OROCHI 4/無双OROCHI３ - Legendary Costumes Others Pack,DLC,67.06,1539648000,0,0,0
"KOEI TECMO GAMES CO., LTD.",933522,WARRIORS OROCHI 4/無双OROCHI３ - Legendary Costumes Jin Pack,DLC,67.06,1539648000,0,0,0
"KOEI TECMO GAMES CO., LTD.",933511,WARRIORS OROCHI 4/無双OROCHI３ - Legendary Costumes Shu Pack 1,DLC,67.06,1539648000,0,0,0
"KOEI TECMO GAMES CO., LTD.",933509,WARRIORS OROCHI 4/無双OROCHI３ - Legendary Costumes Wei Pack 1,DLC,67.06,1539648000,0,0,0
"KOEI TECMO GAMES CO., LTD.",892395,Guan Yinping (Dudou Costume)/関銀屏「肚兜風コスチューム」,DLC,67.06,1531958400,0,0,0
"KOEI TECMO GAMES CO., LTD.",892391,Sun Shangxiang (Dudou Costume)/孫尚香「肚兜風コスチューム」,DLC,67.06,1531958400,0,0,0
"KOEI TECMO GAMES CO., LTD.",811020,New Outfit for Lucia - Bunny Tail,DLC,67.06,1527552000,0,0,0
"KOEI TECMO GAMES CO., LTD.",810990,New Outfit for Firis - Teacher's Favorite,DLC,67.06,1527552000,0,0,0
"KOEI TECMO GAMES CO., LTD.",810830,Atelier Lydie & Suelle Atelier Series BGM Pack,DLC,67.06,1522886400,0,0,0
"KOEI TECMO GAMES CO., LTD.",810820,Atelier Lydie & Suelle GUST Titles BGM Pack,DLC,67.06,1522886400,0,0,0
"KOEI TECMO GAMES CO., LTD.",799690,Mikasa & Armin Plain clothes Outfit Early Release,DLC,67.06,1521072000,0,0,0
"KOEI TECMO GAMES CO., LTD.",798090,Additional Episode: Skill Demonstration,DLC,67.06,1523923200,0,0,0
"KOEI TECMO GAMES CO., LTD.",798050,Additional Annie Costume: Pop Star Outfit,DLC,67.06,1523923200,0,0,0
"KOEI TECMO GAMES CO., LTD.",798010,Additional Episode: Singular Target,DLC,67.06,1523318400,0,0,0
"KOEI TECMO GAMES CO., LTD.",797950,Additional Episode: Proof of Expertise,DLC,67.06,1522713600,0,0,0
"KOEI TECMO GAMES CO., LTD.",797850,Additional Sasha Costume: Cheerleader Outfit,DLC,67.06,1522108800,0,0,0
"KOEI TECMO GAMES CO., LTD.",797740,Additional Mikasa Costume: Chinese Dress Outfit,DLC,67.06,1521072000,0,0,0
"KOEI TECMO GAMES CO., LTD.",679290,DOA5LR Zack Island Swimwear Set,DLC,67.06,1502064000,0,0,0
"KOEI TECMO GAMES CO., LTD.",658300,WARRIORS ALL-STARS: Naotora-themed costume for Kasumi,DLC,67.06,1504051200,0,0,0
"KOEI TECMO GAMES CO., LTD.",658298,WARRIORS ALL-STARS: William-themed costume for Lu Bu,DLC,67.06,1504051200,0,0,0
"KOEI TECMO GAMES CO., LTD.",658296,WARRIORS ALL-STARS: Sophie-themed costume for Honoka,DLC,67.06,1504051200,0,0,0
"KOEI TECMO GAMES CO., LTD.",658293,WARRIORS ALL-STARS: Nobunyaga-themed costume for Tokitsugu,DLC,67.06,1504051200,0,0,0
"KOEI TECMO GAMES CO., LTD.",658292,WARRIORS ALL-STARS: Rio-themed costume for Naotora Ii,DLC,67.06,1504051200,0,0,0
"KOEI TECMO GAMES CO., LTD.",648110,RTK13WPK - Watercolor Painting Style Officer CG Set Wei 水彩画風武将CG 魏セット,DLC,67.06,1498003200,0,0,0
"KOEI TECMO GAMES CO., LTD.",620320,Atelier Firis - Costume: Ritual Cleric / フィリス衣装『リチュアルクレリック』,DLC,67.06,1494201600,0,0,0
"KOEI TECMO GAMES CO., LTD.",595757,SAMURAI WARRIORS: Spirit of Sanada - Additional Weapons Set 7,DLC,67.06,1496707200,0,0,0
"KOEI TECMO GAMES CO., LTD.",595756,SAMURAI WARRIORS: Spirit of Sanada - Additional Weapons Set 6,DLC,67.06,1496707200,0,0,0
"KOEI TECMO GAMES CO., LTD.",595755,SAMURAI WARRIORS: Spirit of Sanada - Additional Weapons Set 5,DLC,67.06,1496707200,0,0,0
"KOEI TECMO GAMES CO., LTD.",595754,SAMURAI WARRIORS: Spirit of Sanada - Additional Weapons Set 4,DLC,67.06,1496707200,0,0,0
"KOEI TECMO GAMES CO., LTD.",595753,SAMURAI WARRIORS: Spirit of Sanada - Additional Weapons Set 3,DLC,67.06,1496707200,0,0,0
"KOEI TECMO GAMES CO., LTD.",595752,SAMURAI WARRIORS: Spirit of Sanada - Additional Weapons Set 2,DLC,67.06,1496707200,0,0,0
"KOEI TECMO GAMES CO., LTD.",595751,SAMURAI WARRIORS: Spirit of Sanada - Additional Weapons Set 1,DLC,67.06,1496707200,0,0,0
"KOEI TECMO GAMES CO., LTD.",573541,Atelier Firis - Costume: Sky Blue Papillon / フィリス衣装『空色パピヨン』,DLC,67.06,1490054400,0,0,0
"KOEI TECMO GAMES CO., LTD.",572030,DOA5LR High Society Costume Set,DLC,67.06,1484524800,0,0,0
"KOEI TECMO GAMES CO., LTD.",486003,Attack on Titan - Weapon - Summer Festival,DLC,67.06,1472169600,0,0,0
"KOEI TECMO GAMES CO., LTD.",468190,Gust Mashup Costume Set,DLC,67.06,1464048000,0,0,0
"KOEI TECMO GAMES CO., LTD.",449011,RTK13 - “Sangokushi Spirits” tie-up Hiromu Arakawa's Design Officer CG “Gan Ning/Lu Bu” 「三国志魂(スピリッツ)」タイアップ荒川弘デザイン武将CG「甘寧/呂布」,DLC,67.06,1458777600,0,0,0
"KOEI TECMO GAMES CO., LTD.",380900,TOUKIDEN Kiwami - Mission Collection 4-7,DLC,67.06,1435881600,0,0,0
"KOEI TECMO GAMES CO., LTD.",349938,DW8E: DW7 Original Costume Pack 3,DLC,67.06,1424995200,0,0,0
"KOEI TECMO GAMES CO., LTD.",349937,DW8E: DW7 Original Costume Pack 2,DLC,67.06,1424995200,0,0,0
"KOEI TECMO GAMES CO., LTD.",349936,DW8E: DW7 Original Costume Pack 1,DLC,67.06,1424995200,0,0,0
"KOEI TECMO GAMES CO., LTD.",349934,DW8E: Old Costume Pack 3,DLC,67.06,1424995200,0,0,0
"KOEI TECMO GAMES CO., LTD.",349932,DW8E: Old Costume Pack 1,DLC,67.06,1424995200,0,0,0
"KOEI TECMO GAMES CO., LTD.",349930,DW8E: Special Costume Pack 1,DLC,67.06,1424995200,0,0,0
"KOEI TECMO GAMES CO., LTD.",297890,Nobunaga's Ambition: Souzou - Scenario Tennouzan,DLC,67.06,1409097600,0,0,0
"KOEI TECMO GAMES CO., LTD.",1842810,Taiko Risshiden V DX,Game,66.81,1652918400,15543,151,10663
"KOEI TECMO GAMES CO., LTD.",527280,Nights of Azure,Game,66.8,1486425600,15900,1,210
"KOEI TECMO GAMES CO., LTD.",2337570,STRANGER OF PARADISE FINAL FANTASY ORIGIN - Deluxe Upgrade,DLC,66.76,1680739200,0,0,0
"KOEI TECMO GAMES CO., LTD.",1441729,"Atelier Ryza 2: High-difficulty Area ""Flame Sun Island""",DLC,66.76,1617667200,0,0,0
"KOEI TECMO GAMES CO., LTD.",1033472,DOA6 Character: Helena,DLC,66.76,1552608000,0,0,0
"KOEI TECMO GAMES CO., LTD.",933558,WARRIORS OROCHI 4/無双OROCHI３ - Legendary Weapons Orochi Pack 3,DLC,66.76,1541030400,0,0,0
"KOEI TECMO GAMES CO., LTD.",583630,"RTK13WPK - Added Bonus, Original Event ""Keepsake of the Conqueror"" ""Blade of Kings"" 追加特典オリジナルイベント「覇王別姫」「斬蛇の剣」",DLC,66.76,1487116800,0,0,0
"KOEI TECMO GAMES CO., LTD.",724310,Kawanakajima no Kassen,Game,66.62,1512518400,188,0,3
"KOEI TECMO GAMES CO., LTD.",3285080,Atelier Yumia - Swimsuit Set,DLC,66.62,1742515200,0,0,0
"KOEI TECMO GAMES CO., LTD.",1754697,"Atelier Sophie 2 - Sophie's Swimsuit ""White Canvas""",DLC,66.62,1649289600,0,0,0
"KOEI TECMO GAMES CO., LTD.",1431497,"RTK14 EP: Scenario for War Chronicles Mode - 5th Wave: ""The Battle for Yan Province""",DLC,66.62,1622073600,0,0,0
"KOEI TECMO GAMES CO., LTD.",1074267,DOA6 Mai Shiranui + Debut Costume Set,DLC,66.62,1560816000,0,0,0
"KOEI TECMO GAMES CO., LTD.",1058120,DOA6 Pirates of the 7 Seas Costumes Vol.1 Set,DLC,66.62,1556150400,0,0,0
"KOEI TECMO GAMES CO., LTD.",1055060,"Nelke & the LA: Season Pass ""Legendary Town Building Set""",DLC,66.62,1554768000,0,0,0
"KOEI TECMO GAMES CO., LTD.",978866,"DYNASTY WARRIORS 9: Xu Shu ""Additional Hypothetical Scenarios Set""/ 徐庶「追加ＩＦシナリオセット」",DLC,66.62,1548892800,0,0,0
"KOEI TECMO GAMES CO., LTD.",978861,"DYNASTY WARRIORS 9: Additional Weapon ""Crescent Edge"" / 追加武器「月牙鏟」",DLC,66.62,1547078400,0,0,0
"KOEI TECMO GAMES CO., LTD.",956762,Yuan Shao - Officer Ticket / 袁紹使用券,DLC,66.62,1541116800,0,0,0
"KOEI TECMO GAMES CO., LTD.",956726,Lu Bu - Officer Ticket / 呂布使用券,DLC,66.62,1541116800,0,0,0
"KOEI TECMO GAMES CO., LTD.",797750,Additional Levi Costume: Leather Jacket Outfit,DLC,66.62,1521072000,0,0,0
"KOEI TECMO GAMES CO., LTD.",533556,DEAD OR ALIVE 5 Last Round: Core Fighters Character: Raidou,DLC,66.62,1475452800,0,0,0
"KOEI TECMO GAMES CO., LTD.",531169,DEAD OR ALIVE 5 Last Round: Core Fighters Character: Eliot,DLC,66.62,1475452800,0,0,0
"KOEI TECMO GAMES CO., LTD.",531162,DEAD OR ALIVE 5 Last Round: Core Fighters Character: Alpha-152,DLC,66.62,1475452800,0,0,0
"KOEI TECMO GAMES CO., LTD.",531158,DEAD OR ALIVE 5 Last Round: Core Fighters Character: Sarah,DLC,66.62,1475452800,0,0,0
"KOEI TECMO GAMES CO., LTD.",430353,RTK13 - “Three Kingdoms” tie-up Officer CG Set 2 ドラマ「三国志」タイアップ武将CGセット2,DLC,66.62,1455753600,0,0,0
"KOEI TECMO GAMES CO., LTD.",430342,RTK13 - Additional BGM - “RTK12” Set ② 追加BGM『三國志12』セット②,DLC,66.62,1455148800,0,0,0
"KOEI TECMO GAMES CO., LTD.",410850,DRAGON QUEST HEROES™ Slime Edition,Game,66.6,1449100800,24947,2,933
"KOEI TECMO GAMES CO., LTD.",363130,Toukiden: Kiwami,Game,66.56,1435276800,22482,3,588
"KOEI TECMO GAMES CO., LTD.",933504,WARRIORS OROCHI 4/無双OROCHI３ - Season Pass,DLC,66.43,1539648000,0,0,0
"KOEI TECMO GAMES CO., LTD.",798100,Additional Episode: Second Victory,DLC,66.33,1523923200,0,0,0
"KOEI TECMO GAMES CO., LTD.",890400,Uncharted Waters Online,Game,66.28,1545177600,2046,43,179
"KOEI TECMO GAMES CO., LTD.",723330,Winning Post 8 2018,Game,66.27,1521072000,302,16,1207
"KOEI TECMO GAMES CO., LTD.",628170,Uncharted Waters II,Game,65.96,1508284800,1881,3,55
"KOEI TECMO GAMES CO., LTD.",1477480,Ciel Nosurge -Ushinawareta Hoshi e Sasagu Uta- DX,Game,65.93,1614816000,501,1,118
"KOEI TECMO GAMES CO., LTD.",3742640,"Atelier Yumia and ""TEKKEN"" Series Collaboration Pack",DLC,65.93,1753228800,0,0,0
"KOEI TECMO GAMES CO., LTD.",2494220,Fate/Samurai Remnant Season Pass,DLC,65.93,1695945600,0,0,0
"KOEI TECMO GAMES CO., LTD.",612860,"RTK13WPK - Collaborative set with ""Sangokushi Taisen"" 『三国志大戦』タイアップ武将CGセット",DLC,65.93,1495497600,0,0,0
"KOEI TECMO GAMES CO., LTD.",628150,Sangokushi Eiketsuden,Game,65.87,1504051200,911,1,20
"KOEI TECMO GAMES CO., LTD.",798880,Hideaway Customization/隠れ処カスタマイズパック,DLC,65.86,1524096000,0,0,0
"KOEI TECMO GAMES CO., LTD.",401890,ARSLAN: THE WARRIORS OF LEGEND,Game,65.6,1454976000,9590,0,101
"KOEI TECMO GAMES CO., LTD.",1198835,"RTK14: ""Ryza and Her Friends"" Officer Data",DLC,65.5,1582848000,0,0,0
"KOEI TECMO GAMES CO., LTD.",1689053,"NOBUNAGA'S AMBITION: Shinsei scenario,""Battle of Komaki-Nagakute""",DLC,65.42,1658361600,0,0,0
"KOEI TECMO GAMES CO., LTD.",1033470,DOA6 Character: Tina,DLC,65.42,1552608000,0,0,0
"KOEI TECMO GAMES CO., LTD.",892398,Xin Xianying (Dudou Costume)/辛憲英「肚兜風コスチューム」,DLC,65.42,1531958400,0,0,0
"KOEI TECMO GAMES CO., LTD.",1431486,"RTK14: ""DEAD OR ALIVE Xtreme Venus Vacation"" Officer Data",DLC,65.38,1622073600,0,0,0
"KOEI TECMO GAMES CO., LTD.",350310,BLADESTORM: Nightmare,Game,65.18,1432857600,5851,8,158
"KOEI TECMO GAMES CO., LTD.",531165,DEAD OR ALIVE 5 Last Round: Core Fighters Character: Nyotengu,DLC,65.0,1475452800,0,0,0
"KOEI TECMO GAMES CO., LTD.",1754691,"Atelier Sophie 2 - Accessory ""Animal Headband""",DLC,64.78,1646870400,0,0,0
"KOEI TECMO GAMES CO., LTD.",1224868,[Revival] DOA6 School Uniform Set,DLC,64.78,1586822400,0,0,0
"KOEI TECMO GAMES CO., LTD.",1176622,WARRIORS OROCHI 4 Ultimate - Weapon `Traffic Signal`,DLC,64.78,1590537600,0,0,0
"KOEI TECMO GAMES CO., LTD.",1176618,WARRIORS OROCHI 4 Ultimate - Legendary Weapons OROCHI Pack 4,DLC,64.78,1581638400,0,0,0
"KOEI TECMO GAMES CO., LTD.",1168526,DOA6 Witch Party Costume Set,DLC,64.78,1572307200,0,0,0
"KOEI TECMO GAMES CO., LTD.",1099392,DOA6 Honoka Deluxe Costume,DLC,64.78,1565049600,0,0,0
"KOEI TECMO GAMES CO., LTD.",1099391,DOA6 Marie Rose Deluxe Costume,DLC,64.78,1565049600,0,0,0
"KOEI TECMO GAMES CO., LTD.",1056400,DFF NT: Zenos yae Galvus Starter Pack,DLC,64.78,1554854400,0,0,0
"KOEI TECMO GAMES CO., LTD.",1019984,"DYNASTY WARRIORS 9: Sun Shangxiang ""Knight Costume"" / 孫尚香「騎士風コスチューム」",DLC,64.78,1554336000,0,0,0
"KOEI TECMO GAMES CO., LTD.",1019983,DYNASTY WARRIORS 9: Zhong Hui Special Scenario / 鍾会「追加ＩＦシナリオセット」,DLC,64.78,1556150400,0,0,0
"KOEI TECMO GAMES CO., LTD.",1019962,"DYNASTY WARRIORS 9: Xingcai ""Knight Costume"" / 星彩「騎士風コスチューム」",DLC,64.78,1550707200,0,0,0
"KOEI TECMO GAMES CO., LTD.",978867,"DYNASTY WARRIORS 9: Chen Gong ""Additional Hypothetical Scenarios Set"" / 陳宮「追加ＩＦシナリオセット」",DLC,64.78,1548892800,0,0,0
"KOEI TECMO GAMES CO., LTD.",978859,"DYNASTY WARRIORS 9: Additional Weapon ""Serpent Blade"" / 追加武器「蛇矛」",DLC,64.78,1544659200,0,0,0
"KOEI TECMO GAMES CO., LTD.",956721,Guan Yu - Officer Ticket / 関羽使用券,DLC,64.78,1541116800,0,0,0
"KOEI TECMO GAMES CO., LTD.",956720,Zhao Yun - Officer Ticket / 趙雲使用券,DLC,64.78,1541116800,0,0,0
"KOEI TECMO GAMES CO., LTD.",933528,WARRIORS OROCHI 4/無双OROCHI３ - Legendary Costumes Samurai Warriors Pack 4,DLC,64.78,1539648000,0,0,0
"KOEI TECMO GAMES CO., LTD.",892399,Special Costume Set/特製コスチュームセット,DLC,64.78,1531958400,0,0,0
"KOEI TECMO GAMES CO., LTD.",810890,New Quest Loads of Exp Quest,DLC,64.78,1525737600,0,0,0
"KOEI TECMO GAMES CO., LTD.",801580,SEASON PASS: Additional Episodes: 12-Episode Set,DLC,64.78,1522108800,0,0,0
"KOEI TECMO GAMES CO., LTD.",579538,RTK13WPK - Fan selected Re-Releases Officer Graphic Set ① ファンが選ぶ復刻武将CGセット①,DLC,64.78,1487116800,0,0,0
"KOEI TECMO GAMES CO., LTD.",556800,"RTK13 - Historical simulation game ""Romance of the Three Kingdoms"" Commemorative Contents 歴史シミュレーションゲーム『三國志』の日 記念コンテンツ",DLC,64.78,1481241600,0,0,0
"KOEI TECMO GAMES CO., LTD.",533553,DEAD OR ALIVE 5 Last Round: Core Fighters Character: Ein,DLC,64.78,1475452800,0,0,0
"KOEI TECMO GAMES CO., LTD.",531172,DEAD OR ALIVE 5 Last Round: Core Fighters Character: Rig,DLC,64.78,1475452800,0,0,0
"KOEI TECMO GAMES CO., LTD.",316821,DW8XLCE - WALLPAPER PACK,DLC,64.78,1407369600,0,0,0
"KOEI TECMO GAMES CO., LTD.",1168500,DOA6 Season Pass 3,DLC,64.76,1572307200,0,0,0
"KOEI TECMO GAMES CO., LTD.",579540,RTK13WPK - Fan selected Re-Releases Officer Graphic Set ③ ファンが選ぶ復刻武将CGセット③,DLC,64.76,1488326400,0,0,0
"KOEI TECMO GAMES CO., LTD.",322520,DYNASTY WARRIORS 8 Empires,Game,64.59,1424995200,13597,29,1052
"KOEI TECMO GAMES CO., LTD.",628030,Romance of the Three Kingdoms VII with Power Up Kit,Game,64.2,1500940800,1063,11,99
"KOEI TECMO GAMES CO., LTD.",521670,Romance of the Three Kingdoms,Game,64.14,1481673600,501,14,36
"KOEI TECMO GAMES CO., LTD.",4239850,WARRIORS: Abyss - DYNASTY WARRIORS: ORIGINS Playable Character Set,DLC,64.08,1770940800,0,0,0
"KOEI TECMO GAMES CO., LTD.",3742610,"Atelier Yumia - ""Fantasy Academy"" Costume Set for Yumia and Flammi",DLC,64.08,1753228800,0,0,0
"KOEI TECMO GAMES CO., LTD.",3284990,Atelier Yumia - Backpack Set,DLC,64.08,1742515200,0,0,0
"KOEI TECMO GAMES CO., LTD.",3260330,"FAIRY TAIL 2 - Outfit Set: ""Swimsuit""",DLC,64.08,1736380800,0,0,0
"KOEI TECMO GAMES CO., LTD.",3255620,"ROMANCE OF THE THREE KINGDOMS 8 REMAKE Scenario ""Tiger Generals of the Three Kingdoms, Locked in Battle!""",DLC,64.08,1742860800,0,0,0
"KOEI TECMO GAMES CO., LTD.",2261011,"Atelier Marie Remake - Accessory ""25 Glasses""",DLC,64.08,1689206400,0,0,0
"KOEI TECMO GAMES CO., LTD.",2261010,Atelier Marie Remake - Atelier Series Legacy BGM Pack,DLC,64.08,1689206400,0,0,0
"KOEI TECMO GAMES CO., LTD.",1754683,"Atelier Sophie 2 - Sophie's Costume ""Easy Breezy""",DLC,64.08,1645747200,0,0,0
"KOEI TECMO GAMES CO., LTD.",1744840,"BLUE REFLECTION: Second Light - Rena, Hinako & Uta Costumes - Beachside Puppies",DLC,64.08,1640044800,0,0,0
"KOEI TECMO GAMES CO., LTD.",1744839,"BLUE REFLECTION: Second Light - Kokoro, Kirara & Hiori Costumes - Beachside Puppies",DLC,64.08,1640044800,0,0,0
"KOEI TECMO GAMES CO., LTD.",1744838,BLUE REFLECTION: Second Light - Ao Costume - Beachside Puppy,DLC,64.08,1640044800,0,0,0
"KOEI TECMO GAMES CO., LTD.",1744833,"BLUE REFLECTION: Second Light - Rena, Hinako & Uta Costumes - Hospitable Kitties",DLC,64.08,1637625600,0,0,0
"KOEI TECMO GAMES CO., LTD.",1744832,"BLUE REFLECTION: Second Light - Kokoro, Kirara & Hiori Costumes - Hospitable Kitties",DLC,64.08,1637625600,0,0,0
"KOEI TECMO GAMES CO., LTD.",1744831,BLUE REFLECTION: Second Light - Ao Costume - Hospitable Kitty,DLC,64.08,1637625600,0,0,0
"KOEI TECMO GAMES CO., LTD.",1684166,DYNASTY WARRIORS 9 Empires - Unisex Custom Dragoon Set,DLC,64.08,1644451200,0,0,0
"KOEI TECMO GAMES CO., LTD.",1684162,DYNASTY WARRIORS 9 Empires - Dream Fortress,DLC,64.08,1643846400,0,0,0
"KOEI TECMO GAMES CO., LTD.",1684161,DYNASTY WARRIORS 9 Empires - Unisex Custom Demonic Armor Set,DLC,64.08,1643241600,0,0,0
"KOEI TECMO GAMES CO., LTD.",1684160,DYNASTY WARRIORS 9 Empires - Unisex Custom Angelic Armor Set,DLC,64.08,1643241600,0,0,0
"KOEI TECMO GAMES CO., LTD.",1684156,DYNASTY WARRIORS 9 Empires - Male Custom Regal Set & Female Custom Empress Dowager Set,DLC,64.08,1642636800,0,0,0
"KOEI TECMO GAMES CO., LTD.",1684148,DYNASTY WARRIORS 9 Empires - Unisex Custom Azure Dragon Armor Set,DLC,64.08,1641427200,0,0,0
"KOEI TECMO GAMES CO., LTD.",1634698,"SAMURAI WARRIORS 5 - Additional Horse ""Iron Coat""",DLC,64.08,1628121600,0,0,0
"KOEI TECMO GAMES CO., LTD.",1431487,RTK14: Scenario [The Rise of Cao Cao] & Event Set,DLC,64.08,1614211200,0,0,0
"KOEI TECMO GAMES CO., LTD.",1333178,"FAIRY TAIL: Erza's Costume ""Fairy Tail Team A""",DLC,64.08,1596067200,0,0,0
"KOEI TECMO GAMES CO., LTD.",1224890,[Revival] DOA6 High Society Costume - Marie Rose,DLC,64.08,1586822400,0,0,0
"KOEI TECMO GAMES CO., LTD.",1224867,[Revival] DOA6 School Uniform - Tamaki,DLC,64.08,1586822400,0,0,0
"KOEI TECMO GAMES CO., LTD.",1224860,[Revival] DOA6 School Uniform - Marie Rose,DLC,64.08,1586822400,0,0,0
"KOEI TECMO GAMES CO., LTD.",1224836,DOA6 Design Contest 2019 Costume Set,DLC,64.08,1583798400,0,0,0
"KOEI TECMO GAMES CO., LTD.",1224832,DOA6 Design Contest 2019 Costume - Marie Rose,DLC,64.08,1583798400,0,0,0
"KOEI TECMO GAMES CO., LTD.",1224823,DOA6 Pirates of the 7 Seas Costume - Tamaki,DLC,64.08,1583798400,0,0,0
"KOEI TECMO GAMES CO., LTD.",1224821,DOA6 Deluxe Costume - Tamaki,DLC,64.08,1583798400,0,0,0
"KOEI TECMO GAMES CO., LTD.",1224794,DOA6 Gust Mashup - Momiji & Iris,DLC,64.08,1582588800,0,0,0
"KOEI TECMO GAMES CO., LTD.",1224792,DOA6 Gust Mashup - Honoka & Rorona,DLC,64.08,1582588800,0,0,0
"KOEI TECMO GAMES CO., LTD.",1224790,DOA6 Gust Mashup - Marie Rose & Totori,DLC,64.08,1582588800,0,0,0
"KOEI TECMO GAMES CO., LTD.",1224783,DOA6 Gust Mashup - Kokoro & Shallie,DLC,64.08,1582588800,0,0,0
"KOEI TECMO GAMES CO., LTD.",1212816,[Revival] DOA6 Alluring Mandarin Dress - Rachel,DLC,64.08,1581465600,0,0,0
"KOEI TECMO GAMES CO., LTD.",1212815,[Revival] DOA6 Alluring Mandarin Dress - Momiji,DLC,64.08,1581465600,0,0,0
"KOEI TECMO GAMES CO., LTD.",1212813,[Revival] DOA6 Alluring Mandarin Dress - NiCO,DLC,64.08,1581465600,0,0,0
"KOEI TECMO GAMES CO., LTD.",1212812,[Revival] DOA6 Alluring Mandarin Dress - Honoka,DLC,64.08,1581465600,0,0,0
"KOEI TECMO GAMES CO., LTD.",1212806,[Revival] DOA6 Alluring Mandarin Dress - La Mariposa,DLC,64.08,1581465600,0,0,0
"KOEI TECMO GAMES CO., LTD.",1212804,[Revival] DOA6 Alluring Mandarin Dress - Leifang,DLC,64.08,1581465600,0,0,0
"KOEI TECMO GAMES CO., LTD.",1205882,[Revival] DOA6 Maid Costume - Honoka,DLC,64.08,1579564800,0,0,0
"KOEI TECMO GAMES CO., LTD.",1205810,"DOA6 ""Nova"" Sci-Fi Body Suit Set",DLC,64.08,1579564800,0,0,0
"KOEI TECMO GAMES CO., LTD.",1205798,"DOA6 ""Nova"" Sci-Fi Body Suit - Momiji",DLC,64.08,1579564800,0,0,0
"KOEI TECMO GAMES CO., LTD.",1205797,"DOA6 ""Nova"" Sci-Fi Body Suit - Phase 4",DLC,64.08,1579564800,0,0,0
"KOEI TECMO GAMES CO., LTD.",1205790,"DOA6 ""Nova"" Sci-Fi Body Suit - Christie",DLC,64.08,1579564800,0,0,0
"KOEI TECMO GAMES CO., LTD.",1205789,"DOA6 ""Nova"" Sci-Fi Body Suit - La Mariposa",DLC,64.08,1579564800,0,0,0
"KOEI TECMO GAMES CO., LTD.",1205785,"DOA6 ""Nova"" Sci-Fi Body Suit - Helena",DLC,64.08,1579564800,0,0,0
"KOEI TECMO GAMES CO., LTD.",1205784,"DOA6 ""Nova"" Sci-Fi Body Suit - Kasumi",DLC,64.08,1579564800,0,0,0
"KOEI TECMO GAMES CO., LTD.",1205783,"DOA6 ""Nova"" Sci-Fi Body Suit - Tina",DLC,64.08,1579564800,0,0,0
"KOEI TECMO GAMES CO., LTD.",1195215,DOA6 Santa Bikini - Momiji,DLC,64.08,1576540800,0,0,0
"KOEI TECMO GAMES CO., LTD.",1195207,DOA6 Santa Bikini - Christie,DLC,64.08,1576540800,0,0,0
"KOEI TECMO GAMES CO., LTD.",1195202,DOA6 Santa Bikini - Helena,DLC,64.08,1576540800,0,0,0
"KOEI TECMO GAMES CO., LTD.",1195163,DOA6 Seaside Eden Costume - Rachel,DLC,64.08,1576540800,0,0,0
"KOEI TECMO GAMES CO., LTD.",1188620,Atelier Ryza: GUST Extra BGM Pack,DLC,64.08,1578960000,0,0,0
"KOEI TECMO GAMES CO., LTD.",1179656,DOA6 Energy Up! Training Wear Set,DLC,64.08,1574726400,0,0,0
"KOEI TECMO GAMES CO., LTD.",1179653,DOA6 Energy Up! Training Wear - NiCO,DLC,64.08,1574726400,0,0,0
"KOEI TECMO GAMES CO., LTD.",1179650,DOA6 Energy Up! Training Wear - Marie Rose,DLC,64.08,1574726400,0,0,0
"KOEI TECMO GAMES CO., LTD.",1179639,DOA6 Energy Up! Training Wear - Mila,DLC,64.08,1574726400,0,0,0
"KOEI TECMO GAMES CO., LTD.",1179638,DOA6 Energy Up! Training Wear - Hitomi,DLC,64.08,1574726400,0,0,0
"KOEI TECMO GAMES CO., LTD.",1179634,DOA6 Energy Up! Training Wear - Leifang,DLC,64.08,1574726400,0,0,0
"KOEI TECMO GAMES CO., LTD.",1179631,DOA6 Energy Up! Training Wear - Kasumi,DLC,64.08,1574726400,0,0,0
"KOEI TECMO GAMES CO., LTD.",1168525,DOA6 Witch Party Costume - Momiji,DLC,64.08,1572307200,0,0,0
"KOEI TECMO GAMES CO., LTD.",1168523,DOA6 Witch Party Costume - NiCO,DLC,64.08,1572307200,0,0,0
"KOEI TECMO GAMES CO., LTD.",1159328,[Revival] DOA6 Sexy Bunny Costume - Momiji,DLC,64.08,1571097600,0,0,0
"KOEI TECMO GAMES CO., LTD.",1159316,[Revival] DOA6 Sexy Bunny Costume - La Mariposa,DLC,64.08,1571097600,0,0,0
"KOEI TECMO GAMES CO., LTD.",1134421,DOA6 Morphing Ninja Costume - Honoka,DLC,64.08,1568851200,0,0,0
"KOEI TECMO GAMES CO., LTD.",1134415,DOA6 Morphing Ninja Costume - Hitomi,DLC,64.08,1568851200,0,0,0
"KOEI TECMO GAMES CO., LTD.",1134412,DOA6 Morphing Ninja Costume - La Mariposa,DLC,64.08,1568851200,0,0,0
"KOEI TECMO GAMES CO., LTD.",1134408,DOA6 Morphing Ninja Costume - Hayate,DLC,64.08,1568851200,0,0,0
"KOEI TECMO GAMES CO., LTD.",1134400,DOA6 Morphing Ninja Costume - Zack,DLC,64.08,1568851200,0,0,0
"KOEI TECMO GAMES CO., LTD.",1134385,DOA6 Summer Breeze Collection - Momiji,DLC,64.08,1568851200,0,0,0
"KOEI TECMO GAMES CO., LTD.",1134383,DOA6 Pirates of the 7 Seas Costume - Momiji,DLC,64.08,1568851200,0,0,0
"KOEI TECMO GAMES CO., LTD.",1134382,DOA6 Happy Wedding Costume - Momiji,DLC,64.08,1568851200,0,0,0
"KOEI TECMO GAMES CO., LTD.",1120022,DOA6 Summer Breeze Collection - Honoka,DLC,64.08,1566259200,0,0,0
"KOEI TECMO GAMES CO., LTD.",1111517,DOA6 Seaside Eden Costume - Phase 4,DLC,64.08,1563840000,0,0,0
"KOEI TECMO GAMES CO., LTD.",1111516,DOA6 Seaside Eden Costume - NiCO,DLC,64.08,1563840000,0,0,0
"KOEI TECMO GAMES CO., LTD.",1111510,DOA6 Seaside Eden Costume - Mila,DLC,64.08,1563840000,0,0,0
"KOEI TECMO GAMES CO., LTD.",1111481,DOA6 Seaside Eden Costume - Hitomi,DLC,64.08,1563840000,0,0,0
"KOEI TECMO GAMES CO., LTD.",1111476,DOA6 Seaside Eden Costume - La Mariposa,DLC,64.08,1563840000,0,0,0
"KOEI TECMO GAMES CO., LTD.",1111473,DOA6 Seaside Eden Costume - Leifang,DLC,64.08,1563840000,0,0,0
"KOEI TECMO GAMES CO., LTD.",1111471,DOA6 Seaside Eden Costume - Kokoro,DLC,64.08,1563840000,0,0,0
"KOEI TECMO GAMES CO., LTD.",1103751,DFF NT: Imperial Court Attire Appearance Set for Zenos yae Galvus,DLC,64.08,1562025600,0,0,0
"KOEI TECMO GAMES CO., LTD.",1099291,DOA6 Pirates of the 7 Seas Costume Vol.1 - Honoka,DLC,64.08,1560816000,0,0,0
"KOEI TECMO GAMES CO., LTD.",1099290,DOA6 Pirates of the 7 Seas Costume Vol.1 - Nyotengu,DLC,64.08,1560816000,0,0,0
"KOEI TECMO GAMES CO., LTD.",1099261,DOA6 Happy Wedding Costume Vol.2 - Phase 4,DLC,64.08,1560816000,0,0,0
"KOEI TECMO GAMES CO., LTD.",1099241,DOA6 Happy Wedding Costume Vol.2 - Mila,DLC,64.08,1560816000,0,0,0
"KOEI TECMO GAMES CO., LTD.",1099231,DOA6 Happy Wedding Costume Vol.2 - Helena,DLC,64.08,1560816000,0,0,0
"KOEI TECMO GAMES CO., LTD.",1099216,DOA6 Happy Wedding Costume Vol.1 - Raidou,DLC,64.08,1560816000,0,0,0
"KOEI TECMO GAMES CO., LTD.",1099213,DOA6 Happy Wedding Costume Vol.1 - Bass,DLC,64.08,1560816000,0,0,0
"KOEI TECMO GAMES CO., LTD.",1099191,DOA6 Happy Wedding Costume Vol.1 - Kokoro,DLC,64.08,1560816000,0,0,0
"KOEI TECMO GAMES CO., LTD.",1061754,Atelier Lulua: Atelier Series Legacy BGM Pack,DLC,64.08,1561420800,0,0,0
"KOEI TECMO GAMES CO., LTD.",1055061,Nelke & the LA: 37 Costume Pack,DLC,64.08,1555977600,0,0,0
"KOEI TECMO GAMES CO., LTD.",1022510,DFF NT: Akademeia Summer Uniform Appearance Set for Ace,DLC,64.08,1552348800,0,0,0
"KOEI TECMO GAMES CO., LTD.",1022494,DFF NT: Benevolent Maiden Appearance Set for Terra Branford,DLC,64.08,1552348800,0,0,0
"KOEI TECMO GAMES CO., LTD.",1022477,DFF NT: Bladewielder Appearance Set for Onion Knight,DLC,64.08,1552348800,0,0,0
"KOEI TECMO GAMES CO., LTD.",1022447,DFF NT: Kefka Palazzo Starter Pack,DLC,64.08,1552348800,0,0,0
"KOEI TECMO GAMES CO., LTD.",1022446,DFF NT: Terra Branford Starter Pack,DLC,64.08,1552348800,0,0,0
"KOEI TECMO GAMES CO., LTD.",1022443,DFF NT: Golbez Starter Pack,DLC,64.08,1552348800,0,0,0
"KOEI TECMO GAMES CO., LTD.",1022438,DFF NT: Emperor Starter Pack,DLC,64.08,1552348800,0,0,0
"KOEI TECMO GAMES CO., LTD.",1022437,DFF NT: Firion Starter Pack,DLC,64.08,1552348800,0,0,0
"KOEI TECMO GAMES CO., LTD.",1022395,DFF NT: Snow Villiers Starter Pack,DLC,64.08,1552348800,0,0,0
"KOEI TECMO GAMES CO., LTD.",1022366,DFF NT: Kam'lanaut Starter Pack,DLC,64.08,1552348800,0,0,0
"KOEI TECMO GAMES CO., LTD.",811010,New Outfit for Ilmeria - Cormeria?,DLC,64.08,1527552000,0,0,0
"KOEI TECMO GAMES CO., LTD.",810980,New Area - Claudel Prairie,DLC,64.08,1527552000,0,0,0
"KOEI TECMO GAMES CO., LTD.",810930,Great Adventures in New Worlds Vol. 2,DLC,64.08,1525737600,0,0,0
"KOEI TECMO GAMES CO., LTD.",810880,Great Adventures in New Worlds Vol. 1,DLC,64.08,1524009600,0,0,0
"KOEI TECMO GAMES CO., LTD.",810840,Secret Synthesis Research Journal,DLC,64.08,1524009600,0,0,0
"KOEI TECMO GAMES CO., LTD.",798070,Additional Hange Costume: Detective Outfit,DLC,64.08,1523923200,0,0,0
"KOEI TECMO GAMES CO., LTD.",798030,Additional Sasha Costume: Sports Outfit,DLC,64.08,1523923200,0,0,0
"KOEI TECMO GAMES CO., LTD.",797970,Additional Erwin Costume: Knight Outfit,DLC,64.08,1523318400,0,0,0
"KOEI TECMO GAMES CO., LTD.",797910,Additional Annie Costume: Motorcycle Outfit,DLC,64.08,1522713600,0,0,0
"KOEI TECMO GAMES CO., LTD.",755860,DOA5LR TECMO 50th Anniversary Costume Set,DLC,64.08,1513036800,0,0,0
"KOEI TECMO GAMES CO., LTD.",735210,"Nobunaga's Ambition: Taishi - 『信長の野望･創造』BGM（30曲）/""Nobunaga's Ambition: SoI"" BGM Collection",DLC,64.08,1522368000,0,0,0
"KOEI TECMO GAMES CO., LTD.",620322,Atelier Firis - Costume: Noble Wizard / イルメリア衣装『ノーブルウィザード』,DLC,64.08,1494201600,0,0,0
"KOEI TECMO GAMES CO., LTD.",620321,Atelier Firis - Costume: Brave Archer / リアーネ衣装『ブレイブアーチャー』,DLC,64.08,1494201600,0,0,0
"KOEI TECMO GAMES CO., LTD.",579535,"RTK13WPK - Tie-up with Kihachiro Kawamoto's ""Sanguozhi"" Dolls Officer Graphic Set ⑤ 川本喜八郎 三国志人形タイアップ武将CGセット⑤",DLC,64.08,1489536000,0,0,0
"KOEI TECMO GAMES CO., LTD.",573545,Atelier Firis - Costume: Passionate Soleil / ソフィー衣装『情熱のソレイユ』,DLC,64.08,1490054400,0,0,0
"KOEI TECMO GAMES CO., LTD.",573543,Atelier Firis - Costume: Festive Amour / イルメリア衣装『紅白アムール』,DLC,64.08,1490054400,0,0,0
"KOEI TECMO GAMES CO., LTD.",573542,Atelier Firis - Costume: Night Onyx / リアーネ衣装『夜のオニキス』,DLC,64.08,1490054400,0,0,0
"KOEI TECMO GAMES CO., LTD.",569689,Toukiden 2 - Mission Collection Set 3,DLC,64.08,1491868800,0,0,0
"KOEI TECMO GAMES CO., LTD.",569683,Toukiden 2 - Mitama: Sarutobi Sasuke,DLC,64.08,1490054400,0,0,0
"KOEI TECMO GAMES CO., LTD.",569682,Toukiden 2 - Mitama: Sanada Nobuyuki,DLC,64.08,1490054400,0,0,0
"KOEI TECMO GAMES CO., LTD.",486012,Attack on Titan - Weapon - Japanese New Year,DLC,64.08,1481068800,0,0,0
"KOEI TECMO GAMES CO., LTD.",420460,RTK13 - GAMECITY Online User Registration オンラインユーザー登録用シリアルナンバー,DLC,64.08,1453939200,0,0,0
"KOEI TECMO GAMES CO., LTD.",349933,DW8E: Old Costume Pack 2,DLC,64.08,1424995200,0,0,0
"KOEI TECMO GAMES CO., LTD.",344121,Nobunaga's Ambition: Souzou WPK - Scenario Gunshinkourinsu,DLC,64.08,1437523200,0,0,0
"KOEI TECMO GAMES CO., LTD.",297896,"Nobunaga's Ambition: Souzou - ""Teru Kushihashi"", ""Chiyome Mochiduki"" Bushou Data",DLC,64.08,1409097600,0,0,0
"KOEI TECMO GAMES CO., LTD.",628040,Romance of the Three Kingdoms VIII with Power Up Kit,Game,63.91,1504051200,1193,15,117
"KOEI TECMO GAMES CO., LTD.",3855590,"Atelier Yumia - Additional Map ""Secret Research Area Aladissia""",DLC,63.89,1759104000,0,0,0
"KOEI TECMO GAMES CO., LTD.",2156239,"Atelier Ryza 3 - ""Far East Travelers"" Costume Set",DLC,63.89,1681344000,0,0,0
"KOEI TECMO GAMES CO., LTD.",1362180,FAIRY TAIL: FAIRY TAIL Season Pass,DLC,63.89,1596585600,0,0,0
"KOEI TECMO GAMES CO., LTD.",1033474,DOA6 Character: Kokoro,DLC,63.89,1552608000,0,0,0
"KOEI TECMO GAMES CO., LTD.",933532,WARRIORS OROCHI 4/無双OROCHI３ - Legendary Costumes Orochi Pack 3,DLC,63.89,1539820800,0,0,0
"KOEI TECMO GAMES CO., LTD.",704150,BLUE REFLECTION: Season Pass,DLC,63.89,1506384000,0,0,0
"KOEI TECMO GAMES CO., LTD.",316865,DW8XLCE - WEAPON SYSTEM PACK,DLC,63.89,1408492800,0,0,0
"KOEI TECMO GAMES CO., LTD.",1424800,Uncharted Waters IV HD Version,Game,63.84,1621468800,16126,41,4423
"KOEI TECMO GAMES CO., LTD.",940390,信長の野望・大志 パワーアップキット / NOBUNAGA'S AMBITION: Taishi Power Up Kit,DLC,63.79,1550102400,0,0,0
"KOEI TECMO GAMES CO., LTD.",1134380,DOA6 Character: Momiji,DLC,63.45,1568851200,0,0,0
"KOEI TECMO GAMES CO., LTD.",531167,DEAD OR ALIVE 5 Last Round: Core Fighters Character: Jann Lee,DLC,63.45,1475452800,0,0,0
"KOEI TECMO GAMES CO., LTD.",397720,Romance of the Three Kingdoms Maker,Game,63.34,1449705600,1594,8,1875
"KOEI TECMO GAMES CO., LTD.",1019960,DYNASTY WARRIORS 9: Season Pass 3 / シーズンパス３,DLC,63.21,1550102400,0,0,0
"KOEI TECMO GAMES CO., LTD.",3123410,Atelier Yumia: The Alchemist of Memories & the Envisioned Land,Game,63.2,1742515200,25785,31,14067
"KOEI TECMO GAMES CO., LTD.",1042851,DOA6 Happy Wedding Costume Vol.2 Set,DLC,63.06,1553817600,0,0,0
"KOEI TECMO GAMES CO., LTD.",798870,Additional Weapons Pack/追加武器パック,DLC,62.93,1526515200,0,0,0
"KOEI TECMO GAMES CO., LTD.",1111440,DOA6 Season Pass 2,DLC,62.89,1563840000,0,0,0
"KOEI TECMO GAMES CO., LTD.",4239840,WARRIORS: Abyss - DYNASTY WARRIORS: ORIGINS Main Content Set,DLC,62.51,1770940800,0,0,0
"KOEI TECMO GAMES CO., LTD.",1754700,"Atelier Sophie 2 - Alette's Swimsuit ""Rainmaker""",DLC,62.51,1649289600,0,0,0
"KOEI TECMO GAMES CO., LTD.",1441722,"Atelier Ryza 2: Klaudia's Swimsuit ""Black Monokini""",DLC,62.51,1617062400,0,0,0
"KOEI TECMO GAMES CO., LTD.",1198844,RTK14: Scenario [The Battle of Hefei] & Event Set,DLC,62.51,1595980800,0,0,0
"KOEI TECMO GAMES CO., LTD.",1198843,RTK14: Scenario [Hebei Conflict] & Event Set,DLC,62.51,1595980800,0,0,0
"KOEI TECMO GAMES CO., LTD.",1134432,DOA6 Morphing Ninja Costume Set,DLC,62.51,1568851200,0,0,0
"KOEI TECMO GAMES CO., LTD.",1103741,DFF NT: Leather Suit Appearance Set for Tifa Lockhart,DLC,62.51,1562025600,0,0,0
"KOEI TECMO GAMES CO., LTD.",1048380,DEAD OR ALIVE 6: Core Fighters - Male Fighters Set,DLC,62.51,1552608000,0,0,0
"KOEI TECMO GAMES CO., LTD.",1034484,DOA6 Deluxe Costume Set,DLC,62.51,1551398400,0,0,0
"KOEI TECMO GAMES CO., LTD.",1022448,DFF NT: Cloud Strife Starter Pack,DLC,62.51,1552348800,0,0,0
"KOEI TECMO GAMES CO., LTD.",978863,"DYNASTY WARRIORS 9: Additional Weapon ""Dual Hookblades"" / 追加武器「双鉤」",DLC,62.51,1547078400,0,0,0
"KOEI TECMO GAMES CO., LTD.",978858,"DYNASTY WARRIORS 9: Additional Weapon ""Inferno Voulge"" / 追加武器「火塵双刀」",DLC,62.51,1544659200,0,0,0
"KOEI TECMO GAMES CO., LTD.",978857,DYNASTY WARRIORS 9: Dong Bai (Cutesy Goth Costume) / 董白 「ゴスロリ制服風コスチューム」,DLC,62.51,1547683200,0,0,0
"KOEI TECMO GAMES CO., LTD.",978851,DYNASTY WARRIORS 9: Cai Wenji (Maid Costume) / 蔡文姫 「メイド風コスチューム」,DLC,62.51,1545264000,0,0,0
"KOEI TECMO GAMES CO., LTD.",964934,DYNASTY WARRIORS 9: Xiaoqiao (High School Girl Costume) / 小喬 「女子高生風コスチューム」,DLC,62.51,1541721600,0,0,0
"KOEI TECMO GAMES CO., LTD.",956940,Guan Yinping - Officer Ticket / 関銀屏使用券,DLC,62.51,1541116800,0,0,0
"KOEI TECMO GAMES CO., LTD.",956897,Guo Jia - Officer Ticket / 郭嘉使用券,DLC,62.51,1541116800,0,0,0
"KOEI TECMO GAMES CO., LTD.",956727,Xu Zhu - Officer Ticket / 許褚使用券,DLC,62.51,1541116800,0,0,0
"KOEI TECMO GAMES CO., LTD.",933529,WARRIORS OROCHI 4/無双OROCHI３ - Legendary Costumes Samurai Warriors Pack 5,DLC,62.51,1539648000,0,0,0
"KOEI TECMO GAMES CO., LTD.",933525,WARRIORS OROCHI 4/無双OROCHI３ - Legendary Costumes Samurai Warriors Pack 1,DLC,62.51,1539648000,0,0,0
"KOEI TECMO GAMES CO., LTD.",933510,WARRIORS OROCHI 4/無双OROCHI３ - Legendary Costumes Wei Pack 2,DLC,62.51,1539648000,0,0,0
"KOEI TECMO GAMES CO., LTD.",933506,WARRIORS OROCHI 4/無双OROCHI３ - Special Mounts Pack,DLC,62.51,1539648000,0,0,0
"KOEI TECMO GAMES CO., LTD.",797870,Additional Episode: Goddess Salvation,DLC,62.51,1522108800,0,0,0
"KOEI TECMO GAMES CO., LTD.",797780,Additional Costume Set: Halloween Outfit,DLC,62.51,1521072000,0,0,0
"KOEI TECMO GAMES CO., LTD.",735080,"Nobunaga's Ambition: Taishi - シナリオ「次郎法師直虎」/Scenario ""Jiro-hoshi Naotora""",DLC,62.51,1512000000,0,0,0
"KOEI TECMO GAMES CO., LTD.",579534,"RTK13WPK - Tie-up with Kihachiro Kawamoto's ""Sanguozhi"" Dolls Officer Graphic Set ④ 川本喜八郎 三国志人形タイアップ武将CGセット④",DLC,62.51,1488931200,0,0,0
"KOEI TECMO GAMES CO., LTD.",533550,DEAD OR ALIVE 5 Last Round: Core Fighters Character: Bass,DLC,62.51,1475452800,0,0,0
"KOEI TECMO GAMES CO., LTD.",872410,ROMANCE OF THE THREE KINGDOMS XIV,Game,62.39,1579132800,69877,970,16482
"KOEI TECMO GAMES CO., LTD.",1369760,NINJA GAIDEN 3: Razor's Edge [NINJA GAIDEN: Master Collection],Game,62.28,1623283200,4496,22,647
"KOEI TECMO GAMES CO., LTD.",1188608,"Atelier Ryza: Tao's Story ""Interwoven Fate""",DLC,62.1,1574121600,0,0,0
"KOEI TECMO GAMES CO., LTD.",1176613,WARRIORS OROCHI 4 Ultimate - Legendary Costumes OROCHI Pack 4,DLC,62.1,1581638400,0,0,0
"KOEI TECMO GAMES CO., LTD.",1048381,DEAD OR ALIVE 6: Core Fighters - Female Fighters Set,DLC,62.1,1552608000,0,0,0
"KOEI TECMO GAMES CO., LTD.",1019966,"DYNASTY WARRIORS 9: Additional Weapon ""Tooth & Nail"" / 追加武器「投牙弓」",DLC,62.1,1551916800,0,0,0
"KOEI TECMO GAMES CO., LTD.",933460,WARRIORS OROCHI 4/無双OROCHI３ - Bonus Mount Pegasus,DLC,62.1,1539648000,0,0,0
"KOEI TECMO GAMES CO., LTD.",810970,"Additional Character ""Ilmeria""",DLC,62.1,1527552000,0,0,0
"KOEI TECMO GAMES CO., LTD.",798080,Additional Episode: A Titan Worth a Thousand,DLC,62.1,1523923200,0,0,0
"KOEI TECMO GAMES CO., LTD.",797990,Additional Christa Costume: Maid Outfit,DLC,62.1,1523318400,0,0,0
"KOEI TECMO GAMES CO., LTD.",531154,DEAD OR ALIVE 5 Last Round: Core Fighters Character: La Mariposa,DLC,62.1,1475452800,0,0,0
"KOEI TECMO GAMES CO., LTD.",316442,DW8XLCE - OLD COSTUME PACK 1,DLC,62.1,1407369600,0,0,0
"KOEI TECMO GAMES CO., LTD.",628130,NOBUNAGA'S AMBITION: Soutenroku with Power Up Kit,Game,61.98,1512518400,507,2,40
"KOEI TECMO GAMES CO., LTD.",430348,RTK13 - Hero Mode Additional Stage Set 1 英傑伝追加ステージセット①,DLC,61.97,1454544000,0,0,0
"KOEI TECMO GAMES CO., LTD.",316867,DW8XLCE - NEW STAGE & CAMP SYMBOL PACK,DLC,61.95,1408492800,0,0,0
"KOEI TECMO GAMES CO., LTD.",628120,NOBUNAGA'S AMBITION: Ranseiki with Power Up Kit,Game,61.5,1508284800,346,2,37
"KOEI TECMO GAMES CO., LTD.",3002850,FAIRY TAIL 2,Game,61.43,1733961600,5204,4,398
"KOEI TECMO GAMES CO., LTD.",1340990,Rise of the Ronin,Game,61.42,1741651200,35247,233,12683
"KOEI TECMO GAMES CO., LTD.",521740,NOBUNAGA'S AMBITION: Bushou Fuunroku,Game,60.95,1490054400,271,11,34
"KOEI TECMO GAMES CO., LTD.",1034470,DOA6 Story Unlock Key,DLC,60.95,1552608000,0,0,0
"KOEI TECMO GAMES CO., LTD.",3839710,Winning Post 10 2026,Game,60.76,1774483200,551,861,2897
"KOEI TECMO GAMES CO., LTD.",316866,DW8XLCE - NEW STAGE & ANIMAL PACK,DLC,60.76,1408492800,0,0,0
"KOEI TECMO GAMES CO., LTD.",1754685,Atelier Sophie 2 - Season Pass,DLC,60.54,1645747200,0,0,0
"KOEI TECMO GAMES CO., LTD.",1033460,DOA6 Character: Ayane,DLC,60.54,1552608000,0,0,0
"KOEI TECMO GAMES CO., LTD.",583634,"RTK13WPK - Official added events, ""Trembling of the Tiger"", ""A Man's Dream"", ""The Rivalry of Yang and Lu"" and ""Wife of the Victor"" 追加特典オリジナルイベント⑤「虎の悪寒」「男の夢」「羊陸之交」「覇王の妻」",DLC,60.54,1489536000,0,0,0
"KOEI TECMO GAMES CO., LTD.",583633,"RTK13WPK - Official added events④, Eiji Yoshikawa ""Lu Bu's Peace"", ""Hero or Coward"" and ""Death of Cao Cao"" 追加特典オリジナルイベント④吉川英治「平和主義者」「雷怯子」「曹操死す」",DLC,60.54,1488931200,0,0,0
"KOEI TECMO GAMES CO., LTD.",533558,"DEAD OR ALIVE 5 Last Round: Core Fighters Add ""DEAD OR ALIVE 2 Music""",DLC,60.54,1475452800,0,0,0
"KOEI TECMO GAMES CO., LTD.",4003930,Nioh 3 Season Pass,DLC,60.34,1770336000,0,0,0
"KOEI TECMO GAMES CO., LTD.",628110,NOBUNAGA'S AMBITION: Reppuden with Power Up Kit,Game,60.33,1504051200,470,48,158
"KOEI TECMO GAMES CO., LTD.",1634695,SAMURAI WARRIORS 5 - Season Pass,DLC,60.28,1627344000,0,0,0
"KOEI TECMO GAMES CO., LTD.",1033479,DOA6 Character: NiCO,DLC,60.28,1552608000,0,0,0
"KOEI TECMO GAMES CO., LTD.",348680,"DW8E: Edit Parts - Face, Hair & Accessary Pack",DLC,60.28,1424995200,0,0,0
"KOEI TECMO GAMES CO., LTD.",573570,"RTK13 - Best scenario for ""RTK"" (Japan): ""The Tyrant Returns"" 『三國志』シナリオ案最優秀作品（日本）　「魔王帰還」",DLC,60.09,1485475200,0,0,0
"KOEI TECMO GAMES CO., LTD.",1754703,Atelier Sophie 2 - Atelier Series Legacy BGM Pack,DLC,59.97,1649289600,0,0,0
"KOEI TECMO GAMES CO., LTD.",1074277,DOA6 Kula Diamond + Debut Costume Set,DLC,59.97,1560816000,0,0,0
"KOEI TECMO GAMES CO., LTD.",1033471,DOA6 Character: Leifang,DLC,59.97,1552608000,0,0,0
"KOEI TECMO GAMES CO., LTD.",962306,Xin Xianying - Officer Ticket / 辛憲英使用券,DLC,59.97,1541116800,0,0,0
"KOEI TECMO GAMES CO., LTD.",933526,WARRIORS OROCHI 4/無双OROCHI３ - Legendary Costumes Samurai Warriors Pack 2,DLC,59.97,1539648000,0,0,0
"KOEI TECMO GAMES CO., LTD.",579539,RTK13WPK - Fan selected Re-Releases Officer Graphic Set ② ファンが選ぶ復刻武将CGセット②,DLC,59.97,1487721600,0,0,0
"KOEI TECMO GAMES CO., LTD.",531164,DEAD OR ALIVE 5 Last Round: Core Fighters Character: Phase 4,DLC,59.97,1475452800,0,0,0
"KOEI TECMO GAMES CO., LTD.",486006,Attack on Titan - Episode 3,DLC,59.97,1474934400,0,0,0
"KOEI TECMO GAMES CO., LTD.",430343,RTK13 - Additional BGM - “RTK12” Set ③ 追加BGM『三國志12』セット③,DLC,59.97,1456358400,0,0,0
"KOEI TECMO GAMES CO., LTD.",403061,Deception Costume Set,DLC,59.97,1443657600,0,0,0
"KOEI TECMO GAMES CO., LTD.",1033477,DOA6 Character: Marie Rose,DLC,59.94,1552608000,0,0,0
"KOEI TECMO GAMES CO., LTD.",4038930,DYNASTY WARRIORS: ORIGINS Visions of Four Heroes,DLC,59.6,1769040000,0,0,0
"KOEI TECMO GAMES CO., LTD.",3319880,DYNASTY WARRIORS: ORIGINS - Official Book & Original Soundtrack (Digital Edition),DLC,59.6,1737072000,0,0,0
"KOEI TECMO GAMES CO., LTD.",1754696,"Atelier Sophie 2 - Extra Area ""Heartscape""",DLC,59.6,1647907200,0,0,0
"KOEI TECMO GAMES CO., LTD.",1754693,"Atelier Sophie 2 - Recipe Expansion Pack ""The Art of Synthesis""",DLC,59.6,1647907200,0,0,0
"KOEI TECMO GAMES CO., LTD.",1744818,BLUE REFLECTION: Second Light - Season Pass,DLC,59.6,1636416000,0,0,0
"KOEI TECMO GAMES CO., LTD.",1634706,SAMURAI WARRIORS 5 - Additional Weapon set 4,DLC,59.6,1629331200,0,0,0
"KOEI TECMO GAMES CO., LTD.",1634705,SAMURAI WARRIORS 5 - Additional Weapon set 3,DLC,59.6,1629331200,0,0,0
"KOEI TECMO GAMES CO., LTD.",1634704,SAMURAI WARRIORS 5 - Additional Weapon set 2,DLC,59.6,1628121600,0,0,0
"KOEI TECMO GAMES CO., LTD.",1213330,DFF NT: Ardyn Izunia Starter Pack,DLC,59.6,1578441600,0,0,0
"KOEI TECMO GAMES CO., LTD.",1099345,DOA6 Kasumi Deluxe Costume,DLC,59.6,1565049600,0,0,0
"KOEI TECMO GAMES CO., LTD.",1019961,"DYNASTY WARRIORS 9: Lu Xun ""Knight Costume"" / 陸遜「騎士風コスチューム」",DLC,59.6,1550707200,0,0,0
"KOEI TECMO GAMES CO., LTD.",956944,Yu Jin - Officer Ticket / 于禁使用券,DLC,59.6,1541116800,0,0,0
"KOEI TECMO GAMES CO., LTD.",956899,Zuo Ci - Officer Ticket / 左慈使用券,DLC,59.6,1541116800,0,0,0
"KOEI TECMO GAMES CO., LTD.",956866,Guo Huai - Officer Ticket / 郭淮使用券,DLC,59.6,1541116800,0,0,0
"KOEI TECMO GAMES CO., LTD.",956760,Pang Tong - Officer Ticket / 龐統使用券,DLC,59.6,1541116800,0,0,0
"KOEI TECMO GAMES CO., LTD.",956732,Cao Pi - Officer Ticket / 曹丕使用券,DLC,59.6,1541116800,0,0,0
"KOEI TECMO GAMES CO., LTD.",956729,Xu Huang - Officer Ticket / 徐晃使用券,DLC,59.6,1541116800,0,0,0
"KOEI TECMO GAMES CO., LTD.",933527,WARRIORS OROCHI 4/無双OROCHI３ - Legendary Costumes Samurai Warriors Pack 3,DLC,59.6,1539648000,0,0,0
"KOEI TECMO GAMES CO., LTD.",818040,Nobunaga's Ambition: Taishi -「信長の野望の日」記念コンテンツ（2018）/Memorial Contents 2018,DLC,59.6,1522368000,0,0,0
"KOEI TECMO GAMES CO., LTD.",797900,Additional Bertholdt Costume: Pajama Outfit,DLC,59.6,1522713600,0,0,0
"KOEI TECMO GAMES CO., LTD.",688273,BLUE REFLECTION - Special Event,DLC,59.6,1511222400,0,0,0
"KOEI TECMO GAMES CO., LTD.",658299,WARRIORS ALL-STARS: Arnice-themed costume for Oka,DLC,59.6,1504051200,0,0,0
"KOEI TECMO GAMES CO., LTD.",658290,WARRIORS ALL-STARS: Laegrinna-themed costume for Ayane,DLC,59.6,1504051200,0,0,0
"KOEI TECMO GAMES CO., LTD.",658279,WARRIORS ALL-STARS: Hajime Arima-themed costume for Zhao Yun,DLC,59.6,1504051200,0,0,0
"KOEI TECMO GAMES CO., LTD.",658275,WARRIORS ALL-STARS: Marie Rose-themed costume for Plachta,DLC,59.6,1504051200,0,0,0
"KOEI TECMO GAMES CO., LTD.",620326,Atelier Firis - Character: Shanon / 追加キャラクター『シャノン』,DLC,59.6,1494201600,0,0,0
"KOEI TECMO GAMES CO., LTD.",579533,"RTK13WPK - Tie-up with Kihachiro Kawamoto's ""Sanguozhi"" Dolls  Officer Graphic Set ③ 川本喜八郎 三国志人形タイアップ武将CGセット③",DLC,59.6,1488326400,0,0,0
"KOEI TECMO GAMES CO., LTD.",531168,DEAD OR ALIVE 5 Last Round: Core Fighters Character: Zack,DLC,59.6,1475452800,0,0,0
"KOEI TECMO GAMES CO., LTD.",433420,RTK13 - Bonus Officer CG “Zhao Yun” 「趙雲」特典武将CG,DLC,59.6,1465948800,0,0,0
"KOEI TECMO GAMES CO., LTD.",430344,RTK13 - Additional BGM - “RTK12” Set ④ 追加BGM『三國志12』セット④,DLC,59.6,1458259200,0,0,0
"KOEI TECMO GAMES CO., LTD.",396435,RTK13 - Bonus Officer CG “Zhou Yu” 「周瑜」特典武将CG,DLC,59.6,1453939200,0,0,0
"KOEI TECMO GAMES CO., LTD.",386820,Nobunaga's Ambition: Souzou WPK - 10 New Face CG Set,DLC,59.6,1437523200,0,0,0
"KOEI TECMO GAMES CO., LTD.",348684,DW8E: Edit Voice Pack 1,DLC,59.6,1428364800,0,0,0
"KOEI TECMO GAMES CO., LTD.",316820,DW8XLCE - BGM PACK,DLC,59.6,1407369600,0,0,0
"KOEI TECMO GAMES CO., LTD.",3811200,"The Red Alchemist & the White Guardian - ""Atelier Resleriana"" Special Music Pack",DLC,59.42,1763596800,0,0,0
"KOEI TECMO GAMES CO., LTD.",3742600,"Atelier Yumia - ""Twilight Memories"" Costume for Lenja",DLC,59.42,1753228800,0,0,0
"KOEI TECMO GAMES CO., LTD.",3742590,"Atelier Yumia - ""Ultimate Teacher"" Costume for Nina",DLC,59.42,1753228800,0,0,0
"KOEI TECMO GAMES CO., LTD.",3742560,"Atelier Yumia - ""Newbie Maid"" Costume for Isla",DLC,59.42,1753228800,0,0,0
"KOEI TECMO GAMES CO., LTD.",3569690,Atelier Yumia - Atelier Series Legacy BGM Pack,DLC,59.42,1750636800,0,0,0
"KOEI TECMO GAMES CO., LTD.",3455600,WP10 2025 花の47年組 購入権セット 全７頭,DLC,59.42,1743033600,0,0,0
"KOEI TECMO GAMES CO., LTD.",3375860,"ROMANCE OF THE THREE KINGDOMS 8 REMAKE Yokoyama Mitsuteru's ""Three Kingdoms"" Collaboration: Rulers and Wise Leaders CG Portrait Set",DLC,59.42,1742860800,0,0,0
"KOEI TECMO GAMES CO., LTD.",3285140,"Atelier Yumia - ""Blooming Heart"" Costume for Nina",DLC,59.42,1742515200,0,0,0
"KOEI TECMO GAMES CO., LTD.",3285120,"Atelier Yumia - ""Knight's Long-Distance Swimwear"" Costume for Viktor",DLC,59.42,1742515200,0,0,0
"KOEI TECMO GAMES CO., LTD.",3285110,"Atelier Yumia - ""Super Cute! Beach Memories"" Costume for Isla",DLC,59.42,1742515200,0,0,0
"KOEI TECMO GAMES CO., LTD.",3260320,"FAIRY TAIL 2 - Erza's Outfit: ""Miss FAIRY TAIL Contest""",DLC,59.42,1734912000,0,0,0
"KOEI TECMO GAMES CO., LTD.",3193240,"FAIRY TAIL 2 - Special Outfit Set ""Happy Wedding""",DLC,59.42,1734912000,0,0,0
"KOEI TECMO GAMES CO., LTD.",3193220,FAIRY TAIL 2 - Special Outfit Complete Set,DLC,59.42,1734912000,0,0,0
"KOEI TECMO GAMES CO., LTD.",2770980,WP10 2024 全世界 史実種牡馬＆繁殖牝馬 無料選択購入権セット,DLC,59.42,1711584000,0,0,0
"KOEI TECMO GAMES CO., LTD.",2770940,WP10 2024 世界 はかなき王者たち 購入権セット 全３頭,DLC,59.42,1711584000,0,0,0
"KOEI TECMO GAMES CO., LTD.",2156253,Atelier Ryza 3 - Gust Extra BGM Pack,DLC,59.42,1685577600,0,0,0
"KOEI TECMO GAMES CO., LTD.",1912101,"Touken Ranbu Warriors - Uchiban Outfit ""Shokudaikiri Mitsutada""",DLC,59.42,1653350400,0,0,0
"KOEI TECMO GAMES CO., LTD.",1912071,"Touken Ranbu Warriors - Uchiban Outfit ""Sengo Muramasa""",DLC,59.42,1653350400,0,0,0
"KOEI TECMO GAMES CO., LTD.",1873332,WP9 2022 至高の３強 TTG 購入権セット 全３頭,DLC,59.42,1649894400,0,0,0
"KOEI TECMO GAMES CO., LTD.",1501264,WP9 2021 昭和の快速馬たち 購入権セット 全４頭,DLC,59.42,1618444800,0,0,0
"KOEI TECMO GAMES CO., LTD.",1501254,WP9 2021 毛色名鑑セット（５種）,DLC,59.42,1618444800,0,0,0
"KOEI TECMO GAMES CO., LTD.",1441724,"Atelier Ryza 2: Clifford's Swimsuit ""Ocean Treasure""",DLC,59.42,1617062400,0,0,0
"KOEI TECMO GAMES CO., LTD.",1441721,"Atelier Ryza 2: Tao's Swimsuit ""School Trip""",DLC,59.42,1617062400,0,0,0
"KOEI TECMO GAMES CO., LTD.",1431493,"RTK14: Scenario ""The Subjugation of Nanman"" & Event Set",DLC,59.42,1619568000,0,0,0
"KOEI TECMO GAMES CO., LTD.",1362221,"FAIRY TAIL: Additional Friends Set ""Levy""",DLC,59.42,1597795200,0,0,0
"KOEI TECMO GAMES CO., LTD.",1362179,FAIRY TAIL: Dress-Up Costume Set for 16 Playable Characters,DLC,59.42,1596672000,0,0,0
"KOEI TECMO GAMES CO., LTD.",1362118,"FAIRY TAIL: Erza's Costume ""Anime Final Season""",DLC,59.42,1596672000,0,0,0
"KOEI TECMO GAMES CO., LTD.",1362117,"FAIRY TAIL: Lucy's Costume ""Anime Final Season""",DLC,59.42,1596672000,0,0,0
"KOEI TECMO GAMES CO., LTD.",1362115,FAIRY TAIL: Special Swimsuit Costume Set for 16 Playable Characters,DLC,59.42,1596672000,0,0,0
"KOEI TECMO GAMES CO., LTD.",1333179,"FAIRY TAIL: Wendy's Costume ""Fairy Tail Team A""",DLC,59.42,1596067200,0,0,0
"KOEI TECMO GAMES CO., LTD.",1333177,"FAIRY TAIL: Gray's Costume ""Fairy Tail Team A""",DLC,59.42,1596067200,0,0,0
"KOEI TECMO GAMES CO., LTD.",1333176,"FAIRY TAIL: Lucy's Costume ""Fairy Tail Team A""",DLC,59.42,1596067200,0,0,0
"KOEI TECMO GAMES CO., LTD.",1333175,"FAIRY TAIL: Natsu's Costume ""Fairy Tail Team A""",DLC,59.42,1596067200,0,0,0
"KOEI TECMO GAMES CO., LTD.",1224897,[Revival] DOA6 High Society Costume - Tamaki,DLC,59.42,1586822400,0,0,0
"KOEI TECMO GAMES CO., LTD.",1224895,[Revival] DOA6 High Society Costume - Momiji,DLC,59.42,1586822400,0,0,0
"KOEI TECMO GAMES CO., LTD.",1224879,[Revival] DOA6 High Society Costume - Mila,DLC,59.42,1586822400,0,0,0
"KOEI TECMO GAMES CO., LTD.",1224878,[Revival] DOA6 High Society Costume - Hitomi,DLC,59.42,1586822400,0,0,0
"KOEI TECMO GAMES CO., LTD.",1224872,[Revival] DOA6 High Society Costume - Helena,DLC,59.42,1586822400,0,0,0
"KOEI TECMO GAMES CO., LTD.",1224866,[Revival] DOA6 School Uniform - Rachel,DLC,59.42,1586822400,0,0,0
"KOEI TECMO GAMES CO., LTD.",1224865,[Revival] DOA6 School Uniform - Momiji,DLC,59.42,1586822400,0,0,0
"KOEI TECMO GAMES CO., LTD.",1224862,[Revival] DOA6 School Uniform - Honoka,DLC,59.42,1586822400,0,0,0
"KOEI TECMO GAMES CO., LTD.",1224859,[Revival] DOA6 School Uniform - Mila,DLC,59.42,1586822400,0,0,0
"KOEI TECMO GAMES CO., LTD.",1224856,[Revival] DOA6 School Uniform - La Mariposa,DLC,59.42,1586822400,0,0,0
"KOEI TECMO GAMES CO., LTD.",1224850,[Revival] DOA6 School Uniform - Tina,DLC,59.42,1586822400,0,0,0
"KOEI TECMO GAMES CO., LTD.",1224835,DOA6 Design Contest 2019 Costume - Phase 4,DLC,59.42,1583798400,0,0,0
"KOEI TECMO GAMES CO., LTD.",1224834,DOA6 Design Contest 2019 Costume - NiCO,DLC,59.42,1583798400,0,0,0
"KOEI TECMO GAMES CO., LTD.",1224831,DOA6 Design Contest 2019 Costume - Mila,DLC,59.42,1583798400,0,0,0
"KOEI TECMO GAMES CO., LTD.",1224830,DOA6 Design Contest 2019 Costume - Bass,DLC,59.42,1583798400,0,0,0
"KOEI TECMO GAMES CO., LTD.",1224825,DOA6 Summer Breeze Collection - Tamaki,DLC,59.42,1583798400,0,0,0
"KOEI TECMO GAMES CO., LTD.",1224822,DOA6 Party Dress - Tamaki,DLC,59.42,1583798400,0,0,0
"KOEI TECMO GAMES CO., LTD.",1224795,DOA6 Gust Mashup - Rachel & Jurie,DLC,59.42,1582588800,0,0,0
"KOEI TECMO GAMES CO., LTD.",1224791,DOA6 Gust Mashup - Nyotengu & Judie,DLC,59.42,1582588800,0,0,0
"KOEI TECMO GAMES CO., LTD.",1224789,DOA6 Gust Mashup - Mila & Elie,DLC,59.42,1582588800,0,0,0
"KOEI TECMO GAMES CO., LTD.",1224788,DOA6 Gust Mashup - Hitomi & Sophie,DLC,59.42,1582588800,0,0,0
"KOEI TECMO GAMES CO., LTD.",1224787,DOA6 Gust Mashup - Christie & Esty,DLC,59.42,1582588800,0,0,0
"KOEI TECMO GAMES CO., LTD.",1224786,DOA6 Gust Mashup - La Mariposa & Nelico,DLC,59.42,1582588800,0,0,0
"KOEI TECMO GAMES CO., LTD.",1224785,DOA6 Gust Mashup - Ayane & Plachta,DLC,59.42,1582588800,0,0,0
"KOEI TECMO GAMES CO., LTD.",1224784,DOA6 Gust Mashup - Leifang & Meruru,DLC,59.42,1582588800,0,0,0
"KOEI TECMO GAMES CO., LTD.",1224782,DOA6 Gust Mashup - Helena & Marie,DLC,59.42,1582588800,0,0,0
"KOEI TECMO GAMES CO., LTD.",1224781,DOA6 Gust Mashup - Kasumi & Ion,DLC,59.42,1582588800,0,0,0
"KOEI TECMO GAMES CO., LTD.",1224780,DOA6 Gust Mashup - Tina & Lilysse,DLC,59.42,1582588800,0,0,0
"KOEI TECMO GAMES CO., LTD.",1217684,WP9 2020 オリジナルスーパーホース 購入権セット 全4頭,DLC,59.42,1583971200,0,0,0
"KOEI TECMO GAMES CO., LTD.",1213353,DFF NT: Safer Sephiroth Appearance Set & 5th Weapon for Sephiroth,DLC,59.42,1578441600,0,0,0
"KOEI TECMO GAMES CO., LTD.",1212814,[Revival] DOA6 Alluring Mandarin Dress - Phase 4,DLC,59.42,1581465600,0,0,0
"KOEI TECMO GAMES CO., LTD.",1212811,[Revival] DOA6 Alluring Mandarin Dress - Nyotengu,DLC,59.42,1581465600,0,0,0
"KOEI TECMO GAMES CO., LTD.",1212809,[Revival] DOA6 Alluring Mandarin Dress - Mila,DLC,59.42,1581465600,0,0,0
"KOEI TECMO GAMES CO., LTD.",1212808,[Revival] DOA6 Alluring Mandarin Dress - Hitomi,DLC,59.42,1581465600,0,0,0
"KOEI TECMO GAMES CO., LTD.",1212807,[Revival] DOA6 Alluring Mandarin Dress - Christie,DLC,59.42,1581465600,0,0,0
"KOEI TECMO GAMES CO., LTD.",1212805,[Revival] DOA6 Alluring Mandarin Dress - Ayane,DLC,59.42,1581465600,0,0,0
"KOEI TECMO GAMES CO., LTD.",1212803,[Revival] DOA6 Alluring Mandarin Dress - Kokoro,DLC,59.42,1581465600,0,0,0
"KOEI TECMO GAMES CO., LTD.",1212802,[Revival] DOA6 Alluring Mandarin Dress - Helena,DLC,59.42,1581465600,0,0,0
"KOEI TECMO GAMES CO., LTD.",1212801,[Revival] DOA6 Alluring Mandarin Dress - Kasumi,DLC,59.42,1581465600,0,0,0
"KOEI TECMO GAMES CO., LTD.",1212800,[Revival] DOA6 Alluring Mandarin Dress - Tina,DLC,59.42,1581465600,0,0,0
"KOEI TECMO GAMES CO., LTD.",1205885,[Revival] DOA6 Maid Costume - Momiji,DLC,59.42,1579564800,0,0,0
"KOEI TECMO GAMES CO., LTD.",1205880,[Revival] DOA6 Maid Costume - Marie Rose,DLC,59.42,1579564800,0,0,0
"KOEI TECMO GAMES CO., LTD.",1205868,[Revival] DOA6 Maid Costume - Hitomi,DLC,59.42,1579564800,0,0,0
"KOEI TECMO GAMES CO., LTD.",1205799,"DOA6 ""Nova"" Sci-Fi Body Suit - Rachel",DLC,59.42,1579564800,0,0,0
"KOEI TECMO GAMES CO., LTD.",1205795,"DOA6 ""Nova"" Sci-Fi Body Suit - Honoka",DLC,59.42,1579564800,0,0,0
"KOEI TECMO GAMES CO., LTD.",1205794,"DOA6 ""Nova"" Sci-Fi Body Suit - Nyotengu",DLC,59.42,1579564800,0,0,0
"KOEI TECMO GAMES CO., LTD.",1205793,"DOA6 ""Nova"" Sci-Fi Body Suit - Marie Rose",DLC,59.42,1579564800,0,0,0
"KOEI TECMO GAMES CO., LTD.",1205792,"DOA6 ""Nova"" Sci-Fi Body Suit - Mila",DLC,59.42,1579564800,0,0,0
"KOEI TECMO GAMES CO., LTD.",1205791,"DOA6 ""Nova"" Sci-Fi Body Suit - Hitomi",DLC,59.42,1579564800,0,0,0
"KOEI TECMO GAMES CO., LTD.",1205788,"DOA6 ""Nova"" Sci-Fi Body Suit - Ayane",DLC,59.42,1579564800,0,0,0
"KOEI TECMO GAMES CO., LTD.",1205787,"DOA6 ""Nova"" Sci-Fi Body Suit - Leifang",DLC,59.42,1579564800,0,0,0
"KOEI TECMO GAMES CO., LTD.",1205786,"DOA6 ""Nova"" Sci-Fi Body Suit - Kokoro",DLC,59.42,1579564800,0,0,0
"KOEI TECMO GAMES CO., LTD.",1205782,"DOA6 ""Nova"" Sci-Fi Body Suit (Red) - Zack",DLC,59.42,1579564800,0,0,0
"KOEI TECMO GAMES CO., LTD.",1205781,"DOA6 ""Nova"" Sci-Fi Body Suit (Gold) - Zack",DLC,59.42,1579564800,0,0,0
"KOEI TECMO GAMES CO., LTD.",1205780,"DOA6 ""Nova"" Sci-Fi Body Suit (Silver) - Zack",DLC,59.42,1579564800,0,0,0
"KOEI TECMO GAMES CO., LTD.",1195331,DFF NT: Scion Sorceress's Robe App. Set & 5th Weapon for Y'shtola,DLC,59.42,1575417600,0,0,0
"KOEI TECMO GAMES CO., LTD.",1195330,DFF NT: Knight in Shining Armor App. Set & Weapon for Warrior of Light,DLC,59.42,1575417600,0,0,0
"KOEI TECMO GAMES CO., LTD.",1195214,DOA6 Santa Bikini - Phase 4,DLC,59.42,1576540800,0,0,0
"KOEI TECMO GAMES CO., LTD.",1195213,DOA6 Santa Bikini - NiCO,DLC,59.42,1576540800,0,0,0
"KOEI TECMO GAMES CO., LTD.",1195212,DOA6 Santa Bikini - Honoka,DLC,59.42,1576540800,0,0,0
"KOEI TECMO GAMES CO., LTD.",1195211,DOA6 Santa Bikini - Nyotengu,DLC,59.42,1576540800,0,0,0
"KOEI TECMO GAMES CO., LTD.",1195210,DOA6 Santa Bikini - Marie Rose,DLC,59.42,1576540800,0,0,0
"KOEI TECMO GAMES CO., LTD.",1195209,DOA6 Santa Bikini - Mila,DLC,59.42,1576540800,0,0,0
"KOEI TECMO GAMES CO., LTD.",1195206,DOA6 Santa Bikini - La Mariposa,DLC,59.42,1576540800,0,0,0
"KOEI TECMO GAMES CO., LTD.",1195205,DOA6 Santa Bikini - Ayane,DLC,59.42,1576540800,0,0,0
"KOEI TECMO GAMES CO., LTD.",1195204,DOA6 Santa Bikini - Leifang,DLC,59.42,1576540800,0,0,0
"KOEI TECMO GAMES CO., LTD.",1195203,DOA6 Santa Bikini - Kokoro,DLC,59.42,1576540800,0,0,0
"KOEI TECMO GAMES CO., LTD.",1195201,DOA6 Santa Bikini - Kasumi,DLC,59.42,1576540800,0,0,0
"KOEI TECMO GAMES CO., LTD.",1195200,DOA6 Santa Bikini - Tina,DLC,59.42,1576540800,0,0,0
"KOEI TECMO GAMES CO., LTD.",1195166,DOA6 Rachel Debut Costume Set,DLC,59.42,1576540800,0,0,0
"KOEI TECMO GAMES CO., LTD.",1195165,DOA6 Santa Bikini - Rachel,DLC,59.42,1576540800,0,0,0
"KOEI TECMO GAMES CO., LTD.",1195164,DOA6 Summer Breeze Collection - Rachel,DLC,59.42,1576540800,0,0,0
"KOEI TECMO GAMES CO., LTD.",1195161,DOA6 Happy Wedding Costume - Rachel,DLC,59.42,1576540800,0,0,0
"KOEI TECMO GAMES CO., LTD.",1188614,Atelier Ryza: Ocean Dandy,DLC,59.42,1576540800,0,0,0
"KOEI TECMO GAMES CO., LTD.",1188607,Atelier Ryza: Stylish Weapon Skins - Lila,DLC,59.42,1574121600,0,0,0
"KOEI TECMO GAMES CO., LTD.",1188606,Atelier Ryza: Stylish Weapon Skins - Empel,DLC,59.42,1574121600,0,0,0
"KOEI TECMO GAMES CO., LTD.",1188605,Atelier Ryza: Stylish Weapon Skins - Tao,DLC,59.42,1574121600,0,0,0
"KOEI TECMO GAMES CO., LTD.",1188604,Atelier Ryza: Stylish Weapon Skins - Lent,DLC,59.42,1574121600,0,0,0
"KOEI TECMO GAMES CO., LTD.",1188603,Atelier Ryza: Stylish Weapon Skins - Klaudia,DLC,59.42,1574121600,0,0,0
"KOEI TECMO GAMES CO., LTD.",1188602,Atelier Ryza: Stylish Weapon Skins - Ryza,DLC,59.42,1574121600,0,0,0
"KOEI TECMO GAMES CO., LTD.",1187327,[Revival] DOA6 Santa's Helper Costume - Momiji,DLC,59.42,1575504000,0,0,0
"KOEI TECMO GAMES CO., LTD.",1187316,[Revival] DOA6 Santa's Helper Costume - Hitomi,DLC,59.42,1575504000,0,0,0
"KOEI TECMO GAMES CO., LTD.",1187304,[Revival] DOA6 Santa's Helper Costume - Kasumi,DLC,59.42,1575504000,0,0,0
"KOEI TECMO GAMES CO., LTD.",1179654,DOA6 Energy Up! Training Wear - Phase 4,DLC,59.42,1574726400,0,0,0
"KOEI TECMO GAMES CO., LTD.",1179652,DOA6 Energy Up! Training Wear - Honoka,DLC,59.42,1574726400,0,0,0
"KOEI TECMO GAMES CO., LTD.",1179651,DOA6 Energy Up! Training Wear - Nyotengu,DLC,59.42,1574726400,0,0,0
"KOEI TECMO GAMES CO., LTD.",1179637,DOA6 Energy Up! Training Wear - Christie,DLC,59.42,1574726400,0,0,0
"KOEI TECMO GAMES CO., LTD.",1179635,DOA6 Energy Up! Training Wear - Ayane,DLC,59.42,1574726400,0,0,0
"KOEI TECMO GAMES CO., LTD.",1179633,DOA6 Energy Up! Training Wear - Kokoro,DLC,59.42,1574726400,0,0,0
"KOEI TECMO GAMES CO., LTD.",1179632,DOA6 Energy Up! Training Wear - Helena,DLC,59.42,1574726400,0,0,0
"KOEI TECMO GAMES CO., LTD.",1176681,DFF NT: Otherworldly Garb App. Set & 5th Weapon for Noctis,DLC,59.42,1572998400,0,0,0
"KOEI TECMO GAMES CO., LTD.",1169722,[Revival] DOA6 Hot Summer Costume - Honoka,DLC,59.42,1573516800,0,0,0
"KOEI TECMO GAMES CO., LTD.",1168568,[Revival] DOA6 Hot Summer Costume - Hitomi,DLC,59.42,1573516800,0,0,0
"KOEI TECMO GAMES CO., LTD.",1168565,[Revival] DOA6 Hot Summer Costume - Ayane,DLC,59.42,1573516800,0,0,0
"KOEI TECMO GAMES CO., LTD.",1168564,[Revival] DOA6 Hot Summer Costume - Leifang,DLC,59.42,1573516800,0,0,0
"KOEI TECMO GAMES CO., LTD.",1168561,[Revival] DOA6 Hot Summer Costume - Kasumi,DLC,59.42,1573516800,0,0,0
"KOEI TECMO GAMES CO., LTD.",1168560,[Revival] DOA6 Hot Summer Costume - Tina,DLC,59.42,1573516800,0,0,0
"KOEI TECMO GAMES CO., LTD.",1168524,DOA6 Witch Party Costume - Phase 4,DLC,59.42,1572307200,0,0,0
"KOEI TECMO GAMES CO., LTD.",1168522,DOA6 Witch Party Costume - Honoka,DLC,59.42,1572307200,0,0,0
"KOEI TECMO GAMES CO., LTD.",1168521,DOA6 Witch Party Costume - Nyotengu,DLC,59.42,1572307200,0,0,0
"KOEI TECMO GAMES CO., LTD.",1168520,DOA6 Witch Party Costume - Marie Rose,DLC,59.42,1572307200,0,0,0
"KOEI TECMO GAMES CO., LTD.",1168519,DOA6 Witch Party Costume - Mila,DLC,59.42,1572307200,0,0,0
"KOEI TECMO GAMES CO., LTD.",1168518,DOA6 Witch Party Costume - Hitomi,DLC,59.42,1572307200,0,0,0
"KOEI TECMO GAMES CO., LTD.",1168517,DOA6 Witch Party Costume - Christie,DLC,59.42,1572307200,0,0,0
"KOEI TECMO GAMES CO., LTD.",1168515,DOA6 Witch Party Costume - Ayane,DLC,59.42,1572307200,0,0,0
"KOEI TECMO GAMES CO., LTD.",1168514,DOA6 Witch Party Costume - Leifang,DLC,59.42,1572307200,0,0,0
"KOEI TECMO GAMES CO., LTD.",1168513,DOA6 Witch Party Costume - Kokoro,DLC,59.42,1572307200,0,0,0
"KOEI TECMO GAMES CO., LTD.",1168512,DOA6 Witch Party Costume - Helena,DLC,59.42,1572307200,0,0,0
"KOEI TECMO GAMES CO., LTD.",1168511,DOA6 Witch Party Costume - Kasumi,DLC,59.42,1572307200,0,0,0
"KOEI TECMO GAMES CO., LTD.",1168510,DOA6 Witch Party Costume - Tina,DLC,59.42,1572307200,0,0,0
"KOEI TECMO GAMES CO., LTD.",1159325,[Revival] DOA6 Sexy Bunny Costume - Honoka,DLC,59.42,1571097600,0,0,0
"KOEI TECMO GAMES CO., LTD.",1134431,DOA6 Morphing Ninja Costume - Phase 4,DLC,59.42,1568851200,0,0,0
"KOEI TECMO GAMES CO., LTD.",1134430,DOA6 Morphing Ninja Costume - NiCO,DLC,59.42,1568851200,0,0,0
"KOEI TECMO GAMES CO., LTD.",1134423,DOA6 Morphing Ninja Costume - Diego,DLC,59.42,1568851200,0,0,0
"KOEI TECMO GAMES CO., LTD.",1134422,DOA6 Morphing Ninja Costume - Raidou,DLC,59.42,1568851200,0,0,0
"KOEI TECMO GAMES CO., LTD.",1134420,DOA6 Morphing Ninja Costume - Nyotengu,DLC,59.42,1568851200,0,0,0
"KOEI TECMO GAMES CO., LTD.",1134418,DOA6 Morphing Ninja Costume - Mila,DLC,59.42,1568851200,0,0,0
"KOEI TECMO GAMES CO., LTD.",1134417,DOA6 Morphing Ninja Costume - Rig,DLC,59.42,1568851200,0,0,0
"KOEI TECMO GAMES CO., LTD.",1134416,DOA6 Morphing Ninja Costume - Bayman,DLC,59.42,1568851200,0,0,0
"KOEI TECMO GAMES CO., LTD.",1134414,DOA6 Morphing Ninja Costume - Christie,DLC,59.42,1568851200,0,0,0
"KOEI TECMO GAMES CO., LTD.",1134413,DOA6 Morphing Ninja Costume - Brad Wong,DLC,59.42,1568851200,0,0,0
"KOEI TECMO GAMES CO., LTD.",1134411,DOA6 Morphing Ninja Costume - Eliot,DLC,59.42,1568851200,0,0,0
"KOEI TECMO GAMES CO., LTD.",1134409,DOA6 Morphing Ninja Costume - Leifang,DLC,59.42,1568851200,0,0,0
"KOEI TECMO GAMES CO., LTD.",1134407,DOA6 Morphing Ninja Costume - Kokoro,DLC,59.42,1568851200,0,0,0
"KOEI TECMO GAMES CO., LTD.",1134406,DOA6 Morphing Ninja Costume - Bass,DLC,59.42,1568851200,0,0,0
"KOEI TECMO GAMES CO., LTD.",1134405,DOA6 Morphing Ninja Costume - Helena,DLC,59.42,1568851200,0,0,0
"KOEI TECMO GAMES CO., LTD.",1134404,DOA6 Morphing Ninja Costume - Kasumi,DLC,59.42,1568851200,0,0,0
"KOEI TECMO GAMES CO., LTD.",1134403,DOA6 Morphing Ninja Costume - Hayabusa,DLC,59.42,1568851200,0,0,0
"KOEI TECMO GAMES CO., LTD.",1134402,DOA6 Morphing Ninja Costume - Jann Lee,DLC,59.42,1568851200,0,0,0
"KOEI TECMO GAMES CO., LTD.",1134401,DOA6 Morphing Ninja Costume - Tina,DLC,59.42,1568851200,0,0,0
"KOEI TECMO GAMES CO., LTD.",1134386,DOA6 Momiji Debut Costume Set,DLC,59.42,1568851200,0,0,0
"KOEI TECMO GAMES CO., LTD.",1120024,DOA6 Summer Breeze Collection - Phase 4,DLC,59.42,1566259200,0,0,0
"KOEI TECMO GAMES CO., LTD.",1120023,DOA6 Summer Breeze Collection - NiCO,DLC,59.42,1566259200,0,0,0
"KOEI TECMO GAMES CO., LTD.",1120021,DOA6 Summer Breeze Collection - Nyotengu,DLC,59.42,1566259200,0,0,0
"KOEI TECMO GAMES CO., LTD.",1119999,DOA6 Summer Breeze Collection - Mila,DLC,59.42,1566259200,0,0,0
"KOEI TECMO GAMES CO., LTD.",1119998,DOA6 Summer Breeze Collection - Hitomi,DLC,59.42,1566259200,0,0,0
"KOEI TECMO GAMES CO., LTD.",1119997,DOA6 Summer Breeze Collection - Christie,DLC,59.42,1566259200,0,0,0
"KOEI TECMO GAMES CO., LTD.",1119996,DOA6 Summer Breeze Collection - La Mariposa,DLC,59.42,1566259200,0,0,0
"KOEI TECMO GAMES CO., LTD.",1119995,DOA6 Summer Breeze Collection - Ayane,DLC,59.42,1566259200,0,0,0
"KOEI TECMO GAMES CO., LTD.",1119994,DOA6 Summer Breeze Collection - Leifang,DLC,59.42,1566259200,0,0,0
"KOEI TECMO GAMES CO., LTD.",1119993,DOA6 Summer Breeze Collection - Kokoro,DLC,59.42,1566259200,0,0,0
"KOEI TECMO GAMES CO., LTD.",1119992,DOA6 Summer Breeze Collection - Helena,DLC,59.42,1566259200,0,0,0
"KOEI TECMO GAMES CO., LTD.",1119991,DOA6 Summer Breeze Collection - Kasumi,DLC,59.42,1566259200,0,0,0
"KOEI TECMO GAMES CO., LTD.",1119990,DOA6 Summer Breeze Collection - Tina,DLC,59.42,1566259200,0,0,0
"KOEI TECMO GAMES CO., LTD.",1111515,DOA6 Seaside Eden Costume - Diego,DLC,59.42,1563840000,0,0,0
"KOEI TECMO GAMES CO., LTD.",1111514,DOA6 Seaside Eden Costume - Raidou,DLC,59.42,1563840000,0,0,0
"KOEI TECMO GAMES CO., LTD.",1111512,DOA6 Seaside Eden Costume - Nyotengu,DLC,59.42,1563840000,0,0,0
"KOEI TECMO GAMES CO., LTD.",1111490,DOA6 Seaside Eden Costume - Rig,DLC,59.42,1563840000,0,0,0
"KOEI TECMO GAMES CO., LTD.",1111482,DOA6 Seaside Eden Costume - Bayman,DLC,59.42,1563840000,0,0,0
"KOEI TECMO GAMES CO., LTD.",1111477,DOA6 Seaside Eden Costume - Brad Wong,DLC,59.42,1563840000,0,0,0
"KOEI TECMO GAMES CO., LTD.",1111475,DOA6 Seaside Eden Costume - Eliot,DLC,59.42,1563840000,0,0,0
"KOEI TECMO GAMES CO., LTD.",1111472,DOA6 Seaside Eden Costume - Hayate,DLC,59.42,1563840000,0,0,0
"KOEI TECMO GAMES CO., LTD.",1111470,DOA6 Seaside Eden Costume - Bass,DLC,59.42,1563840000,0,0,0
"KOEI TECMO GAMES CO., LTD.",1111448,DOA6 Seaside Eden Costume - Helena,DLC,59.42,1563840000,0,0,0
"KOEI TECMO GAMES CO., LTD.",1111446,DOA6 Seaside Eden Costume - Hayabusa,DLC,59.42,1563840000,0,0,0
"KOEI TECMO GAMES CO., LTD.",1111445,DOA6 Seaside Eden Costume - Jann Lee,DLC,59.42,1563840000,0,0,0
"KOEI TECMO GAMES CO., LTD.",1111443,DOA6 Seaside Eden Costume - Zack,DLC,59.42,1563840000,0,0,0
"KOEI TECMO GAMES CO., LTD.",1111442,DOA6 Honoka: Makeover School Uniform Costume,DLC,59.42,1563840000,0,0,0
"KOEI TECMO GAMES CO., LTD.",1099370,DOA6 Christie Deluxe Costume,DLC,59.42,1565049600,0,0,0
"KOEI TECMO GAMES CO., LTD.",1099340,DOA6 Pirates of the 7 Seas Costume Vol.2 - Raidou,DLC,59.42,1560816000,0,0,0
"KOEI TECMO GAMES CO., LTD.",1099320,DOA6 Pirates of the 7 Seas Costume Vol.2 - Bayman,DLC,59.42,1560816000,0,0,0
"KOEI TECMO GAMES CO., LTD.",1099316,DOA6 Pirates of the 7 Seas Costume Vol.2 - Brad Wong,DLC,59.42,1560816000,0,0,0
"KOEI TECMO GAMES CO., LTD.",1099315,DOA6 Pirates of the 7 Seas Costume Vol.2 - Eliot,DLC,59.42,1560816000,0,0,0
"KOEI TECMO GAMES CO., LTD.",1099314,DOA6 Pirates of the 7 Seas Costume Vol.2 - Hayabusa,DLC,59.42,1560816000,0,0,0
"KOEI TECMO GAMES CO., LTD.",1099313,DOA6 Pirates of the 7 Seas Costume Vol.2 - Jann Lee,DLC,59.42,1560816000,0,0,0
"KOEI TECMO GAMES CO., LTD.",1099312,DOA6 Pirates of the 7 Seas Costume Vol.2 - Phase 4,DLC,59.42,1560816000,0,0,0
"KOEI TECMO GAMES CO., LTD.",1099311,DOA6 Pirates of the 7 Seas Costume Vol.2 - NiCO,DLC,59.42,1560816000,0,0,0
"KOEI TECMO GAMES CO., LTD.",1099310,DOA6 Pirates of the 7 Seas Costume Vol.2 - Marie Rose,DLC,59.42,1560816000,0,0,0
"KOEI TECMO GAMES CO., LTD.",1099305,DOA6 Pirates of the 7 Seas Costume Vol.2 - Leifang,DLC,59.42,1560816000,0,0,0
"KOEI TECMO GAMES CO., LTD.",1099304,DOA6 Pirates of the 7 Seas Costume Vol.2 - Kokoro,DLC,59.42,1560816000,0,0,0
"KOEI TECMO GAMES CO., LTD.",1099303,DOA6 Pirates of the 7 Seas Costume Vol.2 - Helena,DLC,59.42,1560816000,0,0,0
"KOEI TECMO GAMES CO., LTD.",1099302,DOA6 Pirates of the 7 Seas Costume Vol.2 - Kasumi,DLC,59.42,1560816000,0,0,0
"KOEI TECMO GAMES CO., LTD.",1099301,DOA6 Pirates of the 7 Seas Costume Vol.1 - Diego,DLC,59.42,1560816000,0,0,0
"KOEI TECMO GAMES CO., LTD.",1099300,DOA6 Pirates of the 7 Seas Costume Vol.1 - Rig,DLC,59.42,1560816000,0,0,0
"KOEI TECMO GAMES CO., LTD.",1099294,DOA6 Pirates of the 7 Seas Costume Vol.1 - Hayate,DLC,59.42,1560816000,0,0,0
"KOEI TECMO GAMES CO., LTD.",1099293,DOA6 Pirates of the 7 Seas Costume Vol.1 - Bass,DLC,59.42,1560816000,0,0,0
"KOEI TECMO GAMES CO., LTD.",1099292,DOA6 Pirates of the 7 Seas Costume Vol.1 - Zack,DLC,59.42,1560816000,0,0,0
"KOEI TECMO GAMES CO., LTD.",1099283,DOA6 Pirates of the 7 Seas Costume Vol.1 - Mila,DLC,59.42,1560816000,0,0,0
"KOEI TECMO GAMES CO., LTD.",1099282,DOA6 Pirates of the 7 Seas Costume Vol.1 - Hitomi,DLC,59.42,1560816000,0,0,0
"KOEI TECMO GAMES CO., LTD.",1099281,DOA6 Pirates of the 7 Seas Costume Vol.1 - Christie,DLC,59.42,1560816000,0,0,0
"KOEI TECMO GAMES CO., LTD.",1099280,DOA6 Pirates of the 7 Seas Costume Vol.1 - La Mariposa,DLC,59.42,1560816000,0,0,0
"KOEI TECMO GAMES CO., LTD.",1099273,DOA6 Pirates of the 7 Seas Costume Vol.1 - Ayane,DLC,59.42,1560816000,0,0,0
"KOEI TECMO GAMES CO., LTD.",1099272,DOA6 Pirates of the 7 Seas Costume Vol.1 - Tina,DLC,59.42,1560816000,0,0,0
"KOEI TECMO GAMES CO., LTD.",1099271,DOA6 Happy Wedding Costume Vol.2 - Diego,DLC,59.42,1560816000,0,0,0
"KOEI TECMO GAMES CO., LTD.",1099270,DOA6 Happy Wedding Costume Vol.2 - Rig,DLC,59.42,1560816000,0,0,0
"KOEI TECMO GAMES CO., LTD.",1099264,DOA6 Happy Wedding Costume Vol.2 - Brad Wong,DLC,59.42,1560816000,0,0,0
"KOEI TECMO GAMES CO., LTD.",1099263,DOA6 Happy Wedding Costume Vol.2 - Eliot,DLC,59.42,1560816000,0,0,0
"KOEI TECMO GAMES CO., LTD.",1099262,DOA6 Happy Wedding Costume Vol.2 - Zack,DLC,59.42,1560816000,0,0,0
"KOEI TECMO GAMES CO., LTD.",1099240,DOA6 Happy Wedding Costume Vol.2 - Christie,DLC,59.42,1560816000,0,0,0
"KOEI TECMO GAMES CO., LTD.",1099233,DOA6 Happy Wedding Costume Vol.2 - La Mariposa,DLC,59.42,1560816000,0,0,0
"KOEI TECMO GAMES CO., LTD.",1099232,DOA6 Happy Wedding Costume Vol.2 - Ayane,DLC,59.42,1560816000,0,0,0
"KOEI TECMO GAMES CO., LTD.",1099230,DOA6 Happy Wedding Costume Vol.2 - Tina,DLC,59.42,1560816000,0,0,0
"KOEI TECMO GAMES CO., LTD.",1099215,DOA6 Happy Wedding Costume Vol.1 - Bayman,DLC,59.42,1560816000,0,0,0
"KOEI TECMO GAMES CO., LTD.",1099214,DOA6 Happy Wedding Costume Vol.1 - Hayate,DLC,59.42,1560816000,0,0,0
"KOEI TECMO GAMES CO., LTD.",1099212,DOA6 Happy Wedding Costume Vol.1 - Hayabusa,DLC,59.42,1560816000,0,0,0
"KOEI TECMO GAMES CO., LTD.",1099203,DOA6 Happy Wedding Costume Vol.1 - Nyotengu,DLC,59.42,1560816000,0,0,0
"KOEI TECMO GAMES CO., LTD.",1099201,DOA6 Happy Wedding Costume Vol.1 - Hitomi,DLC,59.42,1560816000,0,0,0
"KOEI TECMO GAMES CO., LTD.",1099200,DOA6 Happy Wedding Costume Vol.1 - Leifang,DLC,59.42,1560816000,0,0,0
"KOEI TECMO GAMES CO., LTD.",1099190,DOA6 Happy Wedding Costume Vol.1 - Kasumi,DLC,59.42,1560816000,0,0,0
"KOEI TECMO GAMES CO., LTD.",1074275,DOA6 Bunny Costume - Kula Diamond,DLC,59.42,1560816000,0,0,0
"KOEI TECMO GAMES CO., LTD.",1074274,DOA6 Maid Costume - Kula Diamond,DLC,59.42,1560816000,0,0,0
"KOEI TECMO GAMES CO., LTD.",1074273,DOA6 Nurse Costume - Kula Diamond,DLC,59.42,1560816000,0,0,0
"KOEI TECMO GAMES CO., LTD.",1074272,DOA6 Pirates of the 7 Seas Costume - Kula Diamond,DLC,59.42,1560816000,0,0,0
"KOEI TECMO GAMES CO., LTD.",1074271,DOA6 Happy Wedding Costume - Kula Diamond,DLC,59.42,1560816000,0,0,0
"KOEI TECMO GAMES CO., LTD.",1074266,DOA6 Mai Shiranui Debut Costume Set,DLC,59.42,1560816000,0,0,0
"KOEI TECMO GAMES CO., LTD.",1074264,DOA6 Maid Costume - Mai Shiranui,DLC,59.42,1560816000,0,0,0
"KOEI TECMO GAMES CO., LTD.",1074263,DOA6 Nurse Costume - Mai Shiranui,DLC,59.42,1560816000,0,0,0
"KOEI TECMO GAMES CO., LTD.",1074262,DOA6 Pirates of the 7 Seas Costume - Mai Shiranui,DLC,59.42,1560816000,0,0,0
"KOEI TECMO GAMES CO., LTD.",1074261,DOA6 Happy Wedding Costume - Mai Shiranui,DLC,59.42,1560816000,0,0,0
"KOEI TECMO GAMES CO., LTD.",1074215,"Atelier Lulua: Piana's Outfit ""Ultimate Savior""",DLC,59.42,1564444800,0,0,0
"KOEI TECMO GAMES CO., LTD.",1074209,"Atelier Lulua: Sterk's Swimsuit ""Seaside Paladin""",DLC,59.42,1559606400,0,0,0
"KOEI TECMO GAMES CO., LTD.",1074207,"Atelier Lulua: Niko's Swimsuit ""Capped Captain""",DLC,59.42,1559606400,0,0,0
"KOEI TECMO GAMES CO., LTD.",1074205,"Atelier Lulua: Piana's Swimsuit ""Vivid Two-color""",DLC,59.42,1559606400,0,0,0
"KOEI TECMO GAMES CO., LTD.",1074202,"Atelier Lulua: Lulua's Swimsuit ""Bright Butterfly""",DLC,59.42,1559606400,0,0,0
"KOEI TECMO GAMES CO., LTD.",1061750,"Atelier Lulua: Season Pass ""Lulua""",DLC,59.42,1559606400,0,0,0
"KOEI TECMO GAMES CO., LTD.",1055067,Nelke & the LA: Facility Pack: Dusk,DLC,59.42,1555372800,0,0,0
"KOEI TECMO GAMES CO., LTD.",1055066,Nelke & the LA: Facility Pack: Arland,DLC,59.42,1555372800,0,0,0
"KOEI TECMO GAMES CO., LTD.",1052700,DFFNT: The Espers' Progeny App. Set & 5th Weapon for Terra Branford,DLC,59.42,1553472000,0,0,0
"KOEI TECMO GAMES CO., LTD.",1022514,"DFF NT: Truth Seeker, Y'shtola's EX weapon",DLC,59.42,1552348800,0,0,0
"KOEI TECMO GAMES CO., LTD.",1022513,"DFF NT: Crimson Blitz, Lightning's 4th Weapon",DLC,59.42,1552348800,0,0,0
"KOEI TECMO GAMES CO., LTD.",1022512,"DFF NT: Overture, Lightning's EX weapon",DLC,59.42,1552348800,0,0,0
"KOEI TECMO GAMES CO., LTD.",1022511,"DFF NT: Fusion Sword, Cloud Strife's EX weapon",DLC,59.42,1552348800,0,0,0
"KOEI TECMO GAMES CO., LTD.",1022509,DFF NT: Virtuous Mercenary Appearance Set for Ramza Beoulve,DLC,59.42,1552348800,0,0,0
"KOEI TECMO GAMES CO., LTD.",1022508,DFF NT: Kingly Raiment Appearance Set for Noctis Lucis Caelum,DLC,59.42,1552348800,0,0,0
"KOEI TECMO GAMES CO., LTD.",1022506,DFF NT: Knight of Etro Appearance Set for Lightning,DLC,59.42,1552348800,0,0,0
"KOEI TECMO GAMES CO., LTD.",1022505,DFF NT: Conflicted Hero Appearance Set for Vaan,DLC,59.42,1552348800,0,0,0
"KOEI TECMO GAMES CO., LTD.",1022504,DFF NT: Ministerial Vestiture Appearance Set for Shantotto,DLC,59.42,1552348800,0,0,0
"KOEI TECMO GAMES CO., LTD.",1022503,DFF NT: Away Uniform Appearance Set for Jecht,DLC,59.42,1552348800,0,0,0
"KOEI TECMO GAMES CO., LTD.",1022502,DFF NT: Zanarkand Abes Uniform Appearance Set for Tidus,DLC,59.42,1552348800,0,0,0
"KOEI TECMO GAMES CO., LTD.",1022501,DFF NT: Cloaked Anchorite Appearance Set for Kuja,DLC,59.42,1552348800,0,0,0
"KOEI TECMO GAMES CO., LTD.",1022500,DFF NT: Pluto Uniform Appearance Set for Zidane Tribal,DLC,59.42,1552348800,0,0,0
"KOEI TECMO GAMES CO., LTD.",1022499,DFF NT: Edea's Corpse Appearance Set for Ultimecia,DLC,59.42,1552348800,0,0,0
"KOEI TECMO GAMES CO., LTD.",1022498,DFF NT: SeeD Uniform Appearance Set for Squall Leonhart,DLC,59.42,1552348800,0,0,0
"KOEI TECMO GAMES CO., LTD.",1022496,DFF NT: Cloudy Wolf Appearance Set for Cloud Strife,DLC,59.42,1552348800,0,0,0
"KOEI TECMO GAMES CO., LTD.",1022495,DFF NT: Snobbish Turban Appearance Set for Kefka Palazzo,DLC,59.42,1552348800,0,0,0
"KOEI TECMO GAMES CO., LTD.",1022493,DFF NT: Root of Evil Appearance Set for Exdeath,DLC,59.42,1552348800,0,0,0
"KOEI TECMO GAMES CO., LTD.",1022492,DFF NT: Freelancer Appearance Set for Bartz Klauser,DLC,59.42,1552348800,0,0,0
"KOEI TECMO GAMES CO., LTD.",1022491,DFF NT: Golbez Reimagined Appearance Set for Golbez,DLC,59.42,1552348800,0,0,0
"KOEI TECMO GAMES CO., LTD.",1022490,DFF NT: Sanctifying Dragoon Appearance Set for Kain Highwind,DLC,59.42,1552348800,0,0,0
"KOEI TECMO GAMES CO., LTD.",1022479,DFF NT: Cecil Reimagined Appearance Set for Cecil Harvey,DLC,59.42,1552348800,0,0,0
"KOEI TECMO GAMES CO., LTD.",1022478,DFF NT: Lucent Robe Appearance Set for Cloud of Darkness,DLC,59.42,1552348800,0,0,0
"KOEI TECMO GAMES CO., LTD.",1022476,DFF NT: Violet Robe Appearance Set for the Emperor,DLC,59.42,1552348800,0,0,0
"KOEI TECMO GAMES CO., LTD.",1022475,DFF NT: Resolute Rebel Appearance Set for Firion,DLC,59.42,1552348800,0,0,0
"KOEI TECMO GAMES CO., LTD.",1022474,DFF NT: Hardened Zealot Appearance Set for Garland,DLC,59.42,1552348800,0,0,0
"KOEI TECMO GAMES CO., LTD.",1022473,DFF NT: Fledgling Warrior Appearance Set for Warrior of Light,DLC,59.42,1552348800,0,0,0
"KOEI TECMO GAMES CO., LTD.",1022472,DFF NT: Ace Starter Pack,DLC,59.42,1552348800,0,0,0
"KOEI TECMO GAMES CO., LTD.",1022471,DFF NT: Ramza Beoulve Starter Pack,DLC,59.42,1552348800,0,0,0
"KOEI TECMO GAMES CO., LTD.",1022467,DFF NT: Vaan Starter Pack,DLC,59.42,1552348800,0,0,0
"KOEI TECMO GAMES CO., LTD.",1022466,DFF NT: Shantotto Starter Pack,DLC,59.42,1552348800,0,0,0
"KOEI TECMO GAMES CO., LTD.",1022465,DFF NT: Jecht Starter Pack,DLC,59.42,1552348800,0,0,0
"KOEI TECMO GAMES CO., LTD.",1022464,DFF NT: Tidus Starter Pack,DLC,59.42,1552348800,0,0,0
"KOEI TECMO GAMES CO., LTD.",1022463,DFF NT: Kuja Starter Pack,DLC,59.42,1552348800,0,0,0
"KOEI TECMO GAMES CO., LTD.",1022462,DFF NT: Zidane Tribal Starter Pack,DLC,59.42,1552348800,0,0,0
"KOEI TECMO GAMES CO., LTD.",1022461,DFF NT: Ultimecia Starter Pack,DLC,59.42,1552348800,0,0,0
"KOEI TECMO GAMES CO., LTD.",1022445,DFF NT: Exdeath Starter Pack,DLC,59.42,1552348800,0,0,0
"KOEI TECMO GAMES CO., LTD.",1022444,DFF NT: Bartz Klauser Starter Pack,DLC,59.42,1552348800,0,0,0
"KOEI TECMO GAMES CO., LTD.",1022442,DFF NT: Kain Highwind Starter Pack,DLC,59.42,1552348800,0,0,0
"KOEI TECMO GAMES CO., LTD.",1022441,DFF NT: Cecil Harvey Starter Pack,DLC,59.42,1552348800,0,0,0
"KOEI TECMO GAMES CO., LTD.",1022440,DFF NT: Cloud of Darkness Starter Pack,DLC,59.42,1552348800,0,0,0
"KOEI TECMO GAMES CO., LTD.",1022439,DFF NT: Onion Knight Starter Pack,DLC,59.42,1552348800,0,0,0
"KOEI TECMO GAMES CO., LTD.",1022436,DFF NT: Garland Starter Pack,DLC,59.42,1552348800,0,0,0
"KOEI TECMO GAMES CO., LTD.",1022435,DFF NT: Warrior of Light Starter Pack,DLC,59.42,1552348800,0,0,0
"KOEI TECMO GAMES CO., LTD.",1022424,"DFF NT: Orichalcum, Zidane Tribal's 4th Weapon",DLC,59.42,1552348800,0,0,0
"KOEI TECMO GAMES CO., LTD.",1022418,"DFF NT: Zantetsuken, Terra Branford's 4th Weapon",DLC,59.42,1552348800,0,0,0
"KOEI TECMO GAMES CO., LTD.",1022401,"DFF NT: Zanmato, Garland's 4th Weapon",DLC,59.42,1552348800,0,0,0
"KOEI TECMO GAMES CO., LTD.",1022361,DFF NT: Rinoa Heartilly Starter Pack,DLC,59.42,1552348800,0,0,0
"KOEI TECMO GAMES CO., LTD.",1022344,DFF NT: Locke Cole Starter Pack,DLC,59.42,1552348800,0,0,0
"KOEI TECMO GAMES CO., LTD.",933573,WARRIORS OROCHI 4 - BGM Pack 2,DLC,59.42,1543449600,0,0,0
"KOEI TECMO GAMES CO., LTD.",933563,WARRIORS OROCHI 4/無双OROCHI３ - BGM Pack,DLC,59.42,1540425600,0,0,0
"KOEI TECMO GAMES CO., LTD.",933505,WARRIORS OROCHI 4/無双OROCHI３ - Special Costumes Pack,DLC,59.42,1539648000,0,0,0
"KOEI TECMO GAMES CO., LTD.",933502,WARRIORS OROCHI 4/無双OROCHI３- Bonus Costume for Takatora Todo,DLC,59.42,0,0,0,0
"KOEI TECMO GAMES CO., LTD.",933501,WARRIORS OROCHI 4/無双OROCHI３- Bonus Costume for Yoshitsugu Otani,DLC,59.42,0,0,0,0
"KOEI TECMO GAMES CO., LTD.",933500,WARRIORS OROCHI 4/無双OROCHI３- Bonus Costume for Guo Jia,DLC,59.42,0,0,0,0
"KOEI TECMO GAMES CO., LTD.",933493,WARRIORS OROCHI 4/無双OROCHI３- Bonus Costume for Xingcai,DLC,59.42,0,0,0,0
"KOEI TECMO GAMES CO., LTD.",933492,WARRIORS OROCHI 4/無双OROCHI３- Bonus Costume for Lady Hayakawa,DLC,59.42,0,0,0,0
"KOEI TECMO GAMES CO., LTD.",933491,WARRIORS OROCHI 4/無双OROCHI３- Bonus Costume for Wang Yi,DLC,59.42,0,0,0,0
"KOEI TECMO GAMES CO., LTD.",933470,WARRIORS OROCHI 4/無双OROCHI３- Bonus Mount Unicorn,DLC,59.42,0,0,0,0
"KOEI TECMO GAMES CO., LTD.",811000,New Outfit for Sophie - Best Partner,DLC,59.42,1527552000,0,0,0
"KOEI TECMO GAMES CO., LTD.",810960,Battle Mix Secret Teachings,DLC,59.42,1527552000,0,0,0
"KOEI TECMO GAMES CO., LTD.",810950,New Outfit for Suelle - Active☆Lovely,DLC,59.42,1525737600,0,0,0
"KOEI TECMO GAMES CO., LTD.",810940,New Outfit for Lydie - Smart & Sweet,DLC,59.42,1525737600,0,0,0
"KOEI TECMO GAMES CO., LTD.",810910,BLUE REFLECTION BGM Pack,DLC,59.42,1525737600,0,0,0
"KOEI TECMO GAMES CO., LTD.",810860,Nights of Azure 2 Bride of the New Moon - BGM Pack,DLC,59.42,1524009600,0,0,0
"KOEI TECMO GAMES CO., LTD.",798060,Additional Ymir Costume: Shrine Maiden Outfit,DLC,59.42,1523923200,0,0,0
"KOEI TECMO GAMES CO., LTD.",797980,Additional Mikasa Costume: Ninja Outfit,DLC,59.42,1523318400,0,0,0
"KOEI TECMO GAMES CO., LTD.",797920,Additional Ymir Costume: Pirate Outfit,DLC,59.42,1522713600,0,0,0
"KOEI TECMO GAMES CO., LTD.",797830,Additional Conny Costume: Kung Fu Outfit,DLC,59.42,1522108800,0,0,0
"KOEI TECMO GAMES CO., LTD.",797730,Additional Eren Costume: Bad Boy Outfit,DLC,59.42,1521072000,0,0,0
"KOEI TECMO GAMES CO., LTD.",724060,DOA5LR Halloween Costumes 2017 Full Set,DLC,59.42,1508198400,0,0,0
"KOEI TECMO GAMES CO., LTD.",688241,"BLUE REFLECTION - Sailor Swimsuits set A (Hinako, Sarasa, Mao)",DLC,59.42,1506384000,0,0,0
"KOEI TECMO GAMES CO., LTD.",620325,Atelier Firis - Costume: Crest Paladin / シャノン衣装『クレストパラディン』,DLC,59.42,1494288000,0,0,0
"KOEI TECMO GAMES CO., LTD.",620324,Atelier Firis - Costume: Glorious Sage / ソフィー衣装『グロリアスセイジ』,DLC,59.42,1494201600,0,0,0
"KOEI TECMO GAMES CO., LTD.",620323,Atelier Firis - Costume: Duel Warrior / ドロッセル衣装『デュエルウォーリア』,DLC,59.42,1494201600,0,0,0
"KOEI TECMO GAMES CO., LTD.",573544,Atelier Firis - Costume: Verdant Feuilles / ドロッセル衣装『新緑のフォイユ』,DLC,59.42,1490054400,0,0,0
"KOEI TECMO GAMES CO., LTD.",569684,Toukiden 2 - Mitama: Chikurin'in,DLC,59.42,1490054400,0,0,0
"KOEI TECMO GAMES CO., LTD.",569681,Toukiden 2 - Mitama: Sanada Masayuki,DLC,59.42,1490054400,0,0,0
"KOEI TECMO GAMES CO., LTD.",486011,Attack on Titan - Costume Set - Japanese New Year,DLC,59.42,1481068800,0,0,0
"KOEI TECMO GAMES CO., LTD.",486010,Attack on Titan - Weapon - Christmas,DLC,59.42,1479772800,0,0,0
"KOEI TECMO GAMES CO., LTD.",486009,Attack on Titan - Costume Set - Christmas,DLC,59.42,1479772800,0,0,0
"KOEI TECMO GAMES CO., LTD.",486008,Attack on Titan - Weapon - Halloween,DLC,59.42,1477353600,0,0,0
"KOEI TECMO GAMES CO., LTD.",486007,Attack on Titan - Costume Set - Halloween,DLC,59.42,1477353600,0,0,0
"KOEI TECMO GAMES CO., LTD.",486002,Attack on Titan - Costume Set - Summer Festival,DLC,59.42,1472169600,0,0,0
"KOEI TECMO GAMES CO., LTD.",426741,RTK Maker - Face CG Taiko Risshiden V Set - 三国志ツクール顔登録素材「太閤立志伝V」セット+シナリオ,DLC,59.42,1450915200,0,0,0
"KOEI TECMO GAMES CO., LTD.",426740,RTK Maker - Face CG Koei SLG Set - 三国志ツクール顔登録素材「コーエーSLG」セット+シナリオ,DLC,59.42,1450915200,0,0,0
"KOEI TECMO GAMES CO., LTD.",349941,DW8E: Wallpaper Pack,DLC,59.42,1424995200,0,0,0
"KOEI TECMO GAMES CO., LTD.",349939,DW8E: Original Costume Pack,DLC,59.42,1424995200,0,0,0
"KOEI TECMO GAMES CO., LTD.",307330,Nobunaga's Ambition: Souzou - Nobunaga Oda In-Game Face CG,DLC,59.42,1409097600,0,0,0
"KOEI TECMO GAMES CO., LTD.",298771,"Nobunaga's Ambition: Souzou - ""Nobunaga's Ambition Day"" memorial set",DLC,59.42,1409184000,0,0,0
"KOEI TECMO GAMES CO., LTD.",298770,Nobunaga's Ambition: Souzou - Series 30th Anniversary Contents,DLC,59.42,1409097600,0,0,0
"KOEI TECMO GAMES CO., LTD.",297898,"Nobunaga's Ambition: Souzou - ""Goemon Ishikawa"", ""Yasuke"" Bushou Data",DLC,59.42,1409097600,0,0,0
"KOEI TECMO GAMES CO., LTD.",297897,"Nobunaga's Ambition: Souzou - ""Motonobu Serada"", ""Tsuru Oohouri"" Bushou Data",DLC,59.42,1409097600,0,0,0
"KOEI TECMO GAMES CO., LTD.",297891,Nobunaga's Ambition: Souzou - Scenario Nagashinonotatakai,DLC,59.42,1409097600,0,0,0
"KOEI TECMO GAMES CO., LTD.",526580,Winning Post 8 2017,Game,59.0,1488412800,166,5,1034
"KOEI TECMO GAMES CO., LTD.",3855580,"Atelier Yumia - Additional Map ""Idus Training Grounds""",DLC,58.97,1756080000,0,0,0
"KOEI TECMO GAMES CO., LTD.",533560,DOA5LR Ultimate Content Set,DLC,58.55,1475452800,0,0,0
"KOEI TECMO GAMES CO., LTD.",1033473,DOA6 Character: Christie,DLC,58.33,1552608000,0,0,0
"KOEI TECMO GAMES CO., LTD.",810920,"Additional Character ""Lucia""",DLC,58.33,1525737600,0,0,0
"KOEI TECMO GAMES CO., LTD.",579541,RTK13WPK - Fan selected Re-Releases Officer Graphic Set ④ ファンが選ぶ復刻武将CGセット④,DLC,57.96,1488931200,0,0,0
"KOEI TECMO GAMES CO., LTD.",1431495,"RTK14: ""Zhuge Liang's Northern Campaign"" Event Set",DLC,57.39,1619568000,0,0,0
"KOEI TECMO GAMES CO., LTD.",1103750,"DFF NT: Legatus of the XIIth,  Zenos yae Galvus's Extra Appearance",DLC,57.39,1562025600,0,0,0
"KOEI TECMO GAMES CO., LTD.",1019982,DYNASTY WARRIORS 9: Fa Zheng Special Scenario / 法正「追加ＩＦシナリオセット」,DLC,57.39,1556150400,0,0,0
"KOEI TECMO GAMES CO., LTD.",579531,"RTK13WPK - Tie-up with Kihachiro Kawamoto's ""Sanguozhi"" Dolls  Officer Graphic Set ① 川本喜八郎 三国志人形タイアップ武将CGセット①",DLC,57.39,1487116800,0,0,0
"KOEI TECMO GAMES CO., LTD.",573548,Atelier Firis - Character: Heintz / 追加キャラクター『ハインツ』,DLC,57.39,1490054400,0,0,0
"KOEI TECMO GAMES CO., LTD.",544570,"RTK13WPK - Additional scenario ""Northern Campaign of Jiang Wei"" 追加シナリオ「姜維北伐」",DLC,57.39,1487116800,0,0,0
"KOEI TECMO GAMES CO., LTD.",533559,"DEAD OR ALIVE 5 Last Round: Core Fighters Add ""DEAD OR ALIVE 3 Music""",DLC,57.39,1475452800,0,0,0
"KOEI TECMO GAMES CO., LTD.",533551,DEAD OR ALIVE 5 Last Round: Core Fighters Character: Gen Fu,DLC,57.39,1475452800,0,0,0
"KOEI TECMO GAMES CO., LTD.",531171,DEAD OR ALIVE 5 Last Round: Core Fighters Character: Bayman,DLC,57.39,1475452800,0,0,0
"KOEI TECMO GAMES CO., LTD.",506850,Flower Set,DLC,57.39,1470700800,0,0,0
"KOEI TECMO GAMES CO., LTD.",363150,Romance of the Three Kingdoms XIII,Game,57.23,1453852800,48277,225,11909
"KOEI TECMO GAMES CO., LTD.",583631,"RTK13WPK - Added Bonus, Original Event ""The Other Three Kingdoms"" ""The Return of Xu Shu"" 追加特典オリジナルイベント②「裏・三國志」「徐庶の戦い」",DLC,57.18,1487721600,0,0,0
"KOEI TECMO GAMES CO., LTD.",583632,"RTK13WPK - Official added events ③,  ""The Battle of the Poem"", ""The Flight of Lu Lingqi"" 追加特典オリジナルイベント③「詩歌の戦い」「呂玲綺、飛翔」",DLC,57.17,1488326400,0,0,0
"KOEI TECMO GAMES CO., LTD.",1213611,"RTK14: ""Legend of the Galactic Heroes"" Collab: Reinhard & Yang",DLC,56.44,1582848000,0,0,0
"KOEI TECMO GAMES CO., LTD.",1188617,"Atelier Ryza: ""The End of an Adventure and Beyond""",DLC,56.32,1576540800,0,0,0
"KOEI TECMO GAMES CO., LTD.",1173550,Winning Post 9 2020,Game,56.09,1583971200,438,9,1441
"KOEI TECMO GAMES CO., LTD.",1120025,DOA6 Summer Breeze Collection Set,DLC,56.05,1566259200,0,0,0
"KOEI TECMO GAMES CO., LTD.",569711,BERSERK - Guts Costume: Banquet Attire,DLC,56.05,1487721600,0,0,0
"KOEI TECMO GAMES CO., LTD.",569685,Toukiden 2 - Armor: Ibuki Outfit / Oka Outfit,DLC,56.05,1490659200,0,0,0
"KOEI TECMO GAMES CO., LTD.",430350,RTK13 - Hero Mode Additional Stage Set 3 英傑伝追加ステージセット③,DLC,56.05,1456963200,0,0,0
"KOEI TECMO GAMES CO., LTD.",1837970,Romance of the Three Kingdoms Hadou,Game,55.73,1646006400,844,54,344
"KOEI TECMO GAMES CO., LTD.",545000,Aoki Ookami to Shiroki Mejika,Game,55.69,1481673600,249,0,5
"KOEI TECMO GAMES CO., LTD.",3811120,The Red Alchemist & the White Guardian - Atelier Season Pass,DLC,55.69,1758844800,0,0,0
"KOEI TECMO GAMES CO., LTD.",3742630,"Atelier Yumia - Recipe and Blueprint Expansion Pack ""The Art of Aladiss""",DLC,55.69,1753228800,0,0,0
"KOEI TECMO GAMES CO., LTD.",3358130,WARRIORS: Abyss - DYNASTY WARRIORS Jin Dynasty Classic Costume Set,DLC,55.69,1740441600,0,0,0
"KOEI TECMO GAMES CO., LTD.",3358080,WARRIORS: Abyss - Hack'n'Dash Legendary Costume Set,DLC,55.69,1739318400,0,0,0
"KOEI TECMO GAMES CO., LTD.",2156252,"Atelier Ryza 3 - Recipe Expansion Pack ""Art of Adventure""",DLC,55.69,1681344000,0,0,0
"KOEI TECMO GAMES CO., LTD.",1754688,"Atelier Sophie 2 - Plachta's Costume ""Haute Couture""",DLC,55.69,1646870400,0,0,0
"KOEI TECMO GAMES CO., LTD.",1754687,"Atelier Sophie 2 - Sophie's Costume ""Alchemist of the Mysterious Journey""",DLC,55.69,1646870400,0,0,0
"KOEI TECMO GAMES CO., LTD.",1684165,DYNASTY WARRIORS 9 Empires - Unisex Custom Steel Set,DLC,55.69,1644451200,0,0,0
"KOEI TECMO GAMES CO., LTD.",1684159,DYNASTY WARRIORS 9 Empires - Unisex Custom Panda Costume Set,DLC,55.69,1643241600,0,0,0
"KOEI TECMO GAMES CO., LTD.",1684158,DYNASTY WARRIORS 9 Empires - Unisex Custom Fox Costume Set,DLC,55.69,1643241600,0,0,0
"KOEI TECMO GAMES CO., LTD.",1684154,DYNASTY WARRIORS 9 Empires - School Gymnasium,DLC,55.69,1642032000,0,0,0
"KOEI TECMO GAMES CO., LTD.",1684153,DYNASTY WARRIORS 9 Empires - Panda Palace,DLC,55.69,1642032000,0,0,0
"KOEI TECMO GAMES CO., LTD.",1684151,DYNASTY WARRIORS 9 Empires - Unisex Custom Black Tortoise Armor Set,DLC,55.69,1641427200,0,0,0
"KOEI TECMO GAMES CO., LTD.",1224826,DOA6 Tamaki Debut Costume Set,DLC,55.69,1583798400,0,0,0
"KOEI TECMO GAMES CO., LTD.",1198848,RTK14: Scenario [Gongsun Zan: the Hero of Hebei],DLC,55.69,1600905600,0,0,0
"KOEI TECMO GAMES CO., LTD.",1195216,DOA6 Santa Bikini Set,DLC,55.69,1576540800,0,0,0
"KOEI TECMO GAMES CO., LTD.",1134381,DOA6 Deluxe Costume - Momiji,DLC,55.69,1568851200,0,0,0
"KOEI TECMO GAMES CO., LTD.",1111474,DOA6 Seaside Eden Costume - Ayane,DLC,55.69,1563840000,0,0,0
"KOEI TECMO GAMES CO., LTD.",1099422,DOA6 Phase 4 Deluxe Costume,DLC,55.69,1565049600,0,0,0
"KOEI TECMO GAMES CO., LTD.",1099372,DOA6 Bayman Deluxe Costume,DLC,55.69,1565049600,0,0,0
"KOEI TECMO GAMES CO., LTD.",1099342,DOA6 Tina Deluxe Costume,DLC,55.69,1565049600,0,0,0
"KOEI TECMO GAMES CO., LTD.",1022449,DFF NT: Sephiroth Starter Pack,DLC,55.69,1552348800,0,0,0
"KOEI TECMO GAMES CO., LTD.",810900,New Quest Piles of Coll Quest,DLC,55.69,1525737600,0,0,0
"KOEI TECMO GAMES CO., LTD.",797810,Additional Armin Costume: Kiddie Outfit,DLC,55.69,1522108800,0,0,0
"KOEI TECMO GAMES CO., LTD.",658303,WARRIORS ALL-STARS: Christophorus-themed costume for Marie Rose,DLC,55.69,1504051200,0,0,0
"KOEI TECMO GAMES CO., LTD.",658302,WARRIORS ALL-STARS: Zhou Cang-themed costume for Ryu Hayabusa,DLC,55.69,1504051200,0,0,0
"KOEI TECMO GAMES CO., LTD.",658301,WARRIORS ALL-STARS: Tokitsugu-themed costume for Nobunyaga,DLC,55.69,1504051200,0,0,0
"KOEI TECMO GAMES CO., LTD.",658297,WARRIORS ALL-STARS: Ayane-themed costume for Laegrinna,DLC,55.69,1504051200,0,0,0
"KOEI TECMO GAMES CO., LTD.",658295,WARRIORS ALL-STARS: Zhao Yun-themed costume for Darius,DLC,55.69,1504051200,0,0,0
"KOEI TECMO GAMES CO., LTD.",658291,WARRIORS ALL-STARS: Lu Bu-themed costume for William,DLC,55.69,1504051200,0,0,0
"KOEI TECMO GAMES CO., LTD.",658276,WARRIORS ALL-STARS: Mitsunari-themed costume for Zhou Cang,DLC,55.69,1504051200,0,0,0
"KOEI TECMO GAMES CO., LTD.",658274,WARRIORS ALL-STARS: Darius-themed costume for Mitsunari,DLC,55.69,1504051200,0,0,0
"KOEI TECMO GAMES CO., LTD.",658272,WARRIORS ALL-STARS: Yukimura-themed costume for Hajime Arima,DLC,55.69,1504051200,0,0,0
"KOEI TECMO GAMES CO., LTD.",648113,"RTK13WPK - ""Lu Bu"" Bonus Officer Graphic 特典武将CG「呂布」",DLC,55.69,1498003200,0,0,0
"KOEI TECMO GAMES CO., LTD.",648111,RTK13WPK - Watercolor Painting Style Officer CG Set Shu 水彩画風武将CG 蜀セット,DLC,55.69,1498003200,0,0,0
"KOEI TECMO GAMES CO., LTD.",569692,Toukiden 2 - Mission Collection Set 4,DLC,55.69,1492473600,0,0,0
"KOEI TECMO GAMES CO., LTD.",430351,RTK13 - Hero Mode Additional Stage Set 4 英傑伝追加ステージセット④,DLC,55.69,1458777600,0,0,0
"KOEI TECMO GAMES CO., LTD.",396434,RTK13 - Bonus Officer CG “Cao Cao” 「曹操」特典武将CG,DLC,55.69,1453939200,0,0,0
"KOEI TECMO GAMES CO., LTD.",1033489,DEAD OR ALIVE 6: Core Fighters 20 Character Set,DLC,55.14,1552608000,0,0,0
"KOEI TECMO GAMES CO., LTD.",1019967,"DYNASTY WARRIORS 9: Additional Weapon ""Crossed Pike"" / 追加武器「十字戟」",DLC,55.14,1551916800,0,0,0
"KOEI TECMO GAMES CO., LTD.",1477490,Ar nosurge: Ode to an Unborn Star Deluxe,Game,55.13,1614816000,335,0,20
"KOEI TECMO GAMES CO., LTD.",370730,NOBUNAGA'S AMBITION: Tenshouki with Power Up Kit HD Version,Game,54.35,1447200000,1182,42,241
"KOEI TECMO GAMES CO., LTD.",533557,DEAD OR ALIVE 5 Last Round: Core Fighters Story Mode,DLC,54.3,1475452800,0,0,0
"KOEI TECMO GAMES CO., LTD.",1754690,"Atelier Sophie 2 - Accessory ""25 Glasses""",DLC,54.17,1646870400,0,0,0
"KOEI TECMO GAMES CO., LTD.",1744836,BLUE REFLECTION: Second Light - Additional Map - Hidden Southern Island,DLC,54.17,1637625600,0,0,0
"KOEI TECMO GAMES CO., LTD.",1033484,DOA6 Character: Bayman,DLC,54.17,1552608000,0,0,0
"KOEI TECMO GAMES CO., LTD.",1033476,DOA6 Character: Mila,DLC,54.17,1552608000,0,0,0
"KOEI TECMO GAMES CO., LTD.",956868,Liu Shan - Officer Ticket / 劉禅使用券,DLC,54.17,1541116800,0,0,0
"KOEI TECMO GAMES CO., LTD.",579536,"RTK13WPK - Tie-up with Kihachiro Kawamoto's ""Sangokushi"" Dolls Officer Graphic Set ⑥ 川本喜八郎 三国志人形タイアップ武将CGセット⑥",DLC,54.17,1490140800,0,0,0
"KOEI TECMO GAMES CO., LTD.",533554,DEAD OR ALIVE 5 Last Round: Core Fighters Character: Leon,DLC,54.17,1475452800,0,0,0
"KOEI TECMO GAMES CO., LTD.",486005,Attack on Titan - Episode 2,DLC,54.17,1474934400,0,0,0
"KOEI TECMO GAMES CO., LTD.",486004,Attack on Titan - Episode 1,DLC,54.17,1474934400,0,0,0
"KOEI TECMO GAMES CO., LTD.",348686,DW8E: Edit Parts - Equipment Pack 2,DLC,54.17,1427155200,0,0,0
"KOEI TECMO GAMES CO., LTD.",348685,DW8E: Edit Voice Pack 2,DLC,54.17,1428364800,0,0,0
"KOEI TECMO GAMES CO., LTD.",401870,"Winning Post 8 2016（2018年12月30日販売終了 / Discontinued on December 30, 2018）",Game,54.02,1455840000,182,4,1646
"KOEI TECMO GAMES CO., LTD.",1033478,DOA6 Character: Honoka,DLC,53.98,1552608000,0,0,0
"KOEI TECMO GAMES CO., LTD.",352150,Pre-purchase Reward Set,DLC,53.89,1427673600,0,0,0
"KOEI TECMO GAMES CO., LTD.",521650,Genghis Khan,Game,53.32,1485216000,321,0,13
"KOEI TECMO GAMES CO., LTD.",1033475,DOA6 Character: La Mariposa,DLC,53.32,1552608000,0,0,0
"KOEI TECMO GAMES CO., LTD.",933530,WARRIORS OROCHI 4/無双OROCHI３ - Legendary Costumes Orochi Pack 1,DLC,53.32,1539820800,0,0,0
"KOEI TECMO GAMES CO., LTD.",506804,"RTK13WPK - Additional scenario ""Five Path Invasion"" 追加シナリオ「五路侵攻」",DLC,53.32,1487116800,0,0,0
"KOEI TECMO GAMES CO., LTD.",3412820,"ROMANCE OF THE THREE KINGDOMS 8 REMAKE ""The Ravages of Time"" Collaboration: Liaoyuan Huo and Sima Yi Officer Data",DLC,53.27,1742860800,0,0,0
"KOEI TECMO GAMES CO., LTD.",521730,Romance of the Three Kingdoms IV with Power Up Kit,Game,53.1,1490054400,485,3,29
"KOEI TECMO GAMES CO., LTD.",1198840,RTK14: Editor - 2nd Wave,DLC,52.39,1590624000,0,0,0
"KOEI TECMO GAMES CO., LTD.",1258154,"RTK14: ""Legend of the Galactic Heroes"" Collab Scenario ""In the Midst of an Endless Dream"" & Reinhard & Yang Officer Data Set",DLC,51.89,1598486400,0,0,0
"KOEI TECMO GAMES CO., LTD.",628020,Romance of the Three Kingdoms VI with Power Up Kit,Game,51.76,1498521600,507,6,19
"KOEI TECMO GAMES CO., LTD.",1441728,"Atelier Ryza 2: Additional Area ""Keldorah Castle""",DLC,51.71,1614643200,0,0,0
"KOEI TECMO GAMES CO., LTD.",1198834,"RTK14: ""ROMANCE OF THE THREE KINGDOMS XIII"" Officer CG Set",DLC,51.71,1579132800,0,0,0
"KOEI TECMO GAMES CO., LTD.",3068110,"""ROMANCE OF THE THREE KINGDOMS 8 REMAKE"" Commemorative CG Portrait & Scenario Set for ""RTK"" Day",DLC,50.71,1733788800,0,0,0
"KOEI TECMO GAMES CO., LTD.",628890,NOBUNAGA'S AMBITION: Taishi,Game,50.04,1512000000,8830,72,5626
"KOEI TECMO GAMES CO., LTD.",3811150,"The Red Alchemist & the White Guardian - ""Beginning of Summer Days"" Costume Set",DLC,50.0,1761782400,0,0,0
"KOEI TECMO GAMES CO., LTD.",3375850,"ROMANCE OF THE THREE KINGDOMS 8 REMAKE Yokoyama Mitsuteru's ""Three Kingdoms"" Collaboration: Fierce Leaders CG Portrait Set",DLC,50.0,1742860800,0,0,0
"KOEI TECMO GAMES CO., LTD.",3231810,"ROMANCE OF THE THREE KINGDOMS 8 REMAKE ""ROMANCE OF THE THREE KINGDOMS XIII"" Officer CG Portrait Set",DLC,50.0,1742860800,0,0,0
"KOEI TECMO GAMES CO., LTD.",3193160,FAIRY TAIL 2 - Season Pass,DLC,50.0,1733961600,0,0,0
"KOEI TECMO GAMES CO., LTD.",2316054,WP10 馬所有可能数＆牧場面積拡張＆工事期間短縮DLCフルセット,DLC,50.0,1680134400,0,0,0
"KOEI TECMO GAMES CO., LTD.",1754701,"Atelier Sophie 2 - Olias's Swimsuit ""Vegetable Garden""",DLC,50.0,1649289600,0,0,0
"KOEI TECMO GAMES CO., LTD.",1754698,"Atelier Sophie 2 - Plachta's Swimsuit ""Clivia Nobilis""",DLC,50.0,1649289600,0,0,0
"KOEI TECMO GAMES CO., LTD.",1754692,"Atelier Sophie 2 - Sophie/Plachta/Ramizel/Alette's Costume ""Bunny-Eared Salesgirl""",DLC,50.0,1647907200,0,0,0
"KOEI TECMO GAMES CO., LTD.",1744843,BLUE REFLECTION: Second Light - Additional Map - Atelier Ryza Collab Dungeon,DLC,50.0,1641254400,0,0,0
"KOEI TECMO GAMES CO., LTD.",1684147,DYNASTY WARRIORS 9 Empires - Season Pass,DLC,50.0,1640217600,0,0,0
"KOEI TECMO GAMES CO., LTD.",1634703,SAMURAI WARRIORS 5 - Additional Weapon set 1,DLC,50.0,1628121600,0,0,0
"KOEI TECMO GAMES CO., LTD.",1441731,Atelier Ryza 2: Atelier Series Legacy BGM Pack,DLC,50.0,1615852800,0,0,0
"KOEI TECMO GAMES CO., LTD.",1431492,"RTK14: Watercolor Painting Style Officer CG Set for Wei, Wu, and Shu",DLC,50.0,1616630400,0,0,0
"KOEI TECMO GAMES CO., LTD.",1431489,"RTK14: ""ROMANCE OF THE THREE KINGDOMS XII"" Officer CG Set",DLC,50.0,1614211200,0,0,0
"KOEI TECMO GAMES CO., LTD.",1224898,[Revival] DOA6 High Society Costume Set,DLC,50.0,1586822400,0,0,0
"KOEI TECMO GAMES CO., LTD.",1224833,DOA6 Design Contest 2019 Costume - Honoka,DLC,50.0,1583798400,0,0,0
"KOEI TECMO GAMES CO., LTD.",1205887,[Revival] DOA6 Maid Costume Set,DLC,50.0,1579564800,0,0,0
"KOEI TECMO GAMES CO., LTD.",1198839,RTK14: Scenario [The Lu Bu Campaign] & Event Set,DLC,50.0,1590624000,0,0,0
"KOEI TECMO GAMES CO., LTD.",1195162,DOA6 Pirates of the 7 Seas Costume - Rachel,DLC,50.0,1576540800,0,0,0
"KOEI TECMO GAMES CO., LTD.",1188616,"Atelier Ryza: ""Ever Summer Queen & the Secret Island""",DLC,50.0,1576540800,0,0,0
"KOEI TECMO GAMES CO., LTD.",1188613,Atelier Ryza: Captain Tao,DLC,50.0,1576540800,0,0,0
"KOEI TECMO GAMES CO., LTD.",1188609,"Atelier Ryza: Lent's Story ""True Strength""",DLC,50.0,1574121600,0,0,0
"KOEI TECMO GAMES CO., LTD.",1111480,DOA6 Seaside Eden Costume - Christie,DLC,50.0,1563840000,0,0,0
"KOEI TECMO GAMES CO., LTD.",1099421,DOA6 NiCO Deluxe Costume,DLC,50.0,1565049600,0,0,0
"KOEI TECMO GAMES CO., LTD.",1099420,DOA6 Diego Deluxe Costume,DLC,50.0,1565049600,0,0,0
"KOEI TECMO GAMES CO., LTD.",1099393,DOA6 Raidou Deluxe Costume,DLC,50.0,1565049600,0,0,0
"KOEI TECMO GAMES CO., LTD.",1099390,DOA6 Mila Deluxe Costume,DLC,50.0,1565049600,0,0,0
"KOEI TECMO GAMES CO., LTD.",1099373,DOA6 Rig Deluxe Costume,DLC,50.0,1565049600,0,0,0
"KOEI TECMO GAMES CO., LTD.",1099371,DOA6 Hitomi Deluxe Costume,DLC,50.0,1565049600,0,0,0
"KOEI TECMO GAMES CO., LTD.",1099365,DOA6 Brad Wong Deluxe Costume,DLC,50.0,1565049600,0,0,0
"KOEI TECMO GAMES CO., LTD.",1099364,DOA6 La Mariposa (Lisa) Deluxe Costume,DLC,50.0,1565049600,0,0,0
"KOEI TECMO GAMES CO., LTD.",1099363,DOA6 Eliot Deluxe Costume,DLC,50.0,1565049600,0,0,0
"KOEI TECMO GAMES CO., LTD.",1099362,DOA6 Ayane Deluxe Costume,DLC,50.0,1565049600,0,0,0
"KOEI TECMO GAMES CO., LTD.",1099361,DOA6 Leifang Deluxe Costume,DLC,50.0,1565049600,0,0,0
"KOEI TECMO GAMES CO., LTD.",1099360,DOA6 Hayate Deluxe Costume,DLC,50.0,1565049600,0,0,0
"KOEI TECMO GAMES CO., LTD.",1099352,DOA6 Kokoro Deluxe Costume,DLC,50.0,1565049600,0,0,0
"KOEI TECMO GAMES CO., LTD.",1099351,DOA6 Bass Deluxe Costume,DLC,50.0,1565049600,0,0,0
"KOEI TECMO GAMES CO., LTD.",1099350,DOA6 Helena Deluxe Costume,DLC,50.0,1565049600,0,0,0
"KOEI TECMO GAMES CO., LTD.",1099344,DOA6 Hayabusa Deluxe Costume,DLC,50.0,1565049600,0,0,0
"KOEI TECMO GAMES CO., LTD.",1099343,DOA6 Jann Lee Deluxe Costume,DLC,50.0,1565049600,0,0,0
"KOEI TECMO GAMES CO., LTD.",1099341,DOA6 Zack Deluxe Costume,DLC,50.0,1565049600,0,0,0
"KOEI TECMO GAMES CO., LTD.",1074276,DOA6 Kula Diamond Debut Costume Set,DLC,50.0,1560816000,0,0,0
"KOEI TECMO GAMES CO., LTD.",1074265,DOA6 Bunny Costume - Mai Shiranui,DLC,50.0,1560816000,0,0,0
"KOEI TECMO GAMES CO., LTD.",1074200,"Atelier Lulua: Season Pass ""Totori""",DLC,50.0,1559606400,0,0,0
"KOEI TECMO GAMES CO., LTD.",1061080,Atelier Lulua: Newbie Support Item Pack,DLC,50.0,1558396800,0,0,0
"KOEI TECMO GAMES CO., LTD.",1033488,DOA6 Character: Raidou,DLC,50.0,1552608000,0,0,0
"KOEI TECMO GAMES CO., LTD.",1033487,DOA6 Character: Rig,DLC,50.0,1552608000,0,0,0
"KOEI TECMO GAMES CO., LTD.",1033486,DOA6 Character: Eliot,DLC,50.0,1552608000,0,0,0
"KOEI TECMO GAMES CO., LTD.",1033483,DOA6 Character: Zack,DLC,50.0,1552608000,0,0,0
"KOEI TECMO GAMES CO., LTD.",1022470,DFF NT: Noctis Lucis Caelum Starter Pack,DLC,50.0,1552348800,0,0,0
"KOEI TECMO GAMES CO., LTD.",933562,WARRIORS OROCHI 4/無双OROCHI３ - Scenario Pack,DLC,50.0,1540425600,0,0,0
"KOEI TECMO GAMES CO., LTD.",933531,WARRIORS OROCHI 4/無双OROCHI３ - Legendary Costumes Orochi Pack 2,DLC,50.0,1539820800,0,0,0
"KOEI TECMO GAMES CO., LTD.",797790,Additional Costume Set: Christmas Outfit,DLC,50.0,1521072000,0,0,0
"KOEI TECMO GAMES CO., LTD.",797770,Additional Costume Set: Festival Outfit,DLC,50.0,1521072000,0,0,0
"KOEI TECMO GAMES CO., LTD.",792140,"Nobunaga's Ambition: Taishi - 「今井宗久」武将データ/ ""Sokyu Imai"" Officer Data",DLC,50.0,1518566400,0,0,0
"KOEI TECMO GAMES CO., LTD.",743280,"Nights of Azure 2 - Side story, Time Drifts Through the Moonlit Night",DLC,50.0,1513036800,0,0,0
"KOEI TECMO GAMES CO., LTD.",735190,Nobunaga's Ambition: Taishi-武将編集用顔CG（50点）/Officer facial graphics (50),DLC,50.0,1517270400,0,0,0
"KOEI TECMO GAMES CO., LTD.",735150,"Nobunaga's Ambition: Taishi - シナリオ「天王山-Scenario ""Mount Tennozan""",DLC,50.0,1512000000,0,0,0
"KOEI TECMO GAMES CO., LTD.",735140,"Nobunaga's Ambition: Taishi - シナリオ「信長包囲網-Scenario ""Nobunaga Under Siege""」",DLC,50.0,1512000000,0,0,0
"KOEI TECMO GAMES CO., LTD.",735130,"Nobunaga's Ambition: Taishi - 「ウィリアム（仁王）」武将データ/ ""William"" Officer Data",DLC,50.0,1512000000,0,0,0
"KOEI TECMO GAMES CO., LTD.",735070,"Nobunaga's Ambition: Taishi - シナリオ「越後の義将」/Scenario ""The Dutiful Lord of Echigo""",DLC,50.0,1512000000,0,0,0
"KOEI TECMO GAMES CO., LTD.",658306,WARRIORS ALL-STARS: Special Costume for Shiki,DLC,50.0,1504051200,0,0,0
"KOEI TECMO GAMES CO., LTD.",658305,WARRIORS ALL-STARS: Special Costume for Setsuna,DLC,50.0,1504051200,0,0,0
"KOEI TECMO GAMES CO., LTD.",658304,WARRIORS ALL-STARS: Special Costume for Tamaki,DLC,50.0,1504051200,0,0,0
"KOEI TECMO GAMES CO., LTD.",648112,RTK13WPK - Watercolor Painting Style Officer CG Set Wu 水彩画風武将CG 呉セット,DLC,50.0,1498003200,0,0,0
"KOEI TECMO GAMES CO., LTD.",579532,"RTK13WPK - Tie-up with Kihachiro Kawamoto's ""Sanguozhi"" Dolls  Officer Graphic Set ② 川本喜八郎 三国志人形タイアップ武将CGセット②",DLC,50.0,1487721600,0,0,0
"KOEI TECMO GAMES CO., LTD.",544571,"RTK13WPK - Additional scenario ""Four Tribes, 6 Countries"" 追加シナリオ「四夷六国」",DLC,50.0,1487116800,0,0,0
"KOEI TECMO GAMES CO., LTD.",486000,Attack on Titan - Mikasa Costume - Summer Festival,DLC,50.0,1482192000,0,0,0
"KOEI TECMO GAMES CO., LTD.",428501,RTK13 - Additional Scenario - “Battle of Chibi” 追加シナリオ「赤壁の戦い」,DLC,50.0,1453939200,0,0,0
"KOEI TECMO GAMES CO., LTD.",388700,Nobunaga's Ambition: Souzou WPK(TC) - GAMECITY線上用戶登錄用序號,DLC,50.0,1437523200,0,0,0
"KOEI TECMO GAMES CO., LTD.",2288150,ROMANCE OF THE THREE KINGDOMS 8 REMAKE,Game,49.59,1729728000,23270,488,18948
"KOEI TECMO GAMES CO., LTD.",1341200,DYNASTY WARRIORS 9 Empires,Game,49.55,1640217600,15111,18,3104
"KOEI TECMO GAMES CO., LTD.",1448440,Wo Long: Fallen Dynasty,Game,49.47,1677801600,101268,82,75906
"KOEI TECMO GAMES CO., LTD.",2494240,"Fate/Samurai Remnant - Additional Episode 2 ""Record's Fragment: Yagyu Sword Chronicles""",DLC,48.85,1713398400,0,0,0
"KOEI TECMO GAMES CO., LTD.",628090,NOBUNAGA'S AMBITION: Haouden with Power Up Kit,Game,48.44,1498521600,304,6,22
"KOEI TECMO GAMES CO., LTD.",3652820,ROMANCE OF THE THREE KINGDOMS 8 REMAKE: Destiny and Strategy Expansion Pack,DLC,48.29,1769644800,0,0,0
"KOEI TECMO GAMES CO., LTD.",2252280,STRANGER OF PARADISE FINAL FANTASY ORIGIN - Season Pass,DLC,47.99,1680739200,0,0,0
"KOEI TECMO GAMES CO., LTD.",1198849,RTK14: [Extreme] Difficulty & Scenario Settings Set,DLC,47.22,1600905600,0,0,0
"KOEI TECMO GAMES CO., LTD.",1938010,WILD HEARTS™,Game,46.9,1676505600,67522,46,28511
"KOEI TECMO GAMES CO., LTD.",521700,NOBUNAGA'S AMBITION: Sengoku Gunyuuden,Game,46.68,1487721600,217,5,18
"KOEI TECMO GAMES CO., LTD.",1754695,Atelier Sophie 2 - Gust Extra BGM Pack,DLC,46.68,1647907200,0,0,0
"KOEI TECMO GAMES CO., LTD.",1431496,"RTK14: ""ROMANCE OF THE THREE KINGDOMS XIII"" Officer CG Set - 2nd Wave",DLC,46.68,1619568000,0,0,0
"KOEI TECMO GAMES CO., LTD.",1198846,RTK14: Scenario [Conflict among Clans],DLC,46.68,1600905600,0,0,0
"KOEI TECMO GAMES CO., LTD.",1574360,Uncharted Waters Origin,Game,46.51,1678060800,8100,517,4880
"KOEI TECMO GAMES CO., LTD.",628160,Genghis Khan II: Clan of the Gray Wolf,Game,46.48,1498521600,512,0,16
"KOEI TECMO GAMES CO., LTD.",1198845,RTK14: Editor - 3rd Wave,DLC,46.41,1595980800,0,0,0
"KOEI TECMO GAMES CO., LTD.",1198836,RTK14: Scenario [Battle of Tong Gate] & Event Set,DLC,46.41,1584576000,0,0,0
"KOEI TECMO GAMES CO., LTD.",2586520,Atelier Resleriana,Game,46.27,1704844800,3461,181,4016
"KOEI TECMO GAMES CO., LTD.",1258155,"RTK14: Tie-up Officer ""Zhuge Liang"" Data",DLC,45.83,1588204800,0,0,0
"KOEI TECMO GAMES CO., LTD.",1198847,RTK14: Scenario [A Yellow Sky],DLC,45.83,1600905600,0,0,0
"KOEI TECMO GAMES CO., LTD.",1033482,DOA6 Character: Jann Lee,DLC,45.83,1552608000,0,0,0
"KOEI TECMO GAMES CO., LTD.",569714,BERSERK - Schierke Costume: Town Girl,DLC,45.83,1487721600,0,0,0
"KOEI TECMO GAMES CO., LTD.",403062,Costumes by Tamiki Wakaki Set,DLC,45.83,1443657600,0,0,0
"KOEI TECMO GAMES CO., LTD.",349940,DW8E: BGM Pack,DLC,45.83,1424995200,0,0,0
"KOEI TECMO GAMES CO., LTD.",545010,Ishin no Arashi,Game,45.52,1490054400,279,2,16
"KOEI TECMO GAMES CO., LTD.",1048460,DFFNT: Season Pass,DLC,44.87,1552348800,0,0,0
"KOEI TECMO GAMES CO., LTD.",933524,WARRIORS OROCHI 4/無双OROCHI３ - Legendary Costumes Pack,DLC,44.87,1539648000,0,0,0
"KOEI TECMO GAMES CO., LTD.",921590,DISSIDIA FINAL FANTASY NT Free Edition,Game,44.72,1552348800,30753,17,2182
"KOEI TECMO GAMES CO., LTD.",2164240,NOBUNAGA'S AMBITION: Shinsei Power Up Kit,DLC,44.35,1689811200,0,0,0
"KOEI TECMO GAMES CO., LTD.",3855750,WP10 2025 放牧場面積＋２＆最強馬ロード・オンライン-名馬カードコレクターセット,DLC,44.31,1754524800,0,0,0
"KOEI TECMO GAMES CO., LTD.",3193210,"FAIRY TAIL 2 - Bonus Feature ""Arena""",DLC,44.31,1738195200,0,0,0
"KOEI TECMO GAMES CO., LTD.",1754699,"Atelier Sophie 2 - Ramizel's Swimsuit ""Agapanthus Romance""",DLC,44.31,1649289600,0,0,0
"KOEI TECMO GAMES CO., LTD.",1224796,DOA6 Gust Mashup Costume Set,DLC,44.31,1582588800,0,0,0
"KOEI TECMO GAMES CO., LTD.",1224793,DOA6 Gust Mashup - Phase 4 & Arnice,DLC,44.31,1582588800,0,0,0
"KOEI TECMO GAMES CO., LTD.",1187328,[Revival] DOA6 Santa's Helper Costume Set,DLC,44.31,1575504000,0,0,0
"KOEI TECMO GAMES CO., LTD.",1061757,Atelier Lulua: Extra High Difficulty Area: Machina Domain,DLC,44.31,1564444800,0,0,0
"KOEI TECMO GAMES CO., LTD.",1033481,DOA6 Character: Hayate,DLC,44.31,1552608000,0,0,0
"KOEI TECMO GAMES CO., LTD.",1033480,DOA6 Character: Hayabusa,DLC,44.31,1552608000,0,0,0
"KOEI TECMO GAMES CO., LTD.",799700,SEASON PASS: Additional Costumes: 20-Piece Set,DLC,44.31,1521072000,0,0,0
"KOEI TECMO GAMES CO., LTD.",743270,"Nights of Azure 2 - Side story, The Foreigner in a Wonderland of Sweets",DLC,44.31,1510876800,0,0,0
"KOEI TECMO GAMES CO., LTD.",735230,"Nobunaga's Ambition: Taishi - シナリオ「長篠の戦い」/Scenario ""The Battle of Nagashino""",DLC,44.31,1530144000,0,0,0
"KOEI TECMO GAMES CO., LTD.",735180,"Nobunaga's Ambition: Taishi - 「田村顕頼」「赤井輝子」武将データ/Akiyori Tamura, Teruko Akai officer data",DLC,44.31,1513555200,0,0,0
"KOEI TECMO GAMES CO., LTD.",3375840,ROMANCE OF THE THREE KINGDOMS 8 REMAKE Contest-Winning Scenarios & Popular CG Portraits Set,DLC,43.95,1742860800,0,0,0
"KOEI TECMO GAMES CO., LTD.",521660,NOBUNAGA'S AMBITION: Zenkokuban,Game,43.68,1485216000,259,5,21
"KOEI TECMO GAMES CO., LTD.",1754704,"Atelier Sophie 2 - Extra Scenario/Area ""Atelier Plachta""",DLC,43.31,1651104000,0,0,0
"KOEI TECMO GAMES CO., LTD.",521710,Romance of the Three Kingdoms III,Game,43.06,1487721600,558,5,27
"KOEI TECMO GAMES CO., LTD.",1431483,RTK14: Scenario [The Wavering Han Dynasty] & Event Set,DLC,42.82,1607558400,0,0,0
"KOEI TECMO GAMES CO., LTD.",2156250,"Atelier Ryza 3 - Additional Area ""Rosca Island""",DLC,42.79,1685577600,0,0,0
"KOEI TECMO GAMES CO., LTD.",3311490,"Set of 6 Scenarios for ""NOBUNAGA'S AMBITION: Awakening""",DLC,42.2,1749081600,0,0,0
"KOEI TECMO GAMES CO., LTD.",1431491,"RTK14: ""Sun Ce Pushing Forward"" Event Set",DLC,41.67,1616630400,0,0,0
"KOEI TECMO GAMES CO., LTD.",1431498,"RTK14: ""The Subjugation of Southern Jing Province"" Event Set",DLC,41.03,1622073600,0,0,0
"KOEI TECMO GAMES CO., LTD.",4347120,WARRIORS: Abyss - DW 25th Anniversary Top Characters Costume Set Pack,DLC,40.58,1772150400,0,0,0
"KOEI TECMO GAMES CO., LTD.",3811170,"The Red Alchemist & the White Guardian - High-Difficulty Dungeon ""Backwards-Ticking Clock Workshop""",DLC,40.58,1766361600,0,0,0
"KOEI TECMO GAMES CO., LTD.",3358160,WARRIORS: Abyss - NOBUNAGA'S AMBITION Yukimura Sanada Costume Set,DLC,40.58,1745539200,0,0,0
"KOEI TECMO GAMES CO., LTD.",3358100,WARRIORS: Abyss - SAMURAI WARRIORS Classic Costume Set,DLC,40.58,1739318400,0,0,0
"KOEI TECMO GAMES CO., LTD.",3358090,WARRIORS: Abyss - DYNASTY WARRIORS Classic Costume Set,DLC,40.58,1739318400,0,0,0
"KOEI TECMO GAMES CO., LTD.",3193170,"FAIRY TAIL 2 - New Party Member ""Jellal""",DLC,40.58,1739404800,0,0,0
"KOEI TECMO GAMES CO., LTD.",2770630,WP10 2024 毛色名鑑セット（５種）,DLC,40.58,1711584000,0,0,0
"KOEI TECMO GAMES CO., LTD.",2316040,WP10 稀代のクセ馬 購入権セット 全５頭,DLC,40.58,1680134400,0,0,0
"KOEI TECMO GAMES CO., LTD.",1873326,WP9 2022 米国・欧州牧場 最速開設セット,DLC,40.58,1649894400,0,0,0
"KOEI TECMO GAMES CO., LTD.",1754689,"Atelier Sophie 2 - Ramizel's Costume ""Ertona Hunter""",DLC,40.58,1646870400,0,0,0
"KOEI TECMO GAMES CO., LTD.",1501263,WP9 2021 ミスターシービーと皇帝ルドルフ 購入権セット 全２頭,DLC,40.58,1618444800,0,0,0
"KOEI TECMO GAMES CO., LTD.",1362222,"FAIRY TAIL: Additional Friends Set ""Lisanna & Elfman""",DLC,40.58,1599091200,0,0,0
"KOEI TECMO GAMES CO., LTD.",1362220,"FAIRY TAIL: Additional Friends Set ""Lyon""",DLC,40.58,1597881600,0,0,0
"KOEI TECMO GAMES CO., LTD.",1362150,"FAIRY TAIL: Wendy's Costume ""Anime Final Season""",DLC,40.58,1596672000,0,0,0
"KOEI TECMO GAMES CO., LTD.",1362116,"FAIRY TAIL: Natsu's Costume ""Anime Final Season""",DLC,40.58,1596672000,0,0,0
"KOEI TECMO GAMES CO., LTD.",1205866,[Revival] DOA6 Maid Costume - La Mariposa,DLC,40.58,1579564800,0,0,0
"KOEI TECMO GAMES CO., LTD.",797760,Additional Costume Set: New Year's Outfit,DLC,40.58,1521072000,0,0,0
"KOEI TECMO GAMES CO., LTD.",735220,"Nobunaga's Ambition: Taishi - シナリオ「信長誕生」/Scenario ""Birth of Nobunaga""",DLC,40.58,1524700800,0,0,0
"KOEI TECMO GAMES CO., LTD.",735200,"Nobunaga's Ambition: Taishi - シナリオ「沖田畷の戦い」/Scenario ""The Battle of Okitanawate""",DLC,40.58,1520467200,0,0,0
"KOEI TECMO GAMES CO., LTD.",735160,Nobunaga's Ambition: Taishi - 姫衣装替えCGセット～絆繋ぐ姫君～/Princess Costume CG Set -Bond Building Ladies-,DLC,40.58,1527724800,0,0,0
"KOEI TECMO GAMES CO., LTD.",735120,Nobunaga's Ambition: Taishi - 姫衣装替えCGセット～女領主～Princess Costume CG Set - Women Rulers -,DLC,40.58,1527724800,0,0,0
"KOEI TECMO GAMES CO., LTD.",406570,NOBUNAGA'S AMBITION: Tenshouki WPK HD Version - GAMECITYオンラインユーザー登録シリアル,DLC,40.58,1447200000,0,0,0
"KOEI TECMO GAMES CO., LTD.",297893,Nobunaga's Ambition: Souzou - Scenario Tetorigawa,DLC,40.58,1409097600,0,0,0
"KOEI TECMO GAMES CO., LTD.",1790310,Romance of the Three Kingdoms Hadou,Game,40.48,1645056000,445,156,813
"KOEI TECMO GAMES CO., LTD.",776530,DYNASTY WARRIORS 9:Season Pass/真・三國無双８:シーズンパス,DLC,40.47,1518480000,0,0,0
"KOEI TECMO GAMES CO., LTD.",1362223,"FAIRY TAIL: Additional Dungeon ""Rift in Time and Space""",DLC,40.4,1600300800,0,0,0
"KOEI TECMO GAMES CO., LTD.",1362162,FAIRY TAIL: Anime Final Season Costume Set for 16 Playable Characters,DLC,40.4,1596672000,0,0,0
"KOEI TECMO GAMES CO., LTD.",569713,BERSERK - Casca Costume: Winter Clothes,DLC,40.4,1487721600,0,0,0
"KOEI TECMO GAMES CO., LTD.",2092830,WILD HEARTS™ Karakuri Upgrade,DLC,40.03,1676505600,0,0,0
"KOEI TECMO GAMES CO., LTD.",1033485,DOA6 Character: Brad Wong,DLC,40.03,1552608000,0,0,0
"KOEI TECMO GAMES CO., LTD.",1198837,RTK14: Editor - 1st Wave,DLC,39.15,1584576000,0,0,0
"KOEI TECMO GAMES CO., LTD.",1198833,ROMANCE OF THE THREE KINGDOMS XIV Season Pass,DLC,38.66,1579132800,0,0,0
"KOEI TECMO GAMES CO., LTD.",939700,Winning Post 9,Game,38.6,1553731200,362,3,1698
"KOEI TECMO GAMES CO., LTD.",2205893,Wo Long: Fallen Dynasty Season Pass,DLC,38.59,1677801600,0,0,0
"KOEI TECMO GAMES CO., LTD.",3811180,The Red Alchemist & the White Guardian - Gust Extra BGM Pack,DLC,37.49,1758844800,0,0,0
"KOEI TECMO GAMES CO., LTD.",730310,DYNASTY WARRIORS 9,Game,36.62,1518480000,33852,18,3586
"KOEI TECMO GAMES CO., LTD.",3193200,"FAIRY TAIL 2 - Bonus Scenario ""Fairy Tail Hot Springs""",DLC,35.92,1736380800,0,0,0
"KOEI TECMO GAMES CO., LTD.",1754702,"Atelier Sophie 2 - Diebold's Swimsuit ""Knight Commander""",DLC,35.92,1649289600,0,0,0
"KOEI TECMO GAMES CO., LTD.",1754694,"Atelier Sophie 2 - Recipe Expansion Pack ""The Art of Battle""",DLC,35.92,1647907200,0,0,0
"KOEI TECMO GAMES CO., LTD.",1362224,FAIRY TAIL: Very Difficult Requests Set,DLC,35.92,1599091200,0,0,0
"KOEI TECMO GAMES CO., LTD.",797800,Additional Mikasa Costume: Festival Outfit,DLC,35.92,1521072000,0,0,0
"KOEI TECMO GAMES CO., LTD.",735100,Nobunaga's Ambition: Taishi - 姫衣装替えCGセット～メイド風大名正室～Princess Costume CG Set - Wives of Daimyo -,DLC,35.92,1527724800,0,0,0
"KOEI TECMO GAMES CO., LTD.",297894,Nobunaga's Ambition: Souzou - Scenario Dokuganryutatsu,DLC,35.92,1409097600,0,0,0
"KOEI TECMO GAMES CO., LTD.",506800,Romance of the Three Kingdoms XIII Fame and Strategy Expansion Pack,DLC,35.67,1487116800,0,0,0
"KOEI TECMO GAMES CO., LTD.",2191870,STRANGER OF PARADISE FINAL FANTASY ORIGIN Digital Art Book and Digital Mini Soundtrack,DLC,35.22,1680739200,0,0,0
"KOEI TECMO GAMES CO., LTD.",933566,"WARRIORS OROCHI 4/無双OROCHI３ - Challenge Modes ""Rampage"" and ""Bridge Melee""",DLC,34.58,1540425600,0,0,0
"KOEI TECMO GAMES CO., LTD.",1431484,RTK14 EP: Editor - 4th Wave,DLC,33.02,1611792000,0,0,0
"KOEI TECMO GAMES CO., LTD.",569715,BERSERK - Schierke Costume: Golem,DLC,32.94,1487721600,0,0,0
"KOEI TECMO GAMES CO., LTD.",1198832,RTK14: Scenario [The Start of Change],DLC,32.6,1579046400,0,0,0
"KOEI TECMO GAMES CO., LTD.",1198841,RTK14: Difficulty [Veteran] & Scenario Settings Set,DLC,31.8,1590624000,0,0,0
"KOEI TECMO GAMES CO., LTD.",1431482,ROMANCE OF THE THREE KINGDOMS XIV Season Pass 2,DLC,31.39,1607558400,0,0,0
"KOEI TECMO GAMES CO., LTD.",2205895,Wo Long: Fallen Dynasty Conqueror of Jiangdong,DLC,31.09,1695772800,0,0,0
"KOEI TECMO GAMES CO., LTD.",2426930,Fate/Samurai Remnant Digital Artbook & Soundtrack,DLC,28.65,1695945600,0,0,0
"KOEI TECMO GAMES CO., LTD.",2205896,Wo Long: Fallen Dynasty Upheaval in Jingxiang,DLC,27.8,1702339200,0,0,0
"KOEI TECMO GAMES CO., LTD.",1427650,ROMANCE OF THE THREE KINGDOMS XIV: Diplomacy and Strategy Expansion Pack,DLC,26.37,1607558400,0,0,0
"KOEI TECMO GAMES CO., LTD.",2154770,NOBUNAGA'S AMBITION: Hadou,Game,24.66,1669852800,513,279,1185
"KOEI TECMO GAMES CO., LTD.",2205894,Wo Long: Fallen Dynasty Battle of Zhongyuan,DLC,20.64,1687996800,0,0,0
"KOEI TECMO GAMES CO., LTD.",317110,Uncharted Waters Online: Episode Atlantis,Game,,0,5489,0,462
"KOEI TECMO GAMES CO., LTD.",3841510,DYNASTY WARRIORS 3: Complete Edition Remastered,Game,,1798675200,4065,0,0
"KOEI TECMO GAMES CO., LTD.",4144680,DEAD OR ALIVE 6 Last Round,Game,,1782345600,2344,0,0
"KOEI TECMO GAMES CO., LTD.",3825390,BLUE REFLECTION Quartet,Game,,1785369600,466,0,0
"KOEI TECMO GAMES CO., LTD.",322460,Winning Post 8 2015,Game,,0,129,0,1254
"KOEI TECMO GAMES CO., LTD.",1019100,Attack on Titan 2 - A.O.T.2 - Demo,Game,,1557187200,13,9,191
"KOEI TECMO GAMES CO., LTD.",1582390,NINJA GAIDEN: Master Collection Digital Art Book & Soundtrack,Game,,0,9,1,32
"KOEI TECMO GAMES CO., LTD.",4284550,WP10 2026 世界のグロリアスホース 購入権フルセット 全１３頭,DLC,,1774483200,0,0,0
"KOEI TECMO GAMES CO., LTD.",4284540,WP10 2026 世界のミラクルホース 購入権フルセット 全１２頭,DLC,,1774483200,0,0,0
"KOEI TECMO GAMES CO., LTD.",4284530,WP10 2026 世界のレジェンドホース 購入権フルセット 全１２頭,DLC,,1774483200,0,0,0
"KOEI TECMO GAMES CO., LTD.",4284520,WP10 2026 1970年代前半 海外馬スターホース購入権フルセット 全９頭,DLC,,1774483200,0,0,0
"KOEI TECMO GAMES CO., LTD.",4284510,WP10 2026 誇り高き優駿たち 購入権フルセット 全２０頭,DLC,,1774483200,0,0,0
"KOEI TECMO GAMES CO., LTD.",4284500,WP10 2026 血脈継ぎし優駿たち 購入権フルセット 全１９頭,DLC,,1774483200,0,0,0
"KOEI TECMO GAMES CO., LTD.",4284490,WP10 2026 記憶に残る優駿たち 購入権フルセット 全２２頭,DLC,,1774483200,0,0,0
"KOEI TECMO GAMES CO., LTD.",4284480,WP10 2026 激闘繰り広げし優駿たち 購入権フルセット 全２５頭,DLC,,1774483200,0,0,0
"KOEI TECMO GAMES CO., LTD.",4284470,WP10 2026 第一次競馬ブームを彩った名馬たち 購入権フルセット 全２２頭,DLC,,1774483200,0,0,0
"KOEI TECMO GAMES CO., LTD.",4284460,WP10 2026 1968年スタート 海外馬スターホース購入権フルセット 全１５頭,DLC,,1774483200,0,0,0
"KOEI TECMO GAMES CO., LTD.",4284450,WP10 2026 1968年スタート 日本馬スターホース購入権フルセット 全１２頭,DLC,,1774483200,0,0,0
"KOEI TECMO GAMES CO., LTD.",4284440,WP10 2026 馬所有可能数＆牧場面積拡張＆工事期間短縮&新施設＆最強馬ロード DLCフルセット,DLC,,1774483200,0,0,0
"KOEI TECMO GAMES CO., LTD.",4284430,WP10 2026 世界 新時代の王者たち 購入権セット 全５頭,DLC,,1774483200,0,0,0
"KOEI TECMO GAMES CO., LTD.",4284420,WP10 2026 世界 絶対王者たち 購入権セット 全４頭,DLC,,1774483200,0,0,0
"KOEI TECMO GAMES CO., LTD.",4284410,WP10 2026 世界 栄えある王者たち 購入権セット 全４頭,DLC,,1774483200,0,0,0
"KOEI TECMO GAMES CO., LTD.",4284400,WP10 2026 世界 はかなき王者たち 購入権セット 全３頭,DLC,,1774483200,0,0,0
"KOEI TECMO GAMES CO., LTD.",4284390,WP10 2026 世界 奇跡の王者たち 購入権セット 全４頭,DLC,,1774483200,0,0,0
"KOEI TECMO GAMES CO., LTD.",4284380,WP10 2026 世界 永遠の王者たち 購入権セット 全５頭,DLC,,1774483200,0,0,0
"KOEI TECMO GAMES CO., LTD.",4284370,WP10 2026 世界 偉大なる王者たち 購入権セット 全６頭,DLC,,1774483200,0,0,0
"KOEI TECMO GAMES CO., LTD.",4284350,WP10 2026 世界 伝説の王者たち 購入権セット 全６頭,DLC,,1774483200,0,0,0
"KOEI TECMO GAMES CO., LTD.",4284340,WP10 2026 世界 驚嘆の王者たち 購入権セット 全５頭,DLC,,1774483200,0,0,0
"KOEI TECMO GAMES CO., LTD.",4284330,WP10 2026 世界 名誉ある王者たち 購入権セット 全４頭,DLC,,1774483200,0,0,0
"KOEI TECMO GAMES CO., LTD.",4284320,WP10 2026 世界で火花を散らしたライバルたち 購入権セット 全１０頭,DLC,,1774483200,0,0,0
"KOEI TECMO GAMES CO., LTD.",4284310,WP10 2026 オリジナルスーパーホース 購入権セット 全６頭,DLC,,1774483200,0,0,0
"KOEI TECMO GAMES CO., LTD.",4284300,WP10 2026 銀冠から掴んだ頂点の誇り 購入権セット 全５頭,DLC,,1774483200,0,0,0
"KOEI TECMO GAMES CO., LTD.",4284290,WP10 2026 女帝たる誇り 購入権セット 全５頭,DLC,,1774483200,0,0,0
"KOEI TECMO GAMES CO., LTD.",4284280,WP10 2026 牝馬３冠の誇り 購入権セット 全５頭,DLC,,1774483200,0,0,0
"KOEI TECMO GAMES CO., LTD.",4284270,WP10 2026 他を圧倒する王者の誇り 購入権セット 全５頭,DLC,,1774483200,0,0,0
"KOEI TECMO GAMES CO., LTD.",4284260,WP10 2026 黄金の血脈 購入権セット 全５頭,DLC,,1774483200,0,0,0
"KOEI TECMO GAMES CO., LTD.",4284250,WP10 2026 衝撃の血脈 購入権セット 全４頭,DLC,,1774483200,0,0,0
"KOEI TECMO GAMES CO., LTD.",4284240,WP10 2026 大王の血脈 購入権セット 全５頭,DLC,,1774483200,0,0,0
"KOEI TECMO GAMES CO., LTD.",4284230,WP10 2026 名家の血脈 購入権セット 全５頭,DLC,,1774483200,0,0,0
"KOEI TECMO GAMES CO., LTD.",4284220,WP10 2026 記憶に残る最強ダート馬 購入権セット 全５頭,DLC,,1774483200,0,0,0
"KOEI TECMO GAMES CO., LTD.",4284210,WP10 2026 記憶に残る最強マイラー 購入権セット 全４頭,DLC,,1774483200,0,0,0
"KOEI TECMO GAMES CO., LTD.",4284200,WP10 2026 記憶に残る最強スプリンター 購入権セット 全４頭,DLC,,1774483200,0,0,0
"KOEI TECMO GAMES CO., LTD.",4284190,WP10 2026 記憶に残る最強追い込み馬 購入権セット 全４頭,DLC,,1774483200,0,0,0
"KOEI TECMO GAMES CO., LTD.",4284180,WP10 2026 記憶に残る最強逃げ馬 購入権セット 全５頭,DLC,,1774483200,0,0,0
"KOEI TECMO GAMES CO., LTD.",4284170,WP10 2026 98世代の激闘 購入権セット 全４頭,DLC,,1774483200,0,0,0
"KOEI TECMO GAMES CO., LTD.",4284160,WP10 2026 シャドーロールの激闘 購入権セット 全４頭,DLC,,1774483200,0,0,0
"KOEI TECMO GAMES CO., LTD.",4284150,WP10 2026 帝王とお祭り男の激闘 購入権セット 全６頭,DLC,,1774483200,0,0,0
"KOEI TECMO GAMES CO., LTD.",4284140,WP10 2026 芦毛の怪物の激闘 購入権セット 全５頭,DLC,,1774483200,0,0,0
"KOEI TECMO GAMES CO., LTD.",4284130,WP10 2026 クラシック３冠の激闘 購入権セット 全６頭,DLC,,1774483200,0,0,0
"KOEI TECMO GAMES CO., LTD.",4284120,WP10 2026 華麗なる一族の祖と八大競走の覇者たち 購入権セット 全６頭,DLC,,1774483200,0,0,0
"KOEI TECMO GAMES CO., LTD.",4284110,WP10 2026 初代アイドルホース・ハイセイコーの時代 購入権セット 全４頭,DLC,,1774483200,0,0,0
"KOEI TECMO GAMES CO., LTD.",4284100,WP10 2026 花の47年組 購入権セット 全７頭,DLC,,1774483200,0,0,0
"KOEI TECMO GAMES CO., LTD.",4284090,WP10 2026 常識を覆した名馬たち 購入権セット 全５頭,DLC,,1774483200,0,0,0
"KOEI TECMO GAMES CO., LTD.",4284080,WP10 2026 1967年生まれ 日本馬・海外馬スターホース購入権セット 全９頭,DLC,,1774483200,0,0,0
"KOEI TECMO GAMES CO., LTD.",4284070,WP10 2026 1968年スタート 海外馬スターホース購入権セット その２ 全７頭,DLC,,1774483200,0,0,0
"KOEI TECMO GAMES CO., LTD.",4284060,WP10 2026 1968年スタート 海外馬スターホース購入権セット その１ 全８頭,DLC,,1774483200,0,0,0
"KOEI TECMO GAMES CO., LTD.",4284050,WP10 2026 1968年スタート 日本馬スターホース購入権セット その２ 全７頭,DLC,,1774483200,0,0,0
"KOEI TECMO GAMES CO., LTD.",4284040,WP10 2026 1968年スタート 日本馬スターホース購入権セット その１ 全５頭,DLC,,1774483200,0,0,0
"KOEI TECMO GAMES CO., LTD.",4284030,WP10 2026 秘書・知人・牧場長・騎手・調教師 最速結婚可能セット,DLC,,1774483200,0,0,0
"KOEI TECMO GAMES CO., LTD.",4284020,WP10 2026 史実調教使用可能数＋１（永続型）,DLC,,1774483200,0,0,0
"KOEI TECMO GAMES CO., LTD.",4284010,WP10 2026 全世界 史実種牡馬＆繁殖牝馬 無料選択購入権セット,DLC,,1774483200,0,0,0
"KOEI TECMO GAMES CO., LTD.",4284000,WP10 2026 米国・欧州牧場 最速開設セット,DLC,,1774483200,0,0,0
"KOEI TECMO GAMES CO., LTD.",4283990,WP10 2026 毛色名鑑セット（５種）,DLC,,1774483200,0,0,0
"KOEI TECMO GAMES CO., LTD.",4283980,WP10 2026 牧場 工事期間５０％短縮,DLC,,1774483200,0,0,0
"KOEI TECMO GAMES CO., LTD.",4283960,WP10 2026 放牧場面積＋２＆最強馬ロード・オンライン-名馬カードコレクターセット,DLC,,1774483200,0,0,0
"KOEI TECMO GAMES CO., LTD.",4283950,WP10 2026 牧場施設「飼葉スチーマー」＆放牧場面積＋３,DLC,,1774483200,0,0,0
"KOEI TECMO GAMES CO., LTD.",4283940,WP10 2026 牧場施設「低酸素トレッドミル」＆放牧場面積＋１,DLC,,1774483200,0,0,0
"KOEI TECMO GAMES CO., LTD.",4283930,WP10 2026 放牧場・育成場面積＋２,DLC,,1774483200,0,0,0
"KOEI TECMO GAMES CO., LTD.",4283920,WP10 2026 放牧場面積＋５,DLC,,1774483200,0,0,0
"KOEI TECMO GAMES CO., LTD.",4283910,WP10 2026 種牡馬 所有可能数＋５,DLC,,1774483200,0,0,0
"KOEI TECMO GAMES CO., LTD.",4283900,WP10 2026 繁殖牝馬 所有可能数＋５,DLC,,1774483200,0,0,0
"KOEI TECMO GAMES CO., LTD.",4283890,WP10 2026 競走馬 所有可能数＋５,DLC,,1774483200,0,0,0
"KOEI TECMO GAMES CO., LTD.",4283880,WP10 2026 新秘書・白鷺 七夏 コスプレ衣装セット 全１６点,DLC,,1774483200,0,0,0
"KOEI TECMO GAMES CO., LTD.",4283870,WP10 2026 既存秘書・やよい＆夕映＆芽愛＆リオン コスプレ衣装セット 全１６点,DLC,,1774483200,0,0,0
"KOEI TECMO GAMES CO., LTD.",4260830,Winning Post 10 2026 体験版,Demo,,1773273600,0,21,655
"KOEI TECMO GAMES CO., LTD.",4239940,WARRIORS: Abyss - Dong Bai Costume Set,DLC,,1772150400,0,0,0
"KOEI TECMO GAMES CO., LTD.",4239930,WARRIORS: Abyss - Yu Jin Costume,DLC,,1772150400,0,0,0
"KOEI TECMO GAMES CO., LTD.",4239920,WARRIORS: Abyss - Lianshi Costume Set,DLC,,1772150400,0,0,0
"KOEI TECMO GAMES CO., LTD.",4239910,WARRIORS: Abyss - Zuo Ci Costume Set,DLC,,1772150400,0,0,0
"KOEI TECMO GAMES CO., LTD.",4239900,WARRIORS: Abyss - DYNASTY WARRIORS: ORIGINS Other Character Version Set (Other),DLC,,1770940800,0,0,0
"KOEI TECMO GAMES CO., LTD.",4239880,WARRIORS: Abyss - DYNASTY WARRIORS: ORIGINS Other Character Version Set (Shu),DLC,,1770940800,0,0,0
"KOEI TECMO GAMES CO., LTD.",4239870,WARRIORS: Abyss - DYNASTY WARRIORS: ORIGINS Other Character Version Set (Wu),DLC,,1770940800,0,0,0
"KOEI TECMO GAMES CO., LTD.",4239860,WARRIORS: Abyss - DYNASTY WARRIORS: ORIGINS Other Character Version Set (Wei),DLC,,1770940800,0,0,0
"KOEI TECMO GAMES CO., LTD.",4226020,FATAL FRAME II: Crimson Butterfly REMAKE DEMO,Demo,,1772668800,0,25,1196
"KOEI TECMO GAMES CO., LTD.",4198760,Nioh 3 Demo,Demo,,1769644800,0,39,39227
"KOEI TECMO GAMES CO., LTD.",4128320,WP10 2026 スタートダッシュセット,DLC,,1774483200,0,0,0
"KOEI TECMO GAMES CO., LTD.",4128310,WP10 2026 強敵に立ち向かった名馬たち 購入権セット 全４頭,DLC,,1774483200,0,0,0
"KOEI TECMO GAMES CO., LTD.",4123350,FATAL FRAME II: Crimson Butterfly REMAKE Early Purchase Bonus Set,DLC,,0,0,0,0
"KOEI TECMO GAMES CO., LTD.",4009880,"ROMANCE OF THE THREE KINGDOMS 8 REMAKE EP Scenario ""Loyal Han Retainer Ma Teng""",DLC,,0,0,0,0
"KOEI TECMO GAMES CO., LTD.",4003900,Nioh 3 - Hellfrost Equipment Set (Hellfrost Warrior Armor set + Hellfrost Ninja Attire set),DLC,,0,0,0,0
"KOEI TECMO GAMES CO., LTD.",3811190,The Red Alchemist & the White Guardian - Atelier Series Legacy BGM Pack,DLC,,1761782400,0,0,0
"KOEI TECMO GAMES CO., LTD.",3811160,"The Red Alchemist & the White Guardian - Recipe Expansion Pack ""The Essence of Alchemy""",DLC,,1766361600,0,0,0
"KOEI TECMO GAMES CO., LTD.",3811110,The Red Alchemist & the White Guardian - Activewear Adventuring Set,DLC,,0,0,0,0
"KOEI TECMO GAMES CO., LTD.",3742620,"Atelier Yumia - ""Fantasy Academy"" Costume Set",DLC,,1753228800,0,0,0
"KOEI TECMO GAMES CO., LTD.",3742580,"Atelier Yumia - ""Wolf of the Streets"" Costume for Rutger",DLC,,1753228800,0,0,0
"KOEI TECMO GAMES CO., LTD.",3742570,"Atelier Yumia - ""Perfect Butler"" Costume for Viktor",DLC,,1753228800,0,0,0
"KOEI TECMO GAMES CO., LTD.",3569680,Atelier Yumia - Gust Extra BGM Pack,DLC,,1750636800,0,0,0
"KOEI TECMO GAMES CO., LTD.",3480160,WARRIORS: Abyss - MASTER NINJA Formal Costume Set,DLC,,1751587200,0,0,0
"KOEI TECMO GAMES CO., LTD.",3480150,WARRIORS: Abyss - MASTER NINJA Legacy Costume Set,DLC,,1751587200,0,0,0
"KOEI TECMO GAMES CO., LTD.",3480140,WARRIORS: Abyss - Atelier Series Academy Costume Set,DLC,,1743120000,0,0,0
"KOEI TECMO GAMES CO., LTD.",3480130,WARRIORS: Abyss - Atelier Series Vacation Costume Set,DLC,,1743120000,0,0,0
"KOEI TECMO GAMES CO., LTD.",3473170,Atelier Yumia: The Alchemist of Memories & the Envisioned Land - Demo,Demo,,1742169600,0,0,6068
"KOEI TECMO GAMES CO., LTD.",3456110,WP10 2025 世界のグロリアスホース 購入権フルセット 全１２頭,DLC,,1743033600,0,0,0
"KOEI TECMO GAMES CO., LTD.",3456100,WP10 2025 世界のミラクルホース 購入権フルセット 全１２頭,DLC,,1743033600,0,0,0
"KOEI TECMO GAMES CO., LTD.",3456090,WP10 2025 世界のレジェンドホース 購入権フルセット 全１２頭,DLC,,1743033600,0,0,0
"KOEI TECMO GAMES CO., LTD.",3456070,WP10 2025 誇り高き優駿たち 購入権フルセット 全２０頭,DLC,,1743033600,0,0,0
"KOEI TECMO GAMES CO., LTD.",3456060,WP10 2025 血脈継ぎし優駿たち 購入権フルセット 全１９頭,DLC,,1743033600,0,0,0
"KOEI TECMO GAMES CO., LTD.",3456050,WP10 2025 記憶に残る優駿たち 購入権フルセット  全２２頭,DLC,,1743033600,0,0,0
"KOEI TECMO GAMES CO., LTD.",3456040,WP10 2025 激闘繰り広げし優駿たち 購入権フルセット 全２４頭,DLC,,1743033600,0,0,0
"KOEI TECMO GAMES CO., LTD.",3456030,WP10 2025 第一次競馬ブームを巻き起こした名馬たち 購入権フルセット 全１０頭,DLC,,1743033600,0,0,0
"KOEI TECMO GAMES CO., LTD.",3456020,WP10 2025 1971年スタート 海外馬スターホース購入権フルセット 全１２頭,DLC,,1743033600,0,0,0
"KOEI TECMO GAMES CO., LTD.",3456010,WP10 2025 1971年スタート 日本馬スターホース購入権フルセット 全１２頭,DLC,,1743033600,0,0,0
"KOEI TECMO GAMES CO., LTD.",3456000,WP10 2025 馬所有可能数＆牧場面積拡張＆工事期間短縮&新施設DLCフルセット,DLC,,1743033600,0,0,0
"KOEI TECMO GAMES CO., LTD.",3455990,WP10 2025 スタートダッシュセット,DLC,,0,0,0,0
"KOEI TECMO GAMES CO., LTD.",3455980,WP10 2025 秘書・知人・牧場長・騎手・調教師 最速結婚可能セット,DLC,,1743033600,0,0,0
"KOEI TECMO GAMES CO., LTD.",3455970,WP10 2025 史実調教使用可能数＋１（永続型）,DLC,,1743033600,0,0,0
"KOEI TECMO GAMES CO., LTD.",3455960,WP10 2025 牧場施設「低酸素トレッドミル」＆放牧場面積＋１,DLC,,1743033600,0,0,0
"KOEI TECMO GAMES CO., LTD.",3455950,WP10 2025 全世界 史実種牡馬＆繁殖牝馬 無料選択購入権セット,DLC,,1743033600,0,0,0
"KOEI TECMO GAMES CO., LTD.",3455940,WP10 2025 世界で火花を散らしたライバルたち 購入権セット  全８頭,DLC,,1743033600,0,0,0
"KOEI TECMO GAMES CO., LTD.",3455930,WP10 2025 世界 新時代の王者たち 購入権セット  全４頭,DLC,,1743033600,0,0,0
"KOEI TECMO GAMES CO., LTD.",3455920,WP10 2025 世界 絶対王者たち 購入権セット 全４頭,DLC,,1743033600,0,0,0
"KOEI TECMO GAMES CO., LTD.",3455910,WP10 2025 世界 栄えある王者たち 購入権セット 全４頭,DLC,,1743033600,0,0,0
"KOEI TECMO GAMES CO., LTD.",3455900,WP10 2025 世界 はかなき王者たち 購入権セット 全３頭,DLC,,1743033600,0,0,0
"KOEI TECMO GAMES CO., LTD.",3455890,WP10 2025 世界 奇跡の王者たち 購入権セット 全４頭,DLC,,1743033600,0,0,0
"KOEI TECMO GAMES CO., LTD.",3455880,WP10 2025 世界 永遠の王者たち 購入権セット 全５頭,DLC,,1743033600,0,0,0
"KOEI TECMO GAMES CO., LTD.",3455860,WP10 2025 世界 偉大なる王者たち 購入権セット  全６頭,DLC,,1743033600,0,0,0
"KOEI TECMO GAMES CO., LTD.",3455850,WP10 2025 世界 伝説の王者たち 購入権セット 全６頭,DLC,,1743033600,0,0,0
"KOEI TECMO GAMES CO., LTD.",3455840,WP10 2025 世界 驚嘆の王者たち 購入権セット 全６頭,DLC,,1743033600,0,0,0
"KOEI TECMO GAMES CO., LTD.",3455830,WP10 2025 世界 名誉ある王者たち 購入権セット 全６頭,DLC,,1743033600,0,0,0
"KOEI TECMO GAMES CO., LTD.",3455810,WP10 2025 オリジナルスーパーホース 購入権セット 全６頭,DLC,,1743033600,0,0,0
"KOEI TECMO GAMES CO., LTD.",3455800,WP10 2025 銀冠から掴んだ頂点の誇り  購入権セット 全５頭,DLC,,1743033600,0,0,0
"KOEI TECMO GAMES CO., LTD.",3455790,WP10 2025 女帝たる誇り 購入権セット 全５頭,DLC,,1743033600,0,0,0
"KOEI TECMO GAMES CO., LTD.",3455780,WP10 2025 牝馬３冠の誇り 購入権セット 全５頭,DLC,,1743033600,0,0,0
"KOEI TECMO GAMES CO., LTD.",3455770,WP10 2025 他を圧倒する王者の誇り  購入権セット 全５頭,DLC,,1743033600,0,0,0
"KOEI TECMO GAMES CO., LTD.",3455760,WP10 2025 黄金の血脈  購入権セット 全５頭,DLC,,1743033600,0,0,0
"KOEI TECMO GAMES CO., LTD.",3455750,WP10 2025 衝撃の血脈 購入権セット 全４頭,DLC,,1743033600,0,0,0
"KOEI TECMO GAMES CO., LTD.",3455740,WP10 2025 大王の血脈 購入権セット 全５頭,DLC,,1743033600,0,0,0
"KOEI TECMO GAMES CO., LTD.",3455730,WP10 2025 名家の血脈 購入権セット 全５頭,DLC,,1743033600,0,0,0
"KOEI TECMO GAMES CO., LTD.",3455720,WP10 2025 記憶に残る最強ダート馬 購入権セット 全５頭,DLC,,1743033600,0,0,0
"KOEI TECMO GAMES CO., LTD.",3455710,WP10 2025 記憶に残る最強マイラー 購入権セット 全４頭,DLC,,1743033600,0,0,0
"KOEI TECMO GAMES CO., LTD.",3455700,WP10 2025 記憶に残る最強スプリンター 購入権セット 全４頭,DLC,,1743033600,0,0,0
"KOEI TECMO GAMES CO., LTD.",3455690,WP10 2025 記憶に残る最強追い込み馬 購入権セット 全４頭,DLC,,1743033600,0,0,0
"KOEI TECMO GAMES CO., LTD.",3455680,WP10 2025 記憶に残る最強逃げ馬 購入権セット 全５頭,DLC,,1743033600,0,0,0
"KOEI TECMO GAMES CO., LTD.",3455670,WP10 2025 98世代の激闘 購入権セット 全４頭,DLC,,1743033600,0,0,0
"KOEI TECMO GAMES CO., LTD.",3455660,WP10 2025 シャドーロールの激闘　購入権セット 全４頭,DLC,,1743033600,0,0,0
"KOEI TECMO GAMES CO., LTD.",3455650,WP10 2025 帝王とお祭り男の激闘 購入権セット 全６頭,DLC,,1743033600,0,0,0
"KOEI TECMO GAMES CO., LTD.",3455640,WP10 2025 芦毛の怪物の激闘 購入権セット 全４頭,DLC,,1743033600,0,0,0
"KOEI TECMO GAMES CO., LTD.",3455630,WP10 2025 クラシック３冠の激闘 購入権セット 全６頭,DLC,,1743033600,0,0,0
"KOEI TECMO GAMES CO., LTD.",3455620,WP10 2025 華麗なる一族の祖と八大競走の覇者たち 購入権セット 全６頭,DLC,,1743033600,0,0,0
"KOEI TECMO GAMES CO., LTD.",3455610,WP10 2025 初代アイドルホース・ハイセイコーの時代 購入権セット 全４頭,DLC,,1743033600,0,0,0
"KOEI TECMO GAMES CO., LTD.",3455590,WP10 2025 常識を覆した名馬たち 購入権セット 全５頭,DLC,,1743033600,0,0,0
"KOEI TECMO GAMES CO., LTD.",3455580,WP10 2025 米国・欧州牧場 最速開設セット,DLC,,1743033600,0,0,0
"KOEI TECMO GAMES CO., LTD.",3455570,WP10 2025 毛色名鑑セット（５種）,DLC,,1743033600,0,0,0
"KOEI TECMO GAMES CO., LTD.",3455560,WP10 2025 牧場 工事期間５０％短縮,DLC,,1743033600,0,0,0
"KOEI TECMO GAMES CO., LTD.",3455550,WP10 2025 放牧場・育成場面積＋２,DLC,,1743033600,0,0,0
"KOEI TECMO GAMES CO., LTD.",3455540,WP10 2025 放牧場面積＋５,DLC,,1743033600,0,0,0
"KOEI TECMO GAMES CO., LTD.",3455530,WP10 2025 種牡馬 所有可能数＋５,DLC,,1743033600,0,0,0
"KOEI TECMO GAMES CO., LTD.",3455520,WP10 2025 繁殖牝馬 所有可能数＋５,DLC,,1743033600,0,0,0
"KOEI TECMO GAMES CO., LTD.",3455510,WP10 2025 競走馬 所有可能数＋５,DLC,,1743033600,0,0,0
"KOEI TECMO GAMES CO., LTD.",3455500,WP10 2025 新秘書・リオンローザ コスプレ衣装セット 全１２点,DLC,,1743033600,0,0,0
"KOEI TECMO GAMES CO., LTD.",3455490,WP10 2025 既存秘書・やよい＆夕映＆芽愛 コスプレ衣装セット 全１２点,DLC,,1743033600,0,0,0
"KOEI TECMO GAMES CO., LTD.",3455480,WP10 2025 名手に初タイトルをもたらした名馬たち 購入権セット 全５頭,DLC,,1743033600,0,0,0
"KOEI TECMO GAMES CO., LTD.",3416780,Winning Post 10 2025 体験版,Demo,,1741824000,0,1,600
"KOEI TECMO GAMES CO., LTD.",3401940,Atelier Yumia - Aladiss Investigation Preparation Set,DLC,,0,0,0,0
"KOEI TECMO GAMES CO., LTD.",3358140,WARRIORS: Abyss - SAMURAI WARRIORS Western Japan Classic Costume Set,DLC,,1745539200,0,0,0
"KOEI TECMO GAMES CO., LTD.",3355660,Rise of the Ronin - Early Purchase Bonus,DLC,,0,0,0,0
"KOEI TECMO GAMES CO., LTD.",3319850,DYNASTY WARRIORS: ORIGINS - Early Works Soundtrack Collection (Digital Edition),DLC,,0,0,0,0
"KOEI TECMO GAMES CO., LTD.",3285130,"Atelier Yumia - ""Ebony Outlaw"" Costume for Rutger",DLC,,1742515200,0,0,0
"KOEI TECMO GAMES CO., LTD.",3204060,"Venus Vacation PRISM - DEAD OR ALIVE Xtreme - ""Cheongsam"" Outfits (Set of 6)",DLC,,0,0,0,0
"KOEI TECMO GAMES CO., LTD.",3193250,"FAIRY TAIL 2 - Special Outfit Set ""Fairy School""",DLC,,1734912000,0,0,0
"KOEI TECMO GAMES CO., LTD.",3193230,"FAIRY TAIL 2 - Special Outfit Set ""Luxury Restaurant""",DLC,,1734912000,0,0,0
"KOEI TECMO GAMES CO., LTD.",3193190,"FAIRY TAIL 2 - New Party Member ""Zeref""",DLC,,1741824000,0,0,0
"KOEI TECMO GAMES CO., LTD.",3193180,"FAIRY TAIL 2 - New Party Member ""Mavis""",DLC,,1741824000,0,0,0
"KOEI TECMO GAMES CO., LTD.",3193140,FAIRY TAIL 2 - Digital Deluxe Upgrade Pack,DLC,,1733961600,0,0,0
"KOEI TECMO GAMES CO., LTD.",3193130,"FAIRY TAIL 2 - Lucy Outfit ""Miss FAIRY TAIL Contest""",DLC,,0,0,0,0
"KOEI TECMO GAMES CO., LTD.",2771100,WP10 2024 世界のグロリアスホース 購入権フルセット 全１２頭,DLC,,1711584000,0,0,0
"KOEI TECMO GAMES CO., LTD.",2771090,WP10 2024 世界のミラクルホース 購入権フルセット 全１２頭,DLC,,1711584000,0,0,0
"KOEI TECMO GAMES CO., LTD.",2771080,WP10 2024 世界のレジェンドホース 購入権フルセット 全１０頭,DLC,,1711584000,0,0,0
"KOEI TECMO GAMES CO., LTD.",2771070,WP10 2024 誇り高き優駿たち 購入権フルセット 全２０頭,DLC,,1711584000,0,0,0
"KOEI TECMO GAMES CO., LTD.",2771060,WP10 2024 血脈継ぎし優駿たち 購入権フルセット 全１９頭,DLC,,1711584000,0,0,0
"KOEI TECMO GAMES CO., LTD.",2771050,WP10 2024 記憶に残る優駿たち 購入権フルセット  全２２頭,DLC,,1711584000,0,0,0
"KOEI TECMO GAMES CO., LTD.",2771040,WP10 2024 激闘繰り広げし優駿たち 購入権フルセット 全２５頭,DLC,,1711584000,0,0,0
"KOEI TECMO GAMES CO., LTD.",2771030,WP10 2024 １９７３年スタート スターホース購入権フルセット 全１０頭,DLC,,1711584000,0,0,0
"KOEI TECMO GAMES CO., LTD.",2771020,WP10 2024 馬所有可能数＆牧場面積拡張＆工事期間短縮&新施設DLCフルセット,DLC,,1711584000,0,0,0
"KOEI TECMO GAMES CO., LTD.",2771010,WP10 2024 秘書・知人・牧場長・騎手・調教師 最速結婚可能セット,DLC,,1711584000,0,0,0
"KOEI TECMO GAMES CO., LTD.",2771000,WP10 2024 史実調教使用可能数＋１（永続型）,DLC,,1711584000,0,0,0
"KOEI TECMO GAMES CO., LTD.",2770990,WP10 2024 牧場施設「低酸素トレッドミル」＆放牧場面積＋１,DLC,,1711584000,0,0,0
"KOEI TECMO GAMES CO., LTD.",2770970,WP10 2024 世界 新時代の王者たち 購入権セット  全４頭,DLC,,1711584000,0,0,0
"KOEI TECMO GAMES CO., LTD.",2770960,WP10 2024 世界 絶対王者たち 購入権セット 全４頭,DLC,,1711584000,0,0,0
"KOEI TECMO GAMES CO., LTD.",2770950,WP10 2024 世界 栄えある王者たち 購入権セット 全４頭,DLC,,1711584000,0,0,0
"KOEI TECMO GAMES CO., LTD.",2770930,WP10 2024 世界 奇跡の王者たち 購入権セット 全４頭,DLC,,1711584000,0,0,0
"KOEI TECMO GAMES CO., LTD.",2770920,WP10 2024 世界 永遠の王者たち 購入権セット 全５頭,DLC,,1711584000,0,0,0
"KOEI TECMO GAMES CO., LTD.",2770910,WP10 2024 世界 偉大なる王者たち 購入権セット  全５頭,DLC,,1711584000,0,0,0
"KOEI TECMO GAMES CO., LTD.",2770900,WP10 2024 世界 伝説の王者たち 購入権セット 全５頭,DLC,,1711584000,0,0,0
"KOEI TECMO GAMES CO., LTD.",2770870,WP10 2024 地方の威信を背負う名馬たち 購入権セット 全５頭,DLC,,1711584000,0,0,0
"KOEI TECMO GAMES CO., LTD.",2770860,WP10 2024 オリジナルスーパーホース 購入権セット 全６頭,DLC,,1711584000,0,0,0
"KOEI TECMO GAMES CO., LTD.",2770850,WP10 2024 銀冠から掴んだ頂点の誇り  購入権セット 全５頭,DLC,,1711584000,0,0,0
"KOEI TECMO GAMES CO., LTD.",2770840,WP10 2024 女帝たる誇り 購入権セット 全５頭,DLC,,1711584000,0,0,0
"KOEI TECMO GAMES CO., LTD.",2770830,WP10 2024 牝馬３冠の誇り 購入権セット 全５頭,DLC,,1711584000,0,0,0
"KOEI TECMO GAMES CO., LTD.",2770820,WP10 2024 他を圧倒する王者の誇り  購入権セット 全５頭,DLC,,1711584000,0,0,0
"KOEI TECMO GAMES CO., LTD.",2770810,WP10 2024 黄金の血脈  購入権セット 全５頭,DLC,,1711584000,0,0,0
"KOEI TECMO GAMES CO., LTD.",2770800,WP10 2024 衝撃の血脈 購入権セット 全４頭,DLC,,1711584000,0,0,0
"KOEI TECMO GAMES CO., LTD.",2770790,WP10 2024 大王の血脈 購入権セット 全５頭,DLC,,1711584000,0,0,0
"KOEI TECMO GAMES CO., LTD.",2770780,WP10 2024 名家の血脈 購入権セット 全５頭,DLC,,1711584000,0,0,0
"KOEI TECMO GAMES CO., LTD.",2770770,WP10 2024 記憶に残る最強ダート馬 購入権セット 全５頭,DLC,,1711584000,0,0,0
"KOEI TECMO GAMES CO., LTD.",2770760,WP10 2024 記憶に残る最強マイラー 購入権セット 全４頭,DLC,,1711584000,0,0,0
"KOEI TECMO GAMES CO., LTD.",2770750,WP10 2024 記憶に残る最強スプリンター 購入権セット 全４頭,DLC,,1711584000,0,0,0
"KOEI TECMO GAMES CO., LTD.",2770740,WP10 2024 記憶に残る最強追い込み馬 購入権セット 全４頭,DLC,,1711584000,0,0,0
"KOEI TECMO GAMES CO., LTD.",2770730,WP10 2024 記憶に残る最強逃げ馬 購入権セット 全５頭,DLC,,1711584000,0,0,0
"KOEI TECMO GAMES CO., LTD.",2770720,WP10 2024 98世代の激闘 購入権セット 全４頭,DLC,,1711584000,0,0,0
"KOEI TECMO GAMES CO., LTD.",2770710,WP10 2024 シャドーロールの激闘　購入権セット 全４頭,DLC,,1711584000,0,0,0
"KOEI TECMO GAMES CO., LTD.",2770700,WP10 2024 帝王とお祭り男の激闘 購入権セット 全６頭,DLC,,1711584000,0,0,0
"KOEI TECMO GAMES CO., LTD.",2770690,WP10 2024 芦毛の怪物の激闘 購入権セット 全５頭,DLC,,1711584000,0,0,0
"KOEI TECMO GAMES CO., LTD.",2770680,WP10 2024 クラシック３冠の激闘 購入権セット 全６頭,DLC,,1711584000,0,0,0
"KOEI TECMO GAMES CO., LTD.",2770670,WP10 2024 華麗なる一族の祖と八大競走の覇者たち 購入権セット 全６頭,DLC,,1711584000,0,0,0
"KOEI TECMO GAMES CO., LTD.",2770660,WP10 2024 初代アイドルホース・ハイセイコーの時代 購入権セット 全４頭,DLC,,1711584000,0,0,0
"KOEI TECMO GAMES CO., LTD.",2770650,WP10 2024 米国・欧州牧場 最速開設セット,DLC,,1711584000,0,0,0
"KOEI TECMO GAMES CO., LTD.",2770620,WP10 2024 牧場 工事期間５０％短縮,DLC,,1711584000,0,0,0
"KOEI TECMO GAMES CO., LTD.",2770610,WP10 2024 放牧場・育成場面積＋２,DLC,,1711584000,0,0,0
"KOEI TECMO GAMES CO., LTD.",2770600,WP10 2024 放牧場面積＋５,DLC,,1711584000,0,0,0
"KOEI TECMO GAMES CO., LTD.",2770590,WP10 2024 種牡馬・所有可能数＋５,DLC,,1711584000,0,0,0
"KOEI TECMO GAMES CO., LTD.",2770580,WP10 2024 繁殖牝馬・所有可能数＋５,DLC,,1711584000,0,0,0
"KOEI TECMO GAMES CO., LTD.",2770570,WP10 2024 競走馬・所有可能数＋５,DLC,,1711584000,0,0,0
"KOEI TECMO GAMES CO., LTD.",2770560,WP10 2024 新秘書・吹里谷芽愛衣装（コスプレセット２）,DLC,,1711584000,0,0,0
"KOEI TECMO GAMES CO., LTD.",2770550,WP10 2024 新秘書・吹里谷芽愛衣装（コスプレセット１）,DLC,,1711584000,0,0,0
"KOEI TECMO GAMES CO., LTD.",2770540,WP10 2024 秘書衣装（コスプレセット２）,DLC,,1711584000,0,0,0
"KOEI TECMO GAMES CO., LTD.",2743610,Winning Post 10 2024 体験版,Demo,,1710374400,0,2,840
"KOEI TECMO GAMES CO., LTD.",2659950,Fate/Samurai Remnant DEMO,Demo,,1705363200,0,1,97
"KOEI TECMO GAMES CO., LTD.",2612440,"ROMANCE OF THE THREE KINGDOMS 8 REMAKE Scenario ""Valor Triumphs""",DLC,,0,0,0,0
"KOEI TECMO GAMES CO., LTD.",2570770,"""NOBUNAGA'S AMBITION: Awakening"" Collaboration officer graphics from ""Tairan Sekigahara"" (Set of 10)",DLC,,0,0,0,0
"KOEI TECMO GAMES CO., LTD.",2570760,"""NOBUNAGA'S AMBITION: Awakening"" Collaboration officer graphics from ""Afumi no Umi: The Wavering Water"" (Set of 7)",DLC,,0,0,0,0
"KOEI TECMO GAMES CO., LTD.",2570750,"New Officer Data for ""NOBUNAGA'S AMBITION: Awakening"" Collaborating NIJISANJI's VTuber ""Ibrahim""",DLC,,0,0,0,0
"KOEI TECMO GAMES CO., LTD.",2316062,WP10 世界のグロリアスホース 購入権フルセット 全１１頭,DLC,,1680134400,0,0,0
"KOEI TECMO GAMES CO., LTD.",2316061,WP10 世界のミラクルホース 購入権フルセット 全１２頭,DLC,,1680134400,0,0,0
"KOEI TECMO GAMES CO., LTD.",2316060,WP10 世界のレジェンドホース 購入権フルセット 全１０頭,DLC,,1680134400,0,0,0
"KOEI TECMO GAMES CO., LTD.",2316059,WP10 誇り高き優駿たち 購入権フルセット 全１９頭,DLC,,1680134400,0,0,0
"KOEI TECMO GAMES CO., LTD.",2316058,WP10 血脈継ぎし優駿たち 購入権フルセット 全１９頭,DLC,,1680134400,0,0,0
"KOEI TECMO GAMES CO., LTD.",2316057,WP10 記憶に残る優駿たち 購入権フルセット 全２２頭,DLC,,1680134400,0,0,0
"KOEI TECMO GAMES CO., LTD.",2316056,WP10 激闘繰り広げし優駿たち 購入権フルセット 全２５頭,DLC,,1680134400,0,0,0
"KOEI TECMO GAMES CO., LTD.",2316055,WP10 １９７３年スタート スターホース購入権フルセット 全１０頭,DLC,,1680134400,0,0,0
"KOEI TECMO GAMES CO., LTD.",2316050,WP10 世界 新時代の王者たち 購入権セット 全３頭,DLC,,1680134400,0,0,0
"KOEI TECMO GAMES CO., LTD.",2316049,WP10 世界 絶対王者たち 購入権セット 全４頭,DLC,,1680134400,0,0,0
"KOEI TECMO GAMES CO., LTD.",2316048,WP10 世界 栄えある王者たち 購入権セット 全４頭,DLC,,1680134400,0,0,0
"KOEI TECMO GAMES CO., LTD.",2316047,WP10 世界 はかなき王者たち 購入権セット 全３頭,DLC,,1680134400,0,0,0
"KOEI TECMO GAMES CO., LTD.",2316046,WP10 世界 奇跡の王者たち 購入権セット 全４頭,DLC,,1680134400,0,0,0
"KOEI TECMO GAMES CO., LTD.",2316045,WP10 世界 永遠の王者たち 購入権セット 全５頭,DLC,,1680134400,0,0,0
"KOEI TECMO GAMES CO., LTD.",2316044,WP10 世界 偉大なる王者たち 購入権セット 全５頭,DLC,,1680134400,0,0,0
"KOEI TECMO GAMES CO., LTD.",2316043,WP10 世界 伝説の王者たち 購入権セット 全５頭,DLC,,1680134400,0,0,0
"KOEI TECMO GAMES CO., LTD.",2315899,WP10 オリジナルスーパーホース 購入権セット 全６頭,DLC,,1680134400,0,0,0
"KOEI TECMO GAMES CO., LTD.",2315898,WP10 銀冠から掴んだ頂点の誇り 購入権セット 全５頭,DLC,,1680134400,0,0,0
"KOEI TECMO GAMES CO., LTD.",2315897,WP10 女帝たる誇り 購入権セット 全５頭,DLC,,1680134400,0,0,0
"KOEI TECMO GAMES CO., LTD.",2315896,WP10 牝馬３冠の誇り 購入権セット 全４頭,DLC,,1680134400,0,0,0
"KOEI TECMO GAMES CO., LTD.",2315895,WP10 他を圧倒する王者の誇り 購入権セット 全５頭,DLC,,1680134400,0,0,0
"KOEI TECMO GAMES CO., LTD.",2315894,WP10 黄金の血脈  購入権セット 全５頭,DLC,,1680134400,0,0,0
"KOEI TECMO GAMES CO., LTD.",2315893,WP10 衝撃の血脈 購入権セット 全４頭,DLC,,1680134400,0,0,0
"KOEI TECMO GAMES CO., LTD.",2315892,WP10 大王の血脈 購入権セット 全５頭,DLC,,1680134400,0,0,0
"KOEI TECMO GAMES CO., LTD.",2315891,WP10 名家の血脈 購入権セット 全５頭,DLC,,1680134400,0,0,0
"KOEI TECMO GAMES CO., LTD.",2315890,WP10 記憶に残る最強ダート馬 購入権セット 全５頭,DLC,,1680134400,0,0,0
"KOEI TECMO GAMES CO., LTD.",2315889,WP10 記憶に残る最強マイラー 購入権セット 全４頭,DLC,,1680134400,0,0,0
"KOEI TECMO GAMES CO., LTD.",2315888,WP10 記憶に残る最強スプリンター 購入権セット 全４頭,DLC,,1680134400,0,0,0
"KOEI TECMO GAMES CO., LTD.",2315887,WP10 記憶に残る最強追い込み馬 購入権セット 全４頭,DLC,,1680134400,0,0,0
"KOEI TECMO GAMES CO., LTD.",2315886,WP10 記憶に残る最強逃げ馬 購入権セット 全５頭,DLC,,1680134400,0,0,0
"KOEI TECMO GAMES CO., LTD.",2315885,WP10 98世代の激闘 購入権セット 全４頭,DLC,,1680134400,0,0,0
"KOEI TECMO GAMES CO., LTD.",2315884,WP10 シャドーロールの激闘　購入権セット 全４頭,DLC,,1680134400,0,0,0
"KOEI TECMO GAMES CO., LTD.",2315883,WP10 帝王とお祭り男の激闘 購入権セット 全６頭,DLC,,1680134400,0,0,0
"KOEI TECMO GAMES CO., LTD.",2315882,WP10 芦毛の怪物の激闘 購入権セット 全５頭,DLC,,1680134400,0,0,0
"KOEI TECMO GAMES CO., LTD.",2315881,WP10 クラシック３冠の激闘 購入権セット 全６頭,DLC,,1680134400,0,0,0
"KOEI TECMO GAMES CO., LTD.",2315880,WP10 華麗なる一族の祖と八大競走の覇者たち 購入権セット 全６頭,DLC,,1680134400,0,0,0
"KOEI TECMO GAMES CO., LTD.",2315879,WP10 初代アイドルホース・ハイセイコーの時代 購入権セット 全４頭,DLC,,1680134400,0,0,0
"KOEI TECMO GAMES CO., LTD.",2315878,WP10 米国・欧州牧場 最速開設セット,DLC,,1680134400,0,0,0
"KOEI TECMO GAMES CO., LTD.",2315877,WP10 毛色名鑑セット（５種）,DLC,,1680134400,0,0,0
"KOEI TECMO GAMES CO., LTD.",2315876,WP10 牧場 工事期間５０％短縮,DLC,,1680134400,0,0,0
"KOEI TECMO GAMES CO., LTD.",2315875,WP10 放牧場・育成場面積＋２,DLC,,1680134400,0,0,0
"KOEI TECMO GAMES CO., LTD.",2315874,WP10 放牧場面積＋５,DLC,,1680134400,0,0,0
"KOEI TECMO GAMES CO., LTD.",2315873,WP10 種牡馬・所有可能数＋５,DLC,,1680134400,0,0,0
"KOEI TECMO GAMES CO., LTD.",2315872,WP10 繁殖牝馬・所有可能数＋５,DLC,,1680134400,0,0,0
"KOEI TECMO GAMES CO., LTD.",2315871,WP10 競走馬・所有可能数＋５,DLC,,1680134400,0,0,0
"KOEI TECMO GAMES CO., LTD.",2315870,WP10 秘書衣装（コスプレセット）,DLC,,1680134400,0,0,0
"KOEI TECMO GAMES CO., LTD.",2313101,"""NOBUNAGA'S AMBITION: Awakening"" Scenario ""Battle of Tetorigawa""",DLC,,0,0,0,0
"KOEI TECMO GAMES CO., LTD.",2285240,Wo Long: Fallen Dynasty Complete Edition Demo,Demo,,1677196800,0,0,57500
"KOEI TECMO GAMES CO., LTD.",2271770,Winning Post 10 体験版,Demo,,1678924800,0,0,1018
"KOEI TECMO GAMES CO., LTD.",2257213,"FATAL FRAME / PROJECT ZERO: Mask of the Lunar Eclipse Ruka Exclusive Costume ""Marie Rose Outfit""",DLC,,0,0,0,0
"KOEI TECMO GAMES CO., LTD.",2208510,Uncharted Waters Origin Demo,Demo,,0,0,0,1317
"KOEI TECMO GAMES CO., LTD.",2205890,Wo Long: Fallen Dynasty Baihu Armor,DLC,,0,0,0,0
"KOEI TECMO GAMES CO., LTD.",2156235,"Atelier Ryza 3 - ""Summer Look"" Costume Set",DLC,,0,0,0,0
"KOEI TECMO GAMES CO., LTD.",2011890,NOBUNAGA'S AMBITION: Shinsei SENGOKU GONBE Officer CG Set (10 items),DLC,,0,0,0,0
"KOEI TECMO GAMES CO., LTD.",1996970,NOBUNAGA'S AMBITION: Shinsei Kiyoshi Hikawa Officer Data,DLC,,0,0,0,0
"KOEI TECMO GAMES CO., LTD.",1945212,Touken Ranbu Warriors - Uchiban Outfit 16-piece Set,DLC,,1653350400,0,0,0
"KOEI TECMO GAMES CO., LTD.",1945211,Touken Ranbu Warriors - Additional Music 5-piece Set,DLC,,1653350400,0,0,0
"KOEI TECMO GAMES CO., LTD.",1945210,Touken Ranbu Warriors - Honmaru Backdrop 5-piece Set,DLC,,1653350400,0,0,0
"KOEI TECMO GAMES CO., LTD.",1912160,Taiko Risshiden V DX - Cat Officer Mode,DLC,,0,0,0,0
"KOEI TECMO GAMES CO., LTD.",1912120,"Touken Ranbu Warriors - Uchiban Outfit ""Omokage""",DLC,,1653350400,0,0,0
"KOEI TECMO GAMES CO., LTD.",1912111,"Touken Ranbu Warriors - Uchiban Outfit ""Yamanbagiri Chougi""",DLC,,1653350400,0,0,0
"KOEI TECMO GAMES CO., LTD.",1912110,"Touken Ranbu Warriors - Uchiban Outfit ""Yamanbagiri Kunihiro""",DLC,,1653350400,0,0,0
"KOEI TECMO GAMES CO., LTD.",1912102,"Touken Ranbu Warriors - Uchiban Outfit ""Okurikara""",DLC,,1653350400,0,0,0
"KOEI TECMO GAMES CO., LTD.",1912100,"Touken Ranbu Warriors - Uchiban Outfit ""Tsurumaru Kuninaga""",DLC,,1653350400,0,0,0
"KOEI TECMO GAMES CO., LTD.",1912092,"Touken Ranbu Warriors - Uchiban Outfit ""Tomoegata Naginata""",DLC,,1653350400,0,0,0
"KOEI TECMO GAMES CO., LTD.",1912091,"Touken Ranbu Warriors - Uchiban Outfit ""Yagen Toushiro""",DLC,,1653350400,0,0,0
"KOEI TECMO GAMES CO., LTD.",1912090,"Touken Ranbu Warriors - Uchiban Outfit ""Heshikiri Hasebe""",DLC,,1653350400,0,0,0
"KOEI TECMO GAMES CO., LTD.",1912083,"Touken Ranbu Warriors - Uchiban Outfit ""Hyuga Masamune""",DLC,,1653350400,0,0,0
"KOEI TECMO GAMES CO., LTD.",1912082,"Touken Ranbu Warriors - Uchiban Outfit ""Namazuo Toushiro""",DLC,,1653350400,0,0,0
"KOEI TECMO GAMES CO., LTD.",1912081,"Touken Ranbu Warriors - Uchiban Outfit ""Ichigo Hitofuri""",DLC,,1653350400,0,0,0
"KOEI TECMO GAMES CO., LTD.",1912080,"Touken Ranbu Warriors - Uchiban Outfit ""Kasen Kanesada""",DLC,,1653350400,0,0,0
"KOEI TECMO GAMES CO., LTD.",1912072,"Touken Ranbu Warriors - Uchiban Outfit ""Tonbokiri""",DLC,,1653350400,0,0,0
"KOEI TECMO GAMES CO., LTD.",1912070,"Touken Ranbu Warriors - Uchiban Outfit ""Mikazuki Munechika""",DLC,,1653350400,0,0,0
"KOEI TECMO GAMES CO., LTD.",1912054,"Touken Ranbu Warriors - Additional Music ""Uchiban - Touken Ranbu Warriors""",DLC,,1653350400,0,0,0
"KOEI TECMO GAMES CO., LTD.",1912053,"Touken Ranbu Warriors - Additional Music ""Honmaru - Touken Ranbu Warriors""",DLC,,1653350400,0,0,0
"KOEI TECMO GAMES CO., LTD.",1912052,"Touken Ranbu Warriors - Additional Music ""Osaka Winter Campaign - Touken Ranbu Warriors""",DLC,,1653350400,0,0,0
"KOEI TECMO GAMES CO., LTD.",1912051,"Touken Ranbu Warriors - Additional Music ""Memories of Aonohara - Touken Ranbu Warriors""",DLC,,1653350400,0,0,0
"KOEI TECMO GAMES CO., LTD.",1912050,"Touken Ranbu Warriors - Additional Music ""Battle - Touken Ranbu Warriors""",DLC,,1653350400,0,0,0
"KOEI TECMO GAMES CO., LTD.",1912043,"Touken Ranbu Warriors - Honmaru Backdrop ""Snow Viewing""",DLC,,1653350400,0,0,0
"KOEI TECMO GAMES CO., LTD.",1912042,"Touken Ranbu Warriors - Honmaru Backdrop ""Autumn Leaves""",DLC,,1653350400,0,0,0
"KOEI TECMO GAMES CO., LTD.",1912041,"Touken Ranbu Warriors - Honmaru Backdrop ""Rainy Season""",DLC,,1653350400,0,0,0
"KOEI TECMO GAMES CO., LTD.",1912040,"Touken Ranbu Warriors - Honmaru Backdrop ""Sakura Viewing - Nighttime""",DLC,,1653350400,0,0,0
"KOEI TECMO GAMES CO., LTD.",1912030,"Touken Ranbu Warriors - Honmaru Backdrop ""Sakura Viewing""",DLC,,1653350400,0,0,0
"KOEI TECMO GAMES CO., LTD.",1912000,Touken Ranbu Warriors Demo,Demo,,1652745600,0,0,129
"KOEI TECMO GAMES CO., LTD.",1873366,WP9 2022 世界のチャンピオンホース 購入権フルセット 全１７頭,DLC,,1649894400,0,0,0
"KOEI TECMO GAMES CO., LTD.",1873365,WP9 2022 ２００５年＆２０１２年スタート スターホース購入権フルセット 全１５頭,DLC,,1649894400,0,0,0
"KOEI TECMO GAMES CO., LTD.",1873364,WP9 2022 １９９８年スタート スターホース購入権フルセット 全１３頭,DLC,,1649894400,0,0,0
"KOEI TECMO GAMES CO., LTD.",1873363,WP9 2022 １９９１年スタート スターホース購入権フルセット 全１３頭,DLC,,1649894400,0,0,0
"KOEI TECMO GAMES CO., LTD.",1873362,WP9 2022 １９８４年スタート スターホース購入権フルセット 全１１頭,DLC,,1649894400,0,0,0
"KOEI TECMO GAMES CO., LTD.",1873361,WP9 2022 １９７６年スタート スターホース購入権フルセット 全９頭,DLC,,1649894400,0,0,0
"KOEI TECMO GAMES CO., LTD.",1873360,WP9 2022 名馬購入権フルセット 全１８頭,DLC,,1649894400,0,0,0
"KOEI TECMO GAMES CO., LTD.",1873359,WP9 2022 馬所有可能数＆牧場面積拡張＆工事期間短縮DLCフルセット,DLC,,1649894400,0,0,0
"KOEI TECMO GAMES CO., LTD.",1873358,WP9 2022 世界 絶対王者たち 購入権セット 全３頭,DLC,,1649894400,0,0,0
"KOEI TECMO GAMES CO., LTD.",1873357,WP9 2022 世界 誇り高き王者たち 購入権セット 全３頭,DLC,,1649894400,0,0,0
"KOEI TECMO GAMES CO., LTD.",1873356,WP9 2022 世界 はかなき王者たち 購入権セット 全３頭,DLC,,1649894400,0,0,0
"KOEI TECMO GAMES CO., LTD.",1873355,WP9 2022 世界 奇跡の王者たち 購入権セット 全３頭,DLC,,1649894400,0,0,0
"KOEI TECMO GAMES CO., LTD.",1873354,WP9 2022 世界 永遠の王者たち 購入権セット 全５頭,DLC,,1649894400,0,0,0
"KOEI TECMO GAMES CO., LTD.",1873353,WP9 2022 オリジナルスーパーホース 購入権セット 全４頭,DLC,,1649894400,0,0,0
"KOEI TECMO GAMES CO., LTD.",1873352,WP9 2022 令和 無敗の３冠馬 購入権セット 全２頭,DLC,,1649894400,0,0,0
"KOEI TECMO GAMES CO., LTD.",1873351,WP9 2022 世界へ羽ばたく名牝 購入権セット 全３頭,DLC,,1649894400,0,0,0
"KOEI TECMO GAMES CO., LTD.",1873350,WP9 2022 次代へ続くライバル関係 購入権セット 全２頭,DLC,,1649894400,0,0,0
"KOEI TECMO GAMES CO., LTD.",1873349,WP9 2022 砂の王者たち 購入権セット 全４頭,DLC,,1649894400,0,0,0
"KOEI TECMO GAMES CO., LTD.",1873348,WP9 2022 金色に輝く意志 購入権セット 全４頭,DLC,,1649894400,0,0,0
"KOEI TECMO GAMES CO., LTD.",1873347,WP9 2022 一閃、一蹴、一掃 購入権セット 全３頭,DLC,,1649894400,0,0,0
"KOEI TECMO GAMES CO., LTD.",1873346,WP9 2022 名馬にして名種牡馬 購入権セット 全３頭,DLC,,1649894400,0,0,0
"KOEI TECMO GAMES CO., LTD.",1873345,WP9 2022 二刀流ここにあり 購入権セット 全３頭,DLC,,1649894400,0,0,0
"KOEI TECMO GAMES CO., LTD.",1873344,WP9 2022 花の９５年組 購入権セット 全４頭,DLC,,1649894400,0,0,0
"KOEI TECMO GAMES CO., LTD.",1873343,WP9 2022 盾をめぐる激戦 購入権セット 全３頭,DLC,,1649894400,0,0,0
"KOEI TECMO GAMES CO., LTD.",1873342,WP9 2022 静寂の到来 購入権セット 全３頭,DLC,,1649894400,0,0,0
"KOEI TECMO GAMES CO., LTD.",1873341,WP9 2022 平成新三強 購入権セット 全３頭,DLC,,1649894400,0,0,0
"KOEI TECMO GAMES CO., LTD.",1873340,WP9 2022 坂路の申し子と黒い刺客 購入権セット 全２頭,DLC,,1649894400,0,0,0
"KOEI TECMO GAMES CO., LTD.",1873339,WP9 2022 帝王と爆進王 購入権セット 全２頭,DLC,,1649894400,0,0,0
"KOEI TECMO GAMES CO., LTD.",1873338,WP9 2022 メジロの力 購入権セット 全２頭,DLC,,1649894400,0,0,0
"KOEI TECMO GAMES CO., LTD.",1873337,WP9 2022 芦毛対決と若き天才のパートナー 購入権セット 全３頭,DLC,,1649894400,0,0,0
"KOEI TECMO GAMES CO., LTD.",1873336,WP9 2022 昭和の快速馬たち 購入権セット 全４頭,DLC,,1649894400,0,0,0
"KOEI TECMO GAMES CO., LTD.",1873335,WP9 2022 ミスターシービーと皇帝ルドルフ 購入権セット 全２頭,DLC,,1649894400,0,0,0
"KOEI TECMO GAMES CO., LTD.",1873334,WP9 2022 狂気の逃げ馬と快速少女 購入権セット 全２頭,DLC,,1649894400,0,0,0
"KOEI TECMO GAMES CO., LTD.",1873333,WP9 2022 スーパーカーと70年代個性派ホースたち 購入権セット 全４頭,DLC,,1649894400,0,0,0
"KOEI TECMO GAMES CO., LTD.",1873331,WP9 2022 究極の大器 購入権セット 全３頭,DLC,,1649894400,0,0,0
"KOEI TECMO GAMES CO., LTD.",1873330,WP9 2022 歴史的名牝 購入権セット 全６頭,DLC,,1649894400,0,0,0
"KOEI TECMO GAMES CO., LTD.",1873329,WP9 2022 最強古馬 購入権セット 全２頭,DLC,,1649894400,0,0,0
"KOEI TECMO GAMES CO., LTD.",1873328,WP9 2022 世界への飛翔 購入権セット 全４頭,DLC,,1649894400,0,0,0
"KOEI TECMO GAMES CO., LTD.",1873327,WP9 2022 牡馬３冠馬 購入権セット 全３頭,DLC,,1649894400,0,0,0
"KOEI TECMO GAMES CO., LTD.",1873325,WP9 2022 絆コマンド・毎月回数＋１,DLC,,1649894400,0,0,0
"KOEI TECMO GAMES CO., LTD.",1873324,WP9 2022 毛色名鑑セット（５種）,DLC,,1649894400,0,0,0
"KOEI TECMO GAMES CO., LTD.",1873323,WP9 2022 牧場 工事期間５０％短縮,DLC,,1649894400,0,0,0
"KOEI TECMO GAMES CO., LTD.",1873322,WP9 2022 放牧場・育成場面積＋２,DLC,,1649894400,0,0,0
"KOEI TECMO GAMES CO., LTD.",1873321,WP9 2022 放牧場面積＋４,DLC,,1649894400,0,0,0
"KOEI TECMO GAMES CO., LTD.",1873320,WP9 2022 種牡馬・所有頭数＋５,DLC,,1649894400,0,0,0
"KOEI TECMO GAMES CO., LTD.",1873319,WP9 2022 繁殖牝馬・所有頭数＋５,DLC,,1649894400,0,0,0
"KOEI TECMO GAMES CO., LTD.",1873318,WP9 2022 競走馬・所有頭数＋５,DLC,,1649894400,0,0,0
"KOEI TECMO GAMES CO., LTD.",1873317,WP9 2022 新秘書・吹里谷芽愛衣装（コスプレセット５）,DLC,,1649894400,0,0,0
"KOEI TECMO GAMES CO., LTD.",1873316,WP9 2022 新秘書・吹里谷芽愛衣装（コスプレセット４）,DLC,,1649894400,0,0,0
"KOEI TECMO GAMES CO., LTD.",1873315,WP9 2022 新秘書・吹里谷芽愛衣装（コスプレセット３）,DLC,,1649894400,0,0,0
"KOEI TECMO GAMES CO., LTD.",1873314,WP9 2022 新秘書・吹里谷芽愛衣装（コスプレセット２）,DLC,,1649894400,0,0,0
"KOEI TECMO GAMES CO., LTD.",1873313,WP9 2022 新秘書・吹里谷芽愛衣装（コスプレセット１）,DLC,,1649894400,0,0,0
"KOEI TECMO GAMES CO., LTD.",1873312,WP9 2022 秘書衣装（コスプレセット５）,DLC,,1649894400,0,0,0
"KOEI TECMO GAMES CO., LTD.",1873311,WP9 2022 麗しき名馬たち 購入権セット 全４頭,DLC,,1649894400,0,0,0
"KOEI TECMO GAMES CO., LTD.",1832610,Winning Post 9 2022 体験版,Demo,,1648684800,0,0,738
"KOEI TECMO GAMES CO., LTD.",1744811,BLUE REFLECTION: Second Light - Summer Bikini - Costume for Ao,DLC,,0,0,0,0
"KOEI TECMO GAMES CO., LTD.",1689052,"NOBUNAGA'S AMBITION: Shinsei scenario,""Tensho Monkey Show""",DLC,,0,0,0,0
"KOEI TECMO GAMES CO., LTD.",1689051,"NOBUNAGA'S AMBITION: Shinsei scenario,""Battle of Nagashino-Shitaragahara""",DLC,,0,0,0,0
"KOEI TECMO GAMES CO., LTD.",1689050,Kou Shibusawa's 40th Anniversary Commemorative Officer Data Set for NOBUNAGA'S AMBITION: Shinsei,DLC,,0,0,0,0
"KOEI TECMO GAMES CO., LTD.",1684141,DYNASTY WARRIORS 9 Empires - Male Custom Zhao Yun Set,DLC,,0,0,0,0
"KOEI TECMO GAMES CO., LTD.",1681100,Kou Shibusawa's Secret Strategy Hints & Officer Art Book and Soundtrack for NOBUNAGA'S AMBITION: Shinsei,DLC,,0,0,0,0
"KOEI TECMO GAMES CO., LTD.",1634693,"SAMURAI WARRIORS 5 - ""SAMURAI WARRIORS"" Costume - Mitsuhide Akechi",DLC,,0,0,0,0
"KOEI TECMO GAMES CO., LTD.",1634692,"SAMURAI WARRIORS 5 - ""SAMURAI WARRIORS"" Costume - Nobunaga Oda",DLC,,0,0,0,0
"KOEI TECMO GAMES CO., LTD.",1592330,SAMURAI WARRIORS 5 Trial version,Demo,,1626739200,0,0,382
"KOEI TECMO GAMES CO., LTD.",1501284,WP9 2021 オリジナルスーパーホース 購入権セット 全４頭,DLC,,1618444800,0,0,0
"KOEI TECMO GAMES CO., LTD.",1501283,WP9 2021 令和 無敗の３冠馬 購入権セット 全２頭,DLC,,1618444800,0,0,0
"KOEI TECMO GAMES CO., LTD.",1501282,WP9 2021 世界へ羽ばたく名牝 購入権セット 全３頭,DLC,,1618444800,0,0,0
"KOEI TECMO GAMES CO., LTD.",1501281,WP9 2021 次代へ続くライバル関係 購入権セット 全２頭,DLC,,1618444800,0,0,0
"KOEI TECMO GAMES CO., LTD.",1501280,WP9 2021 砂の王者たち 購入権セット 全４頭,DLC,,1618444800,0,0,0
"KOEI TECMO GAMES CO., LTD.",1501279,WP9 2021 黄金の旅路の先へ 購入権セット 全３頭,DLC,,1618358400,0,0,0
"KOEI TECMO GAMES CO., LTD.",1501278,WP9 2021 ２００５年スタート スターホース購入権フルセット  全１４頭,DLC,,1618358400,0,0,0
"KOEI TECMO GAMES CO., LTD.",1501277,WP9 2021 一閃、一蹴、一掃 購入権セット 全３頭,DLC,,1618444800,0,0,0
"KOEI TECMO GAMES CO., LTD.",1501276,WP9 2021 名馬にして名種牡馬 購入権セット 全３頭,DLC,,1618444800,0,0,0
"KOEI TECMO GAMES CO., LTD.",1501275,WP9 2021 二刀流ここにあり 購入権セット 全３頭,DLC,,1618444800,0,0,0
"KOEI TECMO GAMES CO., LTD.",1501274,WP9 2021 花の９５年組 購入権セット 全４頭,DLC,,1618444800,0,0,0
"KOEI TECMO GAMES CO., LTD.",1501273,WP9 2021 １９９８年スタート スターホース購入権フルセット  全１３頭,DLC,,1618358400,0,0,0
"KOEI TECMO GAMES CO., LTD.",1501272,WP9 2021 盾をめぐる激戦 購入権セット 全３頭,DLC,,1618444800,0,0,0
"KOEI TECMO GAMES CO., LTD.",1501271,WP9 2021 静寂の到来 購入権セット 全３頭,DLC,,1618444800,0,0,0
"KOEI TECMO GAMES CO., LTD.",1501270,WP9 2021 平成新三強 購入権セット 全３頭,DLC,,1618444800,0,0,0
"KOEI TECMO GAMES CO., LTD.",1501269,WP9 2021 坂路の申し子と黒い刺客 購入権セット 全２頭,DLC,,1618444800,0,0,0
"KOEI TECMO GAMES CO., LTD.",1501268,WP9 2021 帝王と爆進王 購入権セット 全２頭,DLC,,1618444800,0,0,0
"KOEI TECMO GAMES CO., LTD.",1501267,WP9 2021 １９９１年スタート スターホース購入権フルセット  全１３頭,DLC,,1618444800,0,0,0
"KOEI TECMO GAMES CO., LTD.",1501266,WP9 2021 メジロの力 購入権セット 全２頭,DLC,,1618444800,0,0,0
"KOEI TECMO GAMES CO., LTD.",1501265,WP9 2021 芦毛対決と若き天才のパートナー 購入権セット 全３頭,DLC,,1618444800,0,0,0
"KOEI TECMO GAMES CO., LTD.",1501262,WP9 2021 １９８４年スタート スターホース購入権フルセット 全１１頭,DLC,,1618444800,0,0,0
"KOEI TECMO GAMES CO., LTD.",1501261,WP9 2021 究極の大器 購入権セット 全３頭,DLC,,1618444800,0,0,0
"KOEI TECMO GAMES CO., LTD.",1501260,WP9 2021 歴史的名牝 購入権セット 全６頭,DLC,,1618444800,0,0,0
"KOEI TECMO GAMES CO., LTD.",1501259,WP9 2021 最強古馬 購入権セット 全２頭,DLC,,1618444800,0,0,0
"KOEI TECMO GAMES CO., LTD.",1501258,WP9 2021 世界への飛翔 購入権セット 全４頭,DLC,,1618444800,0,0,0
"KOEI TECMO GAMES CO., LTD.",1501257,WP9 2021 牡馬３冠馬 購入権セット 全３頭,DLC,,1618444800,0,0,0
"KOEI TECMO GAMES CO., LTD.",1501256,WP9 2021 名馬購入権フルセット 全１８頭,DLC,,1618444800,0,0,0
"KOEI TECMO GAMES CO., LTD.",1501253,WP9 2021 牧場 工事期間５０％短縮,DLC,,1618444800,0,0,0
"KOEI TECMO GAMES CO., LTD.",1501252,WP9 2021 放牧場・育成場面積＋２,DLC,,1618444800,0,0,0
"KOEI TECMO GAMES CO., LTD.",1501251,WP9 2021 放牧場面積＋３,DLC,,1618444800,0,0,0
"KOEI TECMO GAMES CO., LTD.",1501250,WP9 2021 種牡馬・所有頭数＋５,DLC,,1618444800,0,0,0
"KOEI TECMO GAMES CO., LTD.",1501249,WP9 2021 繁殖牝馬・所有頭数＋５,DLC,,1618444800,0,0,0
"KOEI TECMO GAMES CO., LTD.",1501248,WP9 2021 競走馬・所有頭数＋５,DLC,,1618444800,0,0,0
"KOEI TECMO GAMES CO., LTD.",1501247,WP9 2021 馬所有可能数＆牧場面積拡張DLCフルセット,DLC,,1618444800,0,0,0
"KOEI TECMO GAMES CO., LTD.",1501246,WP9 2021 新秘書・竜胆しおり衣装（コスプレセット４）,DLC,,1623283200,0,0,0
"KOEI TECMO GAMES CO., LTD.",1501245,WP9 2021 新秘書・竜胆しおり衣装（コスプレセット３）,DLC,,1620864000,0,0,0
"KOEI TECMO GAMES CO., LTD.",1501244,WP9 2021 新秘書・竜胆しおり衣装（コスプレセット２）,DLC,,1618444800,0,0,0
"KOEI TECMO GAMES CO., LTD.",1501243,WP9 2021 新秘書・竜胆しおり衣装（コスプレセット１）,DLC,,1618444800,0,0,0
"KOEI TECMO GAMES CO., LTD.",1501242,WP9 2021 秘書衣装（コスプレセット４）,DLC,,1618444800,0,0,0
"KOEI TECMO GAMES CO., LTD.",1501241,WP9 2021 歴代個性派逃げ馬 購入権セット 全５頭,DLC,,1618444800,0,0,0
"KOEI TECMO GAMES CO., LTD.",1441720,"Atelier Ryza 2: Lent's Swimsuit ""Beach Flag King""",DLC,,1617062400,0,0,0
"KOEI TECMO GAMES CO., LTD.",1441710,"Atelier Ryza 2: ""Nostalgic Straw Hat"" Accessory for Ryza",DLC,,1611619200,0,0,0
"KOEI TECMO GAMES CO., LTD.",1431480,RTK14 EP: Scenario [The Fall of Shu Han],DLC,,0,0,0,0
"KOEI TECMO GAMES CO., LTD.",1362178,"FAIRY TAIL: Rogue's Costume ""Dress-Up""",DLC,,1596672000,0,0,0
"KOEI TECMO GAMES CO., LTD.",1362177,"FAIRY TAIL: Sting's Costume ""Dress-Up""",DLC,,1596672000,0,0,0
"KOEI TECMO GAMES CO., LTD.",1362176,"FAIRY TAIL: Ichiya's Costume ""Dress-Up""",DLC,,1596672000,0,0,0
"KOEI TECMO GAMES CO., LTD.",1362175,"FAIRY TAIL: Kagura's Costume ""Dress-Up""",DLC,,1596672000,0,0,0
"KOEI TECMO GAMES CO., LTD.",1362174,"FAIRY TAIL: Sherria's Costume ""Dress-Up""",DLC,,1596672000,0,0,0
"KOEI TECMO GAMES CO., LTD.",1362173,"FAIRY TAIL: Gildarts's Costume ""Dress-Up""",DLC,,1596672000,0,0,0
"KOEI TECMO GAMES CO., LTD.",1362172,"FAIRY TAIL: Mirajane's Costume ""Dress-Up""",DLC,,1596672000,0,0,0
"KOEI TECMO GAMES CO., LTD.",1362171,"FAIRY TAIL: Juvia's Costume ""Dress-Up""",DLC,,1596672000,0,0,0
"KOEI TECMO GAMES CO., LTD.",1362170,"FAIRY TAIL: Jellal's Costume ""Dress-Up""",DLC,,1596672000,0,0,0
"KOEI TECMO GAMES CO., LTD.",1362169,"FAIRY TAIL: Gajeel's Costume ""Dress-Up""",DLC,,1596672000,0,0,0
"KOEI TECMO GAMES CO., LTD.",1362168,"FAIRY TAIL: Laxus's Costume ""Dress-Up""",DLC,,1596672000,0,0,0
"KOEI TECMO GAMES CO., LTD.",1362167,"FAIRY TAIL: Wendy's Costume ""Dress-Up""",DLC,,1596672000,0,0,0
"KOEI TECMO GAMES CO., LTD.",1362166,"FAIRY TAIL: Gray's Costume ""Dress-Up""",DLC,,1596672000,0,0,0
"KOEI TECMO GAMES CO., LTD.",1362165,"FAIRY TAIL: Erza's Costume ""Dress-Up""",DLC,,1596672000,0,0,0
"KOEI TECMO GAMES CO., LTD.",1362164,"FAIRY TAIL: Lucy's Costume ""Dress-Up""",DLC,,1596672000,0,0,0
"KOEI TECMO GAMES CO., LTD.",1362163,"FAIRY TAIL: Natsu's Costume ""Dress-Up""",DLC,,1596672000,0,0,0
"KOEI TECMO GAMES CO., LTD.",1362161,"FAIRY TAIL: Rogue's Costume ""Anime Final Season""",DLC,,1596672000,0,0,0
"KOEI TECMO GAMES CO., LTD.",1362160,"FAIRY TAIL: Sting's Costume ""Anime Final Season""",DLC,,1596672000,0,0,0
"KOEI TECMO GAMES CO., LTD.",1362159,"FAIRY TAIL: Ichiya's Costume ""Anime Final Season""",DLC,,1596672000,0,0,0
"KOEI TECMO GAMES CO., LTD.",1362158,"FAIRY TAIL: Kagura's Costume ""Anime Final Season""",DLC,,1596672000,0,0,0
"KOEI TECMO GAMES CO., LTD.",1362157,"FAIRY TAIL: Sherria's Costume ""Anime Final Season""",DLC,,1596672000,0,0,0
"KOEI TECMO GAMES CO., LTD.",1362156,"FAIRY TAIL: Gildarts's Costume ""Anime Final Season""",DLC,,1596672000,0,0,0
"KOEI TECMO GAMES CO., LTD.",1362155,"FAIRY TAIL: Mirajane's Costume ""Anime Final Season""",DLC,,1596672000,0,0,0
"KOEI TECMO GAMES CO., LTD.",1362154,"FAIRY TAIL: Juvia's Costume ""Anime Final Season""",DLC,,1596672000,0,0,0
"KOEI TECMO GAMES CO., LTD.",1362153,"FAIRY TAIL: Jellal's Costume ""Anime Final Season""",DLC,,1596672000,0,0,0
"KOEI TECMO GAMES CO., LTD.",1362152,"FAIRY TAIL: Gajeel's Costume ""Anime Final Season""",DLC,,1596672000,0,0,0
"KOEI TECMO GAMES CO., LTD.",1362151,"FAIRY TAIL: Laxus's Costume ""Anime Final Season""",DLC,,1596672000,0,0,0
"KOEI TECMO GAMES CO., LTD.",1362119,"FAIRY TAIL: Gray's Costume ""Anime Final Season""",DLC,,1596672000,0,0,0
"KOEI TECMO GAMES CO., LTD.",1362114,"FAIRY TAIL: Rogue's Costume ""Special Swimsuit""",DLC,,1596672000,0,0,0
"KOEI TECMO GAMES CO., LTD.",1362113,"FAIRY TAIL: Sting's Costume ""Special Swimsuit""",DLC,,1596672000,0,0,0
"KOEI TECMO GAMES CO., LTD.",1362112,"FAIRY TAIL: Ichiya's Costume ""Special Swimsuit""",DLC,,1596672000,0,0,0
"KOEI TECMO GAMES CO., LTD.",1362111,"FAIRY TAIL: Kagura's Costume ""Special Swimsuit""",DLC,,1596672000,0,0,0
"KOEI TECMO GAMES CO., LTD.",1362110,"FAIRY TAIL: Sherria's Costume ""Special Swimsuit""",DLC,,1596672000,0,0,0
"KOEI TECMO GAMES CO., LTD.",1362109,"FAIRY TAIL: Gildarts's Costume ""Special Swimsuit""",DLC,,1596672000,0,0,0
"KOEI TECMO GAMES CO., LTD.",1362108,"FAIRY TAIL: Mirajane's Costume ""Special Swimsuit""",DLC,,1596672000,0,0,0
"KOEI TECMO GAMES CO., LTD.",1362107,"FAIRY TAIL: Juvia's Costume ""Special Swimsuit""",DLC,,1596672000,0,0,0
"KOEI TECMO GAMES CO., LTD.",1362106,"FAIRY TAIL: Jellal's Costume ""Special Swimsuit""",DLC,,1596672000,0,0,0
"KOEI TECMO GAMES CO., LTD.",1362105,"FAIRY TAIL: Gajeel's Costume ""Special Swimsuit""",DLC,,1596672000,0,0,0
"KOEI TECMO GAMES CO., LTD.",1362104,"FAIRY TAIL: Laxus's Costume ""Special Swimsuit""",DLC,,1596672000,0,0,0
"KOEI TECMO GAMES CO., LTD.",1362103,"FAIRY TAIL: Wendy's Costume ""Special Swimsuit""",DLC,,1596672000,0,0,0
"KOEI TECMO GAMES CO., LTD.",1362102,"FAIRY TAIL: Gray's Costume ""Special Swimsuit""",DLC,,1596672000,0,0,0
"KOEI TECMO GAMES CO., LTD.",1362101,"FAIRY TAIL: Erza's Costume ""Special Swimsuit""",DLC,,1596672000,0,0,0
"KOEI TECMO GAMES CO., LTD.",1362100,"FAIRY TAIL: Lucy's Costume ""Special Swimsuit""",DLC,,1596672000,0,0,0
"KOEI TECMO GAMES CO., LTD.",1362080,"FAIRY TAIL: Natsu's Costume ""Special Swimsuit""",DLC,,1596672000,0,0,0
"KOEI TECMO GAMES CO., LTD.",1333173,FAIRY TAIL: Special Erza Costume: Miss Fairy Tail,DLC,,0,0,0,0
"KOEI TECMO GAMES CO., LTD.",1258153,【DO NOT USE】『銀河英雄伝説』コラボ武将データ 第５弾（仮）,DLC,,0,0,0,0
"KOEI TECMO GAMES CO., LTD.",1258152,"RTK14: ""Legend of the Galactic Heroes"" Collab: Galactic Empire vol.2 & FPA vol.2",DLC,,0,0,0,0
"KOEI TECMO GAMES CO., LTD.",1258151,"RTK14: ""Legend of the Galactic Heroes"" Collab: FPA vol.1",DLC,,0,0,0,0
"KOEI TECMO GAMES CO., LTD.",1258150,"RTK14: ""Legend of the Galactic Heroes"" Collab: Empire vol.1",DLC,,0,0,0,0
"KOEI TECMO GAMES CO., LTD.",1250622,DFF NT: 3rd Appearance Special Set for Emperor and Cloud of Darkness,DLC,,1583280000,0,0,0
"KOEI TECMO GAMES CO., LTD.",1250621,DFF NT: Void Ruler Appearance Set & 5th Weapon for Cloud of Darkness,DLC,,1583280000,0,0,0
"KOEI TECMO GAMES CO., LTD.",1250620,DFF NT: Hell's Remnant Appearance Set & 5th Weapon for Emperor,DLC,,1583280000,0,0,0
"KOEI TECMO GAMES CO., LTD.",1246843,"DYNASTY WARRIORS 9: Jiang Wei ""Julian Costume"" / 姜維「ユリアン風コスチューム」",DLC,,0,0,0,0
"KOEI TECMO GAMES CO., LTD.",1246842,"DYNASTY WARRIORS 9: Zhuge Liang ""Yang Costume"" / 諸葛亮「ヤン風コスチューム」",DLC,,0,0,0,0
"KOEI TECMO GAMES CO., LTD.",1246841,"DYNASTY WARRIORS 9: Xiahou Dun ""Kircheis Costume"" / 夏侯惇「キルヒアイス風コスチューム」",DLC,,0,0,0,0
"KOEI TECMO GAMES CO., LTD.",1246840,"DYNASTY WARRIORS 9: Cao Cao ""Reinhard Costume"" / 曹操「ラインハルト風コスチューム」",DLC,,0,0,0,0
"KOEI TECMO GAMES CO., LTD.",1229952,DFF NT: 3rd Appearance Special Set for Kain Highwind and Vaan,DLC,,1580860800,0,0,0
"KOEI TECMO GAMES CO., LTD.",1229951,DFF NT: Sky Pirate Garb Appearance Set & 5th Weapon for Vaan,DLC,,1580860800,0,0,0
"KOEI TECMO GAMES CO., LTD.",1229950,DFF NT: The Wanderer Appearance Set & 5th Weapon for Kain Highwind,DLC,,1580860800,0,0,0
"KOEI TECMO GAMES CO., LTD.",1224896,[Revival] DOA6 High Society Costume - Rachel,DLC,,1586822400,0,0,0
"KOEI TECMO GAMES CO., LTD.",1224894,[Revival] DOA6 High Society Costume - Phase 4,DLC,,1586822400,0,0,0
"KOEI TECMO GAMES CO., LTD.",1224893,[Revival] DOA6 High Society Costume - NiCO,DLC,,1586822400,0,0,0
"KOEI TECMO GAMES CO., LTD.",1224892,[Revival] DOA6 High Society Costume - Honoka,DLC,,1586822400,0,0,0
"KOEI TECMO GAMES CO., LTD.",1224891,[Revival] DOA6 High Society Costume - Nyotengu,DLC,,1586822400,0,0,0
"KOEI TECMO GAMES CO., LTD.",1224877,[Revival] DOA6 High Society Costume - Christie,DLC,,1586822400,0,0,0
"KOEI TECMO GAMES CO., LTD.",1224876,[Revival] DOA6 High Society Costume - La Mariposa,DLC,,1586822400,0,0,0
"KOEI TECMO GAMES CO., LTD.",1224875,[Revival] DOA6 High Society Costume - Ayane,DLC,,1586822400,0,0,0
"KOEI TECMO GAMES CO., LTD.",1224874,[Revival] DOA6 High Society Costume - Leifang,DLC,,1586822400,0,0,0
"KOEI TECMO GAMES CO., LTD.",1224873,[Revival] DOA6 High Society Costume - Kokoro,DLC,,1586822400,0,0,0
"KOEI TECMO GAMES CO., LTD.",1224871,[Revival] DOA6 High Society Costume - Kasumi,DLC,,1586822400,0,0,0
"KOEI TECMO GAMES CO., LTD.",1224870,[Revival] DOA6 High Society Costume - Tina,DLC,,1586822400,0,0,0
"KOEI TECMO GAMES CO., LTD.",1224864,[Revival] DOA6 School Uniform - Phase 4,DLC,,1586822400,0,0,0
"KOEI TECMO GAMES CO., LTD.",1224863,[Revival] DOA6 School Uniform - NiCO,DLC,,1586822400,0,0,0
"KOEI TECMO GAMES CO., LTD.",1224861,[Revival] DOA6 School Uniform - Nyotengu,DLC,,1586822400,0,0,0
"KOEI TECMO GAMES CO., LTD.",1224858,[Revival] DOA6 School Uniform - Hitomi,DLC,,1586822400,0,0,0
"KOEI TECMO GAMES CO., LTD.",1224857,[Revival] DOA6 School Uniform - Christie,DLC,,1586822400,0,0,0
"KOEI TECMO GAMES CO., LTD.",1224855,[Revival] DOA6 School Uniform - Ayane,DLC,,1586822400,0,0,0
"KOEI TECMO GAMES CO., LTD.",1224854,[Revival] DOA6 School Uniform - Leifang,DLC,,1586822400,0,0,0
"KOEI TECMO GAMES CO., LTD.",1224853,[Revival] DOA6 School Uniform - Kokoro,DLC,,1586822400,0,0,0
"KOEI TECMO GAMES CO., LTD.",1224852,[Revival] DOA6 School Uniform - Helena,DLC,,1586822400,0,0,0
"KOEI TECMO GAMES CO., LTD.",1224851,[Revival] DOA6 School Uniform - Kasumi,DLC,,1586822400,0,0,0
"KOEI TECMO GAMES CO., LTD.",1217690,WP9 2020 究極の大器 購入権セット 全３頭,DLC,,1583971200,0,0,0
"KOEI TECMO GAMES CO., LTD.",1217689,WP9 2020 歴史的名牝 購入権セット 全６頭,DLC,,1583971200,0,0,0
"KOEI TECMO GAMES CO., LTD.",1217688,WP9 2020 最強古馬 購入権セット 全２頭,DLC,,1583971200,0,0,0
"KOEI TECMO GAMES CO., LTD.",1217687,WP9 2020 世界への飛翔 購入権セット 全４頭,DLC,,1583971200,0,0,0
"KOEI TECMO GAMES CO., LTD.",1217686,WP9 2020 牡馬三冠馬 購入権セット 全３頭,DLC,,1583971200,0,0,0
"KOEI TECMO GAMES CO., LTD.",1217685,WP9 2020 毛色名鑑セット（５種）,DLC,,1583971200,0,0,0
"KOEI TECMO GAMES CO., LTD.",1217683,WP9 2020 坂路の申し子と黒い刺客 購入権セット 全２頭,DLC,,1583971200,0,0,0
"KOEI TECMO GAMES CO., LTD.",1217682,WP9 2020 メジロの力 購入権セット 全２頭,DLC,,1583971200,0,0,0
"KOEI TECMO GAMES CO., LTD.",1217679,WP9 2020 牧場面積＋３,DLC,,1583971200,0,0,0
"KOEI TECMO GAMES CO., LTD.",1217677,WP9 2020 競走馬 所有可能数＋５,DLC,,1583971200,0,0,0
"KOEI TECMO GAMES CO., LTD.",1217676,WP9 2020 新秘書・姫神ノエル衣装コスプレセット３,DLC,,1588809600,0,0,0
"KOEI TECMO GAMES CO., LTD.",1217675,WP9 2020 新秘書・姫神ノエル衣装コスプレセット２,DLC,,1586390400,0,0,0
"KOEI TECMO GAMES CO., LTD.",1217674,WP9 2020 新秘書・姫神ノエル衣装コスプレセット１,DLC,,1583971200,0,0,0
"KOEI TECMO GAMES CO., LTD.",1217673,WP9 2020 秘書衣装コスプレセット３,DLC,,1583971200,0,0,0
"KOEI TECMO GAMES CO., LTD.",1217672,WP9 2020 名馬購入権フルセット 全１８頭,DLC,,1583971200,0,0,0
"KOEI TECMO GAMES CO., LTD.",1217671,WP9 2020 レジェンドホース購入権フルセット 全4頭,DLC,,1583971200,0,0,0
"KOEI TECMO GAMES CO., LTD.",1213612,"RTK14: ""Legend of the Galactic Heroes"" Collab: Kircheis & Julian",DLC,,0,0,0,0
"KOEI TECMO GAMES CO., LTD.",1213355,DFF NT: 3rd Appearance Special Set for Sephiroth and Rinoa Heartilly,DLC,,1578441600,0,0,0
"KOEI TECMO GAMES CO., LTD.",1213354,DFF NT: Wings of Love Appearance Set & 5th Weapon for Rinoa Heartilly,DLC,,1578441600,0,0,0
"KOEI TECMO GAMES CO., LTD.",1213332,"DFF NT: Blade of Ruin, Ardyn Izunia's 4th Weapon",DLC,,1578441600,0,0,0
"KOEI TECMO GAMES CO., LTD.",1213331,DFF NT: The Devotee's Raiment Appearance Set for Ardyn Izunia,DLC,,1578441600,0,0,0
"KOEI TECMO GAMES CO., LTD.",1205886,[Revival] DOA6 Maid Costume - Rachel,DLC,,1579564800,0,0,0
"KOEI TECMO GAMES CO., LTD.",1205884,[Revival] DOA6 Maid Costume - Phase 4,DLC,,1579564800,0,0,0
"KOEI TECMO GAMES CO., LTD.",1205883,[Revival] DOA6 Maid Costume - NiCO,DLC,,1579564800,0,0,0
"KOEI TECMO GAMES CO., LTD.",1205881,[Revival] DOA6 Maid Costume - Nyotengu,DLC,,1579564800,0,0,0
"KOEI TECMO GAMES CO., LTD.",1205869,[Revival] DOA6 Maid Costume - Mila,DLC,,1579564800,0,0,0
"KOEI TECMO GAMES CO., LTD.",1205867,[Revival] DOA6 Maid Costume - Christie,DLC,,1579564800,0,0,0
"KOEI TECMO GAMES CO., LTD.",1205865,[Revival] DOA6 Maid Costume - Ayane,DLC,,1579564800,0,0,0
"KOEI TECMO GAMES CO., LTD.",1205864,[Revival] DOA6 Maid Costume - Leifang,DLC,,1579564800,0,0,0
"KOEI TECMO GAMES CO., LTD.",1205863,[Revival] DOA6 Maid Costume - Kokoro,DLC,,1579564800,0,0,0
"KOEI TECMO GAMES CO., LTD.",1205862,[Revival] DOA6 Maid Costume - Helena,DLC,,1579564800,0,0,0
"KOEI TECMO GAMES CO., LTD.",1205861,[Revival] DOA6 Maid Costume - Kasumi,DLC,,1579564800,0,0,0
"KOEI TECMO GAMES CO., LTD.",1205860,[Revival] DOA6 Maid Costume - Tina,DLC,,1579564800,0,0,0
"KOEI TECMO GAMES CO., LTD.",1198830,RTK14: Scenario [Battle of Yiling],DLC,,0,0,0,0
"KOEI TECMO GAMES CO., LTD.",1195332,DFF NT: 3rd Appearance Special Set for Warrior of Light and Y'shtola,DLC,,1575417600,0,0,0
"KOEI TECMO GAMES CO., LTD.",1187326,[Revival] DOA6 Santa's Helper Costume - Phase 4,DLC,,1575504000,0,0,0
"KOEI TECMO GAMES CO., LTD.",1187325,[Revival] DOA6 Santa's Helper Costume - NiCO,DLC,,1575504000,0,0,0
"KOEI TECMO GAMES CO., LTD.",1187324,[Revival] DOA6 Santa's Helper Costume - Diego,DLC,,1575504000,0,0,0
"KOEI TECMO GAMES CO., LTD.",1187323,[Revival] DOA6 Santa's Helper Costume - Raidou,DLC,,1575504000,0,0,0
"KOEI TECMO GAMES CO., LTD.",1187322,[Revival] DOA6 Santa's Helper Costume - Honoka,DLC,,1575504000,0,0,0
"KOEI TECMO GAMES CO., LTD.",1187321,[Revival] DOA6 Santa's Helper Costume - Nyotengu,DLC,,1575504000,0,0,0
"KOEI TECMO GAMES CO., LTD.",1187320,[Revival] DOA6 Santa's Helper Costume - Marie Rose,DLC,,1575504000,0,0,0
"KOEI TECMO GAMES CO., LTD.",1187319,[Revival] DOA6 Santa's Helper Costume - Mila,DLC,,1575504000,0,0,0
"KOEI TECMO GAMES CO., LTD.",1187318,[Revival] DOA6 Santa's Helper Costume - Rig,DLC,,1575504000,0,0,0
"KOEI TECMO GAMES CO., LTD.",1187317,[Revival] DOA6 Santa's Helper Costume - Bayman,DLC,,1575504000,0,0,0
"KOEI TECMO GAMES CO., LTD.",1187315,[Revival] DOA6 Santa's Helper Costume - Christie,DLC,,1575504000,0,0,0
"KOEI TECMO GAMES CO., LTD.",1187314,[Revival] DOA6 Santa's Helper Costume - Brad Wong,DLC,,1575504000,0,0,0
"KOEI TECMO GAMES CO., LTD.",1187313,[Revival] DOA6 Santa's Helper Costume - La Mariposa,DLC,,1575504000,0,0,0
"KOEI TECMO GAMES CO., LTD.",1187312,[Revival] DOA6 Santa's Helper Costume - Eliot,DLC,,1575504000,0,0,0
"KOEI TECMO GAMES CO., LTD.",1187311,[Revival] DOA6 Santa's Helper Costume - Ayane,DLC,,1575504000,0,0,0
"KOEI TECMO GAMES CO., LTD.",1187310,[Revival] DOA6 Santa's Helper Costume - Leifang,DLC,,1575504000,0,0,0
"KOEI TECMO GAMES CO., LTD.",1187309,[Revival] DOA6 Santa's Helper Costume - Hayate,DLC,,1575504000,0,0,0
"KOEI TECMO GAMES CO., LTD.",1187308,[Revival] DOA6 Santa's Helper Costume - Kokoro,DLC,,1575504000,0,0,0
"KOEI TECMO GAMES CO., LTD.",1187307,[Revival] DOA6 Santa's Helper Costume (Black) - Bass,DLC,,1575504000,0,0,0
"KOEI TECMO GAMES CO., LTD.",1187306,[Revival] DOA6 Santa's Helper Costume (Red) - Bass,DLC,,1575504000,0,0,0
"KOEI TECMO GAMES CO., LTD.",1187305,[Revival] DOA6 Santa's Helper Costume - Helena,DLC,,1575504000,0,0,0
"KOEI TECMO GAMES CO., LTD.",1187303,[Revival] DOA6 Santa's Helper Costume - Hayabusa,DLC,,1575504000,0,0,0
"KOEI TECMO GAMES CO., LTD.",1187302,[Revival] DOA6 Santa's Helper Costume - Jann Lee,DLC,,1575504000,0,0,0
"KOEI TECMO GAMES CO., LTD.",1187301,[Revival] DOA6 Santa's Helper Costume - Tina,DLC,,1575504000,0,0,0
"KOEI TECMO GAMES CO., LTD.",1187300,[Revival] DOA6 Santa's Helper Costume - Zack,DLC,,1575504000,0,0,0
"KOEI TECMO GAMES CO., LTD.",1176682,DFF NT: 3rd Appearance Special Set for Shantotto and Noctis,DLC,,1572998400,0,0,0
"KOEI TECMO GAMES CO., LTD.",1176680,DFF NT: Wedding Dress App. Set & 5th Weapon for Shantotto,DLC,,1572998400,0,0,0
"KOEI TECMO GAMES CO., LTD.",1176611,WARRIORS OROCHI 4 Ultimate - Bonus Costume for Gaia,DLC,,0,0,0,0
"KOEI TECMO GAMES CO., LTD.",1176610,WARRIORS OROCHI 4 Ultimate - Bonus Mount `Infernal Black`,DLC,,0,0,0,0
"KOEI TECMO GAMES CO., LTD.",1169724,[Revival] DOA6 Hot Summer Costume - Phase 4,DLC,,1573516800,0,0,0
"KOEI TECMO GAMES CO., LTD.",1169723,[Revival] DOA6 Hot Summer Costume - NiCO,DLC,,1573516800,0,0,0
"KOEI TECMO GAMES CO., LTD.",1169721,[Revival] DOA6 Hot Summer Costume - Nyotengu,DLC,,1573516800,0,0,0
"KOEI TECMO GAMES CO., LTD.",1168580,[Revival] DOA6 Hot Summer Costume - Mila,DLC,,1573516800,0,0,0
"KOEI TECMO GAMES CO., LTD.",1168567,[Revival] DOA6 Hot Summer Costume - Christie,DLC,,1573516800,0,0,0
"KOEI TECMO GAMES CO., LTD.",1168563,[Revival] DOA6 Hot Summer Costume - Kokoro,DLC,,1573516800,0,0,0
"KOEI TECMO GAMES CO., LTD.",1168562,[Revival] DOA6 Hot Summer Costume - Helena,DLC,,1573516800,0,0,0
"KOEI TECMO GAMES CO., LTD.",1168460,DRAGON QUEST BUILDERS 2 JUMBO DEMO,Demo,,1575417600,0,14,1278
"KOEI TECMO GAMES CO., LTD.",1163402,"DFF NT: Mace of Themis/Redemption, Gabranth's 4th Weapon",DLC,,1570579200,0,0,0
"KOEI TECMO GAMES CO., LTD.",1163401,DFF NT: The False General Appearance Set for Gabranth,DLC,,1570579200,0,0,0
"KOEI TECMO GAMES CO., LTD.",1163400,DFF NT: Gabranth Starter Pack,DLC,,1570579200,0,0,0
"KOEI TECMO GAMES CO., LTD.",1159327,[Revival] DOA6 Sexy Bunny Costume - Phase 4,DLC,,1571097600,0,0,0
"KOEI TECMO GAMES CO., LTD.",1159326,[Revival] DOA6 Sexy Bunny Costume - NiCO,DLC,,1571097600,0,0,0
"KOEI TECMO GAMES CO., LTD.",1159324,[Revival] DOA6 Sexy Bunny Costume - Nyotengu,DLC,,1571097600,0,0,0
"KOEI TECMO GAMES CO., LTD.",1159322,[Revival] DOA6 Sexy Bunny Costume - Mila,DLC,,1571097600,0,0,0
"KOEI TECMO GAMES CO., LTD.",1159321,[Revival] DOA6 Sexy Bunny Costume - Hitomi,DLC,,1571097600,0,0,0
"KOEI TECMO GAMES CO., LTD.",1159320,[Revival] DOA6 Sexy Bunny Costume - Christie,DLC,,1571097600,0,0,0
"KOEI TECMO GAMES CO., LTD.",1159315,[Revival] DOA6 Sexy Bunny Costume - Ayane,DLC,,1571097600,0,0,0
"KOEI TECMO GAMES CO., LTD.",1159314,[Revival] DOA6 Sexy Bunny Costume - Leifang,DLC,,1571097600,0,0,0
"KOEI TECMO GAMES CO., LTD.",1159313,[Revival] DOA6 Sexy Bunny Costume - Kokoro,DLC,,1571097600,0,0,0
"KOEI TECMO GAMES CO., LTD.",1159312,[Revival] DOA6 Sexy Bunny Costume - Helena,DLC,,1571097600,0,0,0
"KOEI TECMO GAMES CO., LTD.",1159311,[Revival] DOA6 Sexy Bunny Costume - Kasumi,DLC,,1571097600,0,0,0
"KOEI TECMO GAMES CO., LTD.",1146142,DFF NT: 3rd Appearance Special Set for Yuna & Lightning,DLC,,1568160000,0,0,0
"KOEI TECMO GAMES CO., LTD.",1146141,DFF NT: Midnight Mauve Appearance Set & 5th Weapon for Lightning,DLC,,1568160000,0,0,0
"KOEI TECMO GAMES CO., LTD.",1146140,DFF NT: Songstress's Garb Appearance Set & 5th Weapon for Yuna,DLC,,1568160000,0,0,0
"KOEI TECMO GAMES CO., LTD.",1137090,ROMANCE OF THE THREE KINGDOMS XIV English Demo,Demo,,1570752000,0,0,802
"KOEI TECMO GAMES CO., LTD.",1134562,DFF NT: Combat Overcoat App. Set & 5th Weapon for Ace,DLC,,1565136000,0,0,0
"KOEI TECMO GAMES CO., LTD.",1134561,DFF NT: Samurai App. Set & 5th Weapon for Bartz Klauser,DLC,,1565136000,0,0,0
"KOEI TECMO GAMES CO., LTD.",1134560,DFF NT: 3rd Appearance Special Set for Bartz & Ace,DLC,,1565136000,0,0,0
"KOEI TECMO GAMES CO., LTD.",1103752,"DFF NT: Omega Samurai Blade, Zenos yae Galvus's 4th Weapon",DLC,,1562025600,0,0,0
"KOEI TECMO GAMES CO., LTD.",1103742,"DFF NT: Platinum Fists, Tifa Lockhart's 4th Weapon",DLC,,1562025600,0,0,0
"KOEI TECMO GAMES CO., LTD.",1097320,Winning Post 9 追加コンテンツ 毛色名鑑セット（５種）,DLC,,1560902400,0,0,0
"KOEI TECMO GAMES CO., LTD.",1096460,DFF NT: Sleeping Lion App. Set. & 5th Weapon for Squall Leonhart,DLC,,1559692800,0,0,0
"KOEI TECMO GAMES CO., LTD.",1096451,DFF NT: Sky-Soarer Cloud App. Set. & 5th Weapon for Cloud Strife,DLC,,1559692800,0,0,0
"KOEI TECMO GAMES CO., LTD.",1096450,DFF NT: 3rd Appearance Special Set for Cloud & Squall,DLC,,1559692800,0,0,0
"KOEI TECMO GAMES CO., LTD.",1094187,"DYNASTY WARRIORS 9: Zhenji ""Race Queen Costume"" / 甄姫「レースクイーン風コスチューム」",DLC,,0,0,0,0
"KOEI TECMO GAMES CO., LTD.",1094186,"DYNASTY WARRIORS 9: Wang Yuanji ""Race Queen Costume"" / 王元姫「レースクイーン風コスチューム」",DLC,,0,0,0,0
"KOEI TECMO GAMES CO., LTD.",1094185,"DYNASTY WARRIORS 9: Guan Yinping ""Race Queen Costume"" / 関銀屏「レースクイーン風コスチューム」",DLC,,0,0,0,0
"KOEI TECMO GAMES CO., LTD.",1094184,"DYNASTY WARRIORS 9: Sun Shangxiang ""Race Queen Costume"" / 孫尚香「レースクイーン風コスチューム」",DLC,,0,0,0,0
"KOEI TECMO GAMES CO., LTD.",1094183,"DYNASTY WARRIORS 9: Cao Pi ""Racing Suit Costume"" / 曹丕「レーシングスーツ風コスチューム」",DLC,,0,0,0,0
"KOEI TECMO GAMES CO., LTD.",1094182,"DYNASTY WARRIORS 9: Zhong Hui ""Racing Suit Costume"" / 鍾会「レーシングスーツ風コスチューム」",DLC,,0,0,0,0
"KOEI TECMO GAMES CO., LTD.",1094181,"DYNASTY WARRIORS 9: Zhao Yun ""Racing Suit Costume"" / 趙雲「レーシングスーツ風コスチューム」",DLC,,0,0,0,0
"KOEI TECMO GAMES CO., LTD.",1094180,"DYNASTY WARRIORS 9: Lu Xun ""Racing Suit Costume"" / 陸遜「レーシングスーツ風コスチューム」",DLC,,0,0,0,0
"KOEI TECMO GAMES CO., LTD.",1075382,DFF NT: 3rd Appearance Special Set for Zidane & Ramza,DLC,,1557273600,0,0,0
"KOEI TECMO GAMES CO., LTD.",1075381,DFF NT: The Unlikely Hero Appearance Set & 5th Weapon for Ramza,DLC,,1557273600,0,0,0
"KOEI TECMO GAMES CO., LTD.",1075380,DFF NT: The Soldier of Fortune Appearance Set & 5th Weapon for Zidane Tribal,DLC,,1557273600,0,0,0
"KOEI TECMO GAMES CO., LTD.",1074219,"Atelier Lulua: Sterk's Outfit ""Regal Butler""",DLC,,1564444800,0,0,0
"KOEI TECMO GAMES CO., LTD.",1074218,"Atelier Lulua: Rorona's Outfit ""Time Slip""",DLC,,1564444800,0,0,0
"KOEI TECMO GAMES CO., LTD.",1074217,"Atelier Lulua: Niko's Outfit ""The Boldness""",DLC,,1564444800,0,0,0
"KOEI TECMO GAMES CO., LTD.",1074216,"Atelier Lulua: Ficus's Outfit ""Genius Magician""",DLC,,1564444800,0,0,0
"KOEI TECMO GAMES CO., LTD.",1074214,"Atelier Lulua: Aurel's Outfit ""Blood of the Mighty""",DLC,,1564444800,0,0,0
"KOEI TECMO GAMES CO., LTD.",1074213,"Atelier Lulua: Eva's Outfit ""Dancer of Arklys""",DLC,,1564444800,0,0,0
"KOEI TECMO GAMES CO., LTD.",1074212,"Atelier Lulua: Lulua's Outfit ""Guileless Princess""",DLC,,1564444800,0,0,0
"KOEI TECMO GAMES CO., LTD.",1074208,"Atelier Lulua: Rorona's Swimsuit ""Floral Pareo""",DLC,,1559606400,0,0,0
"KOEI TECMO GAMES CO., LTD.",1074206,"Atelier Lulua: Ficus's Swimsuit ""Coastal Trickster""",DLC,,1559606400,0,0,0
"KOEI TECMO GAMES CO., LTD.",1074204,"Atelier Lulua: Aurel's Swimsuit ""Surf Strider""",DLC,,1559606400,0,0,0
"KOEI TECMO GAMES CO., LTD.",1074203,"Atelier Lulua: Eva's Swimsuit ""Glazed Coral""",DLC,,1559606400,0,0,0
"KOEI TECMO GAMES CO., LTD.",1074201,"Atelier Lulua: Season Pass ""Meruru""",DLC,,1559606400,0,0,0
"KOEI TECMO GAMES CO., LTD.",1063923,"Attack on Titan 2 - Additional costume for Mikasa ""One-piece Dress"" Costume",DLC,,0,0,0,0
"KOEI TECMO GAMES CO., LTD.",1063922,"Attack on Titan 2 - Additional costume for Levi ""Plain Clothes (Underground City)"" Costume",DLC,,0,0,0,0
"KOEI TECMO GAMES CO., LTD.",1063921,"Attack on Titan 2 - Additional costume for Kenny ""Coat (Young Male)"" Costume",DLC,,0,0,0,0
"KOEI TECMO GAMES CO., LTD.",1063920,"Attack on Titan 2 - Additional costume for Christa ""Queen Historia"" Costume",DLC,,0,0,0,0
"KOEI TECMO GAMES CO., LTD.",1062515,Winning Post 9 追加コンテンツ 名馬購入権フルセット  全１８頭,DLC,,1556150400,0,0,0
"KOEI TECMO GAMES CO., LTD.",1062514,Winning Post 9 追加コンテンツ 究極の大器 購入権セット 全３頭,DLC,,1556150400,0,0,0
"KOEI TECMO GAMES CO., LTD.",1062513,Winning Post 9 追加コンテンツ 歴史的名牝 購入権セット 全６頭,DLC,,1556150400,0,0,0
"KOEI TECMO GAMES CO., LTD.",1062512,Winning Post 9 追加コンテンツ 最強古馬 購入権セット 全２頭,DLC,,1556150400,0,0,0
"KOEI TECMO GAMES CO., LTD.",1062511,Winning Post 9 追加コンテンツ 世界への飛翔 購入権セット 全４頭,DLC,,1556150400,0,0,0
"KOEI TECMO GAMES CO., LTD.",1062510,Winning Post 9 追加コンテンツ 牡馬三冠馬 購入権セット 全３頭,DLC,,1556150400,0,0,0
"KOEI TECMO GAMES CO., LTD.",1061756,Atelier Lulua: GUST Extra BGM Pack,DLC,,1561420800,0,0,0
"KOEI TECMO GAMES CO., LTD.",1061755,"Atelier Lulua: Special BGM Pack ""Atelier Online""",DLC,,1561420800,0,0,0
"KOEI TECMO GAMES CO., LTD.",1061753,"Atelier Lulua: Eva's Outfit ""Little Girlfriend""",DLC,,1559606400,0,0,0
"KOEI TECMO GAMES CO., LTD.",1061752,"Atelier Lulua: Aurel's Outfit ""The Ultimate Knight Supreme""",DLC,,1559606400,0,0,0
"KOEI TECMO GAMES CO., LTD.",1061751,"Atelier Lulua: Lulua's Outfit ""Mom's Favorite""",DLC,,1559606400,0,0,0
"KOEI TECMO GAMES CO., LTD.",1061084,Atelier Lulua: Headstart Item Pack,DLC,,0,0,0,0
"KOEI TECMO GAMES CO., LTD.",1061083,Atelier Lulua: Weapon-Strengthening Symbols (Set of 8),DLC,,0,0,0,0
"KOEI TECMO GAMES CO., LTD.",1061082,"Atelier Lulua: Lulua's Outfit ""Fish Girl""",DLC,,0,0,0,0
"KOEI TECMO GAMES CO., LTD.",1061081,"Atelier Lulua: Lulua's Outfit ""Innocent Fairy""",DLC,,0,0,0,0
"KOEI TECMO GAMES CO., LTD.",1056670,DFFNT: 3rd Appearance Special Set for Terra & Kefka,DLC,,1553472000,0,0,0
"KOEI TECMO GAMES CO., LTD.",1055072,Nelke & the LA: Atelier 20th Anniversary Arranged BGM Pack,DLC,,1557187200,0,0,0
"KOEI TECMO GAMES CO., LTD.",1055070,Nelke & the LA: Facility Pack: Mysterious,DLC,,1555372800,0,0,0
"KOEI TECMO GAMES CO., LTD.",1055065,Nelke & the LA: Facility Pack: Mana Khemia,DLC,,1555372800,0,0,0
"KOEI TECMO GAMES CO., LTD.",1055064,Nelke & the LA: Facility Pack: Iris,DLC,,1555372800,0,0,0
"KOEI TECMO GAMES CO., LTD.",1055063,Nelke & the LA: Facility Pack: Gramnad,DLC,,1555372800,0,0,0
"KOEI TECMO GAMES CO., LTD.",1055062,Nelke & the LA: Facility Pack: Salburg,DLC,,1555372800,0,0,0
"KOEI TECMO GAMES CO., LTD.",1052701,DFFNT: Fallen One Appearance Set & 5th Weapon for Kefka Palazzo,DLC,,1553472000,0,0,0
"KOEI TECMO GAMES CO., LTD.",1047070,"Nelke & the LA: Season Pass ""Town Building 5-Item Set""",DLC,,0,0,0,0
"KOEI TECMO GAMES CO., LTD.",1042813,Winning Post 9 追加コンテンツ 秘書衣装（コスプレセット２）,DLC,,1553731200,0,0,0
"KOEI TECMO GAMES CO., LTD.",1042811,Winning Post 9 追加コンテンツ netkeiba.com無料会員特典,DLC,,0,0,0,0
"KOEI TECMO GAMES CO., LTD.",1022433,"DFF NT: Magician's Deck, Ace's 4th Weapon",DLC,,1552348800,0,0,0
"KOEI TECMO GAMES CO., LTD.",1022432,"DFF NT: Excalibur, Ramza Beoulve's 4th Weapon",DLC,,1552348800,0,0,0
"KOEI TECMO GAMES CO., LTD.",1022431,"DFF NT: Armaments IV, Noctis Lucis Caelum's 4th Weapon Set",DLC,,1552348800,0,0,0
"KOEI TECMO GAMES CO., LTD.",1022430,"DFF NT: Shire Crook, Y'shtola's 4th Weapon",DLC,,1552348800,0,0,0
"KOEI TECMO GAMES CO., LTD.",1022429,"DFF NT: Platinum Sword, Vaan's 4th Weapon",DLC,,1552348800,0,0,0
"KOEI TECMO GAMES CO., LTD.",1022428,"DFF NT: Laevateinn, Shantotto's 4th Weapon",DLC,,1552348800,0,0,0
"KOEI TECMO GAMES CO., LTD.",1022427,"DFF NT: Sin's Spur, Jecht's 4th Weapon",DLC,,1552348800,0,0,0
"KOEI TECMO GAMES CO., LTD.",1022426,"DFF NT: Arc Sword, Tidus's 4th Weapon",DLC,,1552348800,0,0,0
"KOEI TECMO GAMES CO., LTD.",1022425,"DFF NT: Turbid Cores, Kuja's 4th Weapon Set",DLC,,1552348800,0,0,0
"KOEI TECMO GAMES CO., LTD.",1022423,"DFF NT: Nightmare, Ultimecia's 4th Weapon",DLC,,1552348800,0,0,0
"KOEI TECMO GAMES CO., LTD.",1022422,"DFF NT: Hyperion, Squall Leonhart's 4th Weapon",DLC,,1552348800,0,0,0
"KOEI TECMO GAMES CO., LTD.",1022421,"DFF NT: Second Coming, Sephiroth's 4th Weapon",DLC,,1552348800,0,0,0
"KOEI TECMO GAMES CO., LTD.",1022420,"DFF NT: Organyx, Cloud Strife's 4th Weapon",DLC,,1552348800,0,0,0
"KOEI TECMO GAMES CO., LTD.",1022419,"DFF NT: Thinking Cap, Kefka Palazzo's 4th Weapon",DLC,,1552348800,0,0,0
"KOEI TECMO GAMES CO., LTD.",1022417,"DFF NT: Void Sword, Exdeath's 4th Weapon",DLC,,1552348800,0,0,0
"KOEI TECMO GAMES CO., LTD.",1022416,"DFF NT: Arsenal IV, Bartz Klauser's 4th Weapon Set",DLC,,1552348800,0,0,0
"KOEI TECMO GAMES CO., LTD.",1022415,"DFF NT: Obsidian Scales, Golbez's 4th Weapon",DLC,,1552348800,0,0,0
"KOEI TECMO GAMES CO., LTD.",1022414,"DFF NT: Lance of Ordeals, Kain Highwind's 4th Weapon",DLC,,1552348800,0,0,0
"KOEI TECMO GAMES CO., LTD.",1022413,"DFF NT: Waning Blade / Waxing Blade, Cecil Harvey's 4th Weapon Set",DLC,,1552348800,0,0,0
"KOEI TECMO GAMES CO., LTD.",1022412,"DFF NT: Destructive Tentacles, Cloud of Darkness's 4th Weapon Set",DLC,,1552348800,0,0,0
"KOEI TECMO GAMES CO., LTD.",1022411,"DFF NT: Golden Sword / Omnirod / Kiku-ichimonji, O. Knight's 4th Weap.",DLC,,1552348800,0,0,0
"KOEI TECMO GAMES CO., LTD.",1022410,"DFF NT: Rod of Censure, the Emperor's 4th Weapon",DLC,,1552348800,0,0,0
"KOEI TECMO GAMES CO., LTD.",1022402,"DFF NT: Arsenal IV, Firion's 4th Weapon Set",DLC,,1552348800,0,0,0
"KOEI TECMO GAMES CO., LTD.",1022400,"DFF NT: Sun Blade / Diamond Shield, Warrior of Light's 4th Weapon Set",DLC,,1552348800,0,0,0
"KOEI TECMO GAMES CO., LTD.",1022397,"DFF NT: Glacial Guard, Snow Villiers' 4th Weapon",DLC,,1552348800,0,0,0
"KOEI TECMO GAMES CO., LTD.",1022396,DFF NT: Wild Bear Appearance Set for Snow Villiers,DLC,,1552348800,0,0,0
"KOEI TECMO GAMES CO., LTD.",1022394,"DFF NT: Astral Rod, Yuna's 4th Weapon",DLC,,1552348800,0,0,0
"KOEI TECMO GAMES CO., LTD.",1022393,DFF NT: Wedding Gown Appearance Set for Yuna,DLC,,1552348800,0,0,0
"KOEI TECMO GAMES CO., LTD.",1022391,"DFF NT: Divine Blade, Kam'lanaut's 4th Weapon",DLC,,1552348800,0,0,0
"KOEI TECMO GAMES CO., LTD.",1022367,DFF NT: Archduke of Jeuno I Appearance for Kam'lanaut,DLC,,1552348800,0,0,0
"KOEI TECMO GAMES CO., LTD.",1022365,"DFF NT: Cardinal, Rinoa Heartilly's 4th Weapon",DLC,,1552348800,0,0,0
"KOEI TECMO GAMES CO., LTD.",1022362,DFF NT: Party Dress Appearance Set for Rinoa Heartilly,DLC,,1552348800,0,0,0
"KOEI TECMO GAMES CO., LTD.",1022360,"DFF NT: Valiant Knife, Locke Cole's 4th Weapon",DLC,,1552348800,0,0,0
"KOEI TECMO GAMES CO., LTD.",1022345,DFF NT: Devoted Returner Appearance Set for Locke Cole,DLC,,1552348800,0,0,0
"KOEI TECMO GAMES CO., LTD.",1022343,"DFF NT: Recompense, Vayne Carudas Solidor's 4th Weapon",DLC,,1552348800,0,0,0
"KOEI TECMO GAMES CO., LTD.",1022340,DFF NT: Novus Appearance Set for Vayne Carudas Solidor,DLC,,1552348800,0,0,0
"KOEI TECMO GAMES CO., LTD.",1019870,NOBUNAGA'S AMBITION: Taishi with Powerup Kit Demo,Demo,,1549584000,0,1,17
"KOEI TECMO GAMES CO., LTD.",1017260,Nobunaga's Ambition: Taishi - 「TSUKUMO」タイアップ顔CGセット PCメーカー/ショップタイアップ顔データ複数（２点）,DLC,,0,0,0,0
"KOEI TECMO GAMES CO., LTD.",1013030,Nobunaga's Ambition: Taishi - 週刊ヤングマガジンタイアップ「センゴク」武将顔CG,DLC,,0,0,0,0
"KOEI TECMO GAMES CO., LTD.",1011218,La Corda d'Oro Octave/金色のコルダ オクターヴ - 情熱のホワイトデーセット,DLC,,1552521600,0,0,0
"KOEI TECMO GAMES CO., LTD.",1011217,La Corda d'Oro Octave/金色のコルダ オクターヴ - 祝福のホワイトデーセット,DLC,,1552521600,0,0,0
"KOEI TECMO GAMES CO., LTD.",1011216,La Corda d'Oro Octave/金色のコルダ オクターヴ - 情熱の同室イベントセット,DLC,,1551916800,0,0,0
"KOEI TECMO GAMES CO., LTD.",1011215,La Corda d'Oro Octave/金色のコルダ オクターヴ - 祝福の同室イベントセット,DLC,,1551916800,0,0,0
"KOEI TECMO GAMES CO., LTD.",1011214,La Corda d'Oro Octave/金色のコルダ オクターヴ - 情熱の恋のキューピッドセット,DLC,,1551312000,0,0,0
"KOEI TECMO GAMES CO., LTD.",1011213,La Corda d'Oro Octave/金色のコルダ オクターヴ - 祝福の恋のキューピッドセット,DLC,,1551312000,0,0,0
"KOEI TECMO GAMES CO., LTD.",1011212,La Corda d'Oro Octave/金色のコルダ オクターヴ - グループ楽曲＆エピソードフルセット,DLC,,1550707200,0,0,0
"KOEI TECMO GAMES CO., LTD.",1011211,La Corda d'Oro Octave/金色のコルダ オクターヴ - 情熱のバレンタインセット,DLC,,1550102400,0,0,0
"KOEI TECMO GAMES CO., LTD.",1011210,La Corda d'Oro Octave/金色のコルダ オクターヴ - 祝福のバレンタインセット,DLC,,1550102400,0,0,0
"KOEI TECMO GAMES CO., LTD.",998321,La Corda d'Oro Octave/金色のコルダ オクターヴ - ホワイトデー・マルトノ,DLC,,1552521600,0,0,0
"KOEI TECMO GAMES CO., LTD.",998320,La Corda d'Oro Octave/金色のコルダ オクターヴ - ホワイトデー・七海,DLC,,1552521600,0,0,0
"KOEI TECMO GAMES CO., LTD.",998312,La Corda d'Oro Octave/金色のコルダ オクターヴ - ホワイトデー・天宮,DLC,,1552521600,0,0,0
"KOEI TECMO GAMES CO., LTD.",998311,La Corda d'Oro Octave/金色のコルダ オクターヴ - ホワイトデー・冥加,DLC,,1552521600,0,0,0
"KOEI TECMO GAMES CO., LTD.",998310,La Corda d'Oro Octave/金色のコルダ オクターヴ - ホワイトデー・芹沢,DLC,,1552521600,0,0,0
"KOEI TECMO GAMES CO., LTD.",998299,La Corda d'Oro Octave/金色のコルダ オクターヴ - ホワイトデー・土岐,DLC,,1552521600,0,0,0
"KOEI TECMO GAMES CO., LTD.",998298,La Corda d'Oro Octave/金色のコルダ オクターヴ - ホワイトデー・東金,DLC,,1552521600,0,0,0
"KOEI TECMO GAMES CO., LTD.",998297,La Corda d'Oro Octave/金色のコルダ オクターヴ - ホワイトデー・新,DLC,,1552521600,0,0,0
"KOEI TECMO GAMES CO., LTD.",998296,La Corda d'Oro Octave/金色のコルダ オクターヴ - ホワイトデー・火積,DLC,,1552521600,0,0,0
"KOEI TECMO GAMES CO., LTD.",998295,La Corda d'Oro Octave/金色のコルダ オクターヴ - ホワイトデー・八木沢,DLC,,1552521600,0,0,0
"KOEI TECMO GAMES CO., LTD.",998294,La Corda d'Oro Octave/金色のコルダ オクターヴ - ホワイトデー・ハル,DLC,,1552521600,0,0,0
"KOEI TECMO GAMES CO., LTD.",998293,La Corda d'Oro Octave/金色のコルダ オクターヴ - ホワイトデー・大地,DLC,,1552521600,0,0,0
"KOEI TECMO GAMES CO., LTD.",998292,La Corda d'Oro Octave/金色のコルダ オクターヴ - ホワイトデー・律,DLC,,1552521600,0,0,0
"KOEI TECMO GAMES CO., LTD.",998291,La Corda d'Oro Octave/金色のコルダ オクターヴ - ホワイトデー・響也,DLC,,1552521600,0,0,0
"KOEI TECMO GAMES CO., LTD.",998290,La Corda d'Oro Octave/金色のコルダ オクターヴ - ホワイトデー・吉羅,DLC,,1552521600,0,0,0
"KOEI TECMO GAMES CO., LTD.",998289,La Corda d'Oro Octave/金色のコルダ オクターヴ - ホワイトデー・王崎,DLC,,1552521600,0,0,0
"KOEI TECMO GAMES CO., LTD.",998288,La Corda d'Oro Octave/金色のコルダ オクターヴ - ホワイトデー・金澤,DLC,,1552521600,0,0,0
"KOEI TECMO GAMES CO., LTD.",998287,La Corda d'Oro Octave/金色のコルダ オクターヴ - ホワイトデー・翔麻,DLC,,1552521600,0,0,0
"KOEI TECMO GAMES CO., LTD.",998286,La Corda d'Oro Octave/金色のコルダ オクターヴ - ホワイトデー・衛藤,DLC,,1552521600,0,0,0
"KOEI TECMO GAMES CO., LTD.",998285,La Corda d'Oro Octave/金色のコルダ オクターヴ - ホワイトデー・加地,DLC,,1552521600,0,0,0
"KOEI TECMO GAMES CO., LTD.",998284,La Corda d'Oro Octave/金色のコルダ オクターヴ - ホワイトデー・柚木,DLC,,1552521600,0,0,0
"KOEI TECMO GAMES CO., LTD.",998283,La Corda d'Oro Octave/金色のコルダ オクターヴ - ホワイトデー・火原,DLC,,1552521600,0,0,0
"KOEI TECMO GAMES CO., LTD.",998282,La Corda d'Oro Octave/金色のコルダ オクターヴ - ホワイトデー・志水,DLC,,1552521600,0,0,0
"KOEI TECMO GAMES CO., LTD.",998281,La Corda d'Oro Octave/金色のコルダ オクターヴ - ホワイトデー・土浦,DLC,,1552521600,0,0,0
"KOEI TECMO GAMES CO., LTD.",998280,La Corda d'Oro Octave/金色のコルダ オクターヴ - ホワイトデー・月森,DLC,,1552521600,0,0,0
"KOEI TECMO GAMES CO., LTD.",998261,La Corda d'Oro Octave/金色のコルダ オクターヴ - 同室イベント・七海,DLC,,1551916800,0,0,0
"KOEI TECMO GAMES CO., LTD.",998260,La Corda d'Oro Octave/金色のコルダ オクターヴ - 同室イベント・天宮,DLC,,1551916800,0,0,0
"KOEI TECMO GAMES CO., LTD.",998259,La Corda d'Oro Octave/金色のコルダ オクターヴ - 同室イベント・冥加,DLC,,1551916800,0,0,0
"KOEI TECMO GAMES CO., LTD.",998258,La Corda d'Oro Octave/金色のコルダ オクターヴ - 同室イベント・土岐,DLC,,1551916800,0,0,0
"KOEI TECMO GAMES CO., LTD.",998257,La Corda d'Oro Octave/金色のコルダ オクターヴ - 同室イベント・東金,DLC,,1551916800,0,0,0
"KOEI TECMO GAMES CO., LTD.",998256,La Corda d'Oro Octave/金色のコルダ オクターヴ - 同室イベント・新,DLC,,1551916800,0,0,0
"KOEI TECMO GAMES CO., LTD.",998255,La Corda d'Oro Octave/金色のコルダ オクターヴ - 同室イベント・火積,DLC,,1551916800,0,0,0
"KOEI TECMO GAMES CO., LTD.",998254,La Corda d'Oro Octave/金色のコルダ オクターヴ - 同室イベント・八木沢,DLC,,1551916800,0,0,0
"KOEI TECMO GAMES CO., LTD.",998253,La Corda d'Oro Octave/金色のコルダ オクターヴ - 同室イベント・ハル,DLC,,1551916800,0,0,0
"KOEI TECMO GAMES CO., LTD.",998252,La Corda d'Oro Octave/金色のコルダ オクターヴ - 同室イベント・大地,DLC,,1551916800,0,0,0
"KOEI TECMO GAMES CO., LTD.",998251,La Corda d'Oro Octave/金色のコルダ オクターヴ - 同室イベント・律,DLC,,1551916800,0,0,0
"KOEI TECMO GAMES CO., LTD.",998250,La Corda d'Oro Octave/金色のコルダ オクターヴ - 同室イベント・響也,DLC,,1551916800,0,0,0
"KOEI TECMO GAMES CO., LTD.",998249,La Corda d'Oro Octave/金色のコルダ オクターヴ - 同室イベント・吉羅,DLC,,1551916800,0,0,0
"KOEI TECMO GAMES CO., LTD.",998248,La Corda d'Oro Octave/金色のコルダ オクターヴ - 同室イベント・王崎,DLC,,1551916800,0,0,0
"KOEI TECMO GAMES CO., LTD.",998247,La Corda d'Oro Octave/金色のコルダ オクターヴ - 同室イベント・金澤,DLC,,1551916800,0,0,0
"KOEI TECMO GAMES CO., LTD.",998246,La Corda d'Oro Octave/金色のコルダ オクターヴ - 同室イベント・衛藤,DLC,,1551916800,0,0,0
"KOEI TECMO GAMES CO., LTD.",998245,La Corda d'Oro Octave/金色のコルダ オクターヴ - 同室イベント・加地,DLC,,1551916800,0,0,0
"KOEI TECMO GAMES CO., LTD.",998244,La Corda d'Oro Octave/金色のコルダ オクターヴ - 同室イベント・柚木,DLC,,1551916800,0,0,0
"KOEI TECMO GAMES CO., LTD.",998243,La Corda d'Oro Octave/金色のコルダ オクターヴ - 同室イベント・火原,DLC,,1551916800,0,0,0
"KOEI TECMO GAMES CO., LTD.",998242,La Corda d'Oro Octave/金色のコルダ オクターヴ - 同室イベント・志水,DLC,,1551916800,0,0,0
"KOEI TECMO GAMES CO., LTD.",998241,La Corda d'Oro Octave/金色のコルダ オクターヴ - 同室イベント・土浦,DLC,,1551916800,0,0,0
"KOEI TECMO GAMES CO., LTD.",998240,La Corda d'Oro Octave/金色のコルダ オクターヴ - 同室イベント・月森,DLC,,1551916800,0,0,0
"KOEI TECMO GAMES CO., LTD.",998234,La Corda d'Oro Octave/金色のコルダ オクターヴ - 恋のキューピッド・七海,DLC,,1551312000,0,0,0
"KOEI TECMO GAMES CO., LTD.",998233,La Corda d'Oro Octave/金色のコルダ オクターヴ - 恋のキューピッド・天宮,DLC,,1551312000,0,0,0
"KOEI TECMO GAMES CO., LTD.",998232,La Corda d'Oro Octave/金色のコルダ オクターヴ - 恋のキューピッド・冥加,DLC,,1551312000,0,0,0
"KOEI TECMO GAMES CO., LTD.",998231,La Corda d'Oro Octave/金色のコルダ オクターヴ - 恋のキューピッド・土岐,DLC,,1551312000,0,0,0
"KOEI TECMO GAMES CO., LTD.",998230,La Corda d'Oro Octave/金色のコルダ オクターヴ - 恋のキューピッド・東金,DLC,,1551312000,0,0,0
"KOEI TECMO GAMES CO., LTD.",998214,La Corda d'Oro Octave/金色のコルダ オクターヴ - 恋のキューピッド・新,DLC,,1551312000,0,0,0
"KOEI TECMO GAMES CO., LTD.",998213,La Corda d'Oro Octave/金色のコルダ オクターヴ - 恋のキューピッド・火積,DLC,,1551312000,0,0,0
"KOEI TECMO GAMES CO., LTD.",998212,La Corda d'Oro Octave/金色のコルダ オクターヴ - 恋のキューピッド・八木沢,DLC,,1551312000,0,0,0
"KOEI TECMO GAMES CO., LTD.",998211,La Corda d'Oro Octave/金色のコルダ オクターヴ - 恋のキューピッド・ハル,DLC,,1551312000,0,0,0
"KOEI TECMO GAMES CO., LTD.",998210,La Corda d'Oro Octave/金色のコルダ オクターヴ - 恋のキューピッド・大地,DLC,,1551312000,0,0,0
"KOEI TECMO GAMES CO., LTD.",998202,La Corda d'Oro Octave/金色のコルダ オクターヴ - 恋のキューピッド・律,DLC,,1551312000,0,0,0
"KOEI TECMO GAMES CO., LTD.",998201,La Corda d'Oro Octave/金色のコルダ オクターヴ - 恋のキューピッド・響也,DLC,,1551312000,0,0,0
"KOEI TECMO GAMES CO., LTD.",998200,La Corda d'Oro Octave/金色のコルダ オクターヴ - 恋のキューピッド・吉羅,DLC,,1551312000,0,0,0
"KOEI TECMO GAMES CO., LTD.",998191,La Corda d'Oro Octave/金色のコルダ オクターヴ - 恋のキューピッド・王崎,DLC,,1551312000,0,0,0
"KOEI TECMO GAMES CO., LTD.",998190,La Corda d'Oro Octave/金色のコルダ オクターヴ - 恋のキューピッド・金澤,DLC,,1551312000,0,0,0
"KOEI TECMO GAMES CO., LTD.",998181,La Corda d'Oro Octave/金色のコルダ オクターヴ - 恋のキューピッド・衛藤,DLC,,1551312000,0,0,0
"KOEI TECMO GAMES CO., LTD.",998180,La Corda d'Oro Octave/金色のコルダ オクターヴ - 恋のキューピッド・加地,DLC,,1551312000,0,0,0
"KOEI TECMO GAMES CO., LTD.",998170,La Corda d'Oro Octave/金色のコルダ オクターヴ - 恋のキューピッド・柚木,DLC,,1551312000,0,0,0
"KOEI TECMO GAMES CO., LTD.",998160,La Corda d'Oro Octave/金色のコルダ オクターヴ - 恋のキューピッド・火原,DLC,,1551312000,0,0,0
"KOEI TECMO GAMES CO., LTD.",998142,La Corda d'Oro Octave/金色のコルダ オクターヴ - 恋のキューピッド・志水,DLC,,1551312000,0,0,0
"KOEI TECMO GAMES CO., LTD.",998141,La Corda d'Oro Octave/金色のコルダ オクターヴ - 恋のキューピッド・土浦,DLC,,1551312000,0,0,0
"KOEI TECMO GAMES CO., LTD.",998140,La Corda d'Oro Octave/金色のコルダ オクターヴ - 恋のキューピッド・月森,DLC,,1551312000,0,0,0
"KOEI TECMO GAMES CO., LTD.",998130,La Corda d'Oro Octave/金色のコルダ オクターヴ - バレンタインデー・マルトノ,DLC,,1550102400,0,0,0
"KOEI TECMO GAMES CO., LTD.",998121,La Corda d'Oro Octave/金色のコルダ オクターヴ - バレンタインデー・七海,DLC,,1550102400,0,0,0
"KOEI TECMO GAMES CO., LTD.",998120,La Corda d'Oro Octave/金色のコルダ オクターヴ - バレンタインデー・天宮,DLC,,1550102400,0,0,0
"KOEI TECMO GAMES CO., LTD.",998111,La Corda d'Oro Octave/金色のコルダ オクターヴ - バレンタインデー・冥加,DLC,,1550102400,0,0,0
"KOEI TECMO GAMES CO., LTD.",998110,La Corda d'Oro Octave/金色のコルダ オクターヴ - バレンタインデー・芹沢,DLC,,1550102400,0,0,0
"KOEI TECMO GAMES CO., LTD.",998101,La Corda d'Oro Octave/金色のコルダ オクターヴ - バレンタインデー・土岐,DLC,,1550102400,0,0,0
"KOEI TECMO GAMES CO., LTD.",998100,La Corda d'Oro Octave/金色のコルダ オクターヴ - バレンタインデー・東金,DLC,,1550102400,0,0,0
"KOEI TECMO GAMES CO., LTD.",998091,La Corda d'Oro Octave/金色のコルダ オクターヴ - バレンタインデー・新,DLC,,1550102400,0,0,0
"KOEI TECMO GAMES CO., LTD.",998090,La Corda d'Oro Octave/金色のコルダ オクターヴ - バレンタインデー・火積,DLC,,1550102400,0,0,0
"KOEI TECMO GAMES CO., LTD.",998081,La Corda d'Oro Octave/金色のコルダ オクターヴ - バレンタインデー・八木沢,DLC,,1550102400,0,0,0
"KOEI TECMO GAMES CO., LTD.",998080,La Corda d'Oro Octave/金色のコルダ オクターヴ - バレンタインデー・ハル,DLC,,1550102400,0,0,0
"KOEI TECMO GAMES CO., LTD.",998073,La Corda d'Oro Octave/金色のコルダ オクターヴ - バレンタインデー・大地,DLC,,1550102400,0,0,0
"KOEI TECMO GAMES CO., LTD.",998072,La Corda d'Oro Octave/金色のコルダ オクターヴ - バレンタインデー・律,DLC,,1550102400,0,0,0
"KOEI TECMO GAMES CO., LTD.",998071,La Corda d'Oro Octave/金色のコルダ オクターヴ - バレンタインデー・響也,DLC,,1550102400,0,0,0
"KOEI TECMO GAMES CO., LTD.",998070,La Corda d'Oro Octave/金色のコルダ オクターヴ - バレンタインデー・吉羅,DLC,,1550102400,0,0,0
"KOEI TECMO GAMES CO., LTD.",998069,La Corda d'Oro Octave/金色のコルダ オクターヴ - バレンタインデー・王崎,DLC,,1550102400,0,0,0
"KOEI TECMO GAMES CO., LTD.",998068,La Corda d'Oro Octave/金色のコルダ オクターヴ - バレンタインデー・金澤,DLC,,1550102400,0,0,0
"KOEI TECMO GAMES CO., LTD.",998067,La Corda d'Oro Octave/金色のコルダ オクターヴ - バレンタインデー・翔麻,DLC,,1550102400,0,0,0
"KOEI TECMO GAMES CO., LTD.",998066,La Corda d'Oro Octave/金色のコルダ オクターヴ - バレンタインデー・衛藤,DLC,,1550102400,0,0,0
"KOEI TECMO GAMES CO., LTD.",998065,La Corda d'Oro Octave/金色のコルダ オクターヴ - バレンタインデー・加地,DLC,,1550102400,0,0,0
"KOEI TECMO GAMES CO., LTD.",998064,La Corda d'Oro Octave/金色のコルダ オクターヴ - バレンタインデー・柚木,DLC,,1550102400,0,0,0
"KOEI TECMO GAMES CO., LTD.",998063,La Corda d'Oro Octave/金色のコルダ オクターヴ - バレンタインデー・火原,DLC,,1550102400,0,0,0
"KOEI TECMO GAMES CO., LTD.",998062,La Corda d'Oro Octave/金色のコルダ オクターヴ - バレンタインデー・志水,DLC,,1550102400,0,0,0
"KOEI TECMO GAMES CO., LTD.",998061,La Corda d'Oro Octave/金色のコルダ オクターヴ - バレンタインデー・土浦,DLC,,1550102400,0,0,0
"KOEI TECMO GAMES CO., LTD.",998060,La Corda d'Oro Octave/金色のコルダ オクターヴ - バレンタインデー・月森,DLC,,1550102400,0,0,0
"KOEI TECMO GAMES CO., LTD.",998051,La Corda d'Oro Octave/金色のコルダ オクターヴ - かけ合いイベントセット（無料）,DLC,,1550102400,0,0,0
"KOEI TECMO GAMES CO., LTD.",998050,La Corda d'Oro Octave/金色のコルダ オクターヴ - グループ楽曲＆エピソード(LILA LAVANDULA LILA),DLC,,1550707200,0,0,0
"KOEI TECMO GAMES CO., LTD.",998041,La Corda d'Oro Octave/金色のコルダ オクターヴ - グループ楽曲＆エピソード(ROSY ROSA ROSY),DLC,,1550707200,0,0,0
"KOEI TECMO GAMES CO., LTD.",998040,La Corda d'Oro Octave/金色のコルダ オクターヴ - グループ楽曲＆エピソード(GREEN FOREST GREEN),DLC,,1550707200,0,0,0
"KOEI TECMO GAMES CO., LTD.",998030,La Corda d'Oro Octave/金色のコルダ オクターヴ - グループ楽曲＆エピソード(CORONA -光冠-),DLC,,1550707200,0,0,0
"KOEI TECMO GAMES CO., LTD.",998000,La Corda d'Oro Octave/金色のコルダ オクターヴ - グループ楽曲＆エピソード(Hallelujah-ハレルヤ-),DLC,,1550707200,0,0,0
"KOEI TECMO GAMES CO., LTD.",987690,"Nobunaga's Ambition: Taishi / 信長の野望・大志 - Soundtrack, Booklet",DLC,,0,0,0,0
"KOEI TECMO GAMES CO., LTD.",978310,La Corda d'Oro Octave/金色のコルダ オクターヴ - 隠しルート　マルトノ,DLC,,1550102400,0,0,0
"KOEI TECMO GAMES CO., LTD.",963070,FullGamePack,DLC,,0,0,0,0
"KOEI TECMO GAMES CO., LTD.",952115,Nobunaga's Ambition: Taishi - 姫衣装替えCGセット（5点）,DLC,,0,0,0,0
"KOEI TECMO GAMES CO., LTD.",952114,Nobunaga's Ambition: Taishi - シナリオ「豊臣の逆襲」,DLC,,0,0,0,0
"KOEI TECMO GAMES CO., LTD.",952113,Nobunaga's Ambition: Taishi - シナリオ「大志燃ゆ」,DLC,,0,0,0,0
"KOEI TECMO GAMES CO., LTD.",952112,Nobunaga's Ambition: Taishi - シナリオ「兄弟相克」,DLC,,0,0,0,0
"KOEI TECMO GAMES CO., LTD.",952111,Nobunaga's Ambition: Taishi - シナリオ「天文の乱」,DLC,,0,0,0,0
"KOEI TECMO GAMES CO., LTD.",933572,WARRIORS OROCHI 4 - Scenario Pack 2,DLC,,1543449600,0,0,0
"KOEI TECMO GAMES CO., LTD.",933571,WARRIORS OROCHI 4 - Sacred Treasures Pack 2,DLC,,1543449600,0,0,0
"KOEI TECMO GAMES CO., LTD.",933569,WARRIORS OROCHI 4 - BGM Pack 1,DLC,,0,0,0,0
"KOEI TECMO GAMES CO., LTD.",933568,WARRIORS OROCHI 4 - Scenario Pack 1,DLC,,0,0,0,0
"KOEI TECMO GAMES CO., LTD.",933567,WARRIORS OROCHI 4 - Sacred Treasures Pack 1,DLC,,0,0,0,0
"KOEI TECMO GAMES CO., LTD.",933565,WARRIORS OROCHI 4 - Special Mounts Pack 2,DLC,,0,0,0,0
"KOEI TECMO GAMES CO., LTD.",933564,WARRIORS OROCHI 4 - Special Costumes Pack 2,DLC,,0,0,0,0
"KOEI TECMO GAMES CO., LTD.",933508,Special Mounts Pack 1,DLC,,0,0,0,0
"KOEI TECMO GAMES CO., LTD.",933507,Special Costumes Pack 1,DLC,,0,0,0,0
"KOEI TECMO GAMES CO., LTD.",933503,Bonus 3 Weapons,DLC,,0,0,0,0
"KOEI TECMO GAMES CO., LTD.",933471,Bonus Costumes for Xu Shu and Mitsunari Ishida and Da Ji,DLC,,0,0,0,0
"KOEI TECMO GAMES CO., LTD.",931520,La Corda d'Oro Octave/金色のコルダ オクターヴ - 恋愛ルート＆エンディング 不動翔麻・芹沢睦,DLC,,1550102400,0,0,0
"KOEI TECMO GAMES CO., LTD.",845920,Nobunaga's Ambition: Taishi - 姫衣装替えCGセット～愛に生きた姫君～,DLC,,1527724800,0,0,0
"KOEI TECMO GAMES CO., LTD.",797720,Hange & Erwin Plain clothes Outfit Early Release,DLC,,0,0,0,0
"KOEI TECMO GAMES CO., LTD.",788860,新牧場長・夢見月紫苑,DLC,,1527811200,0,0,0
"KOEI TECMO GAMES CO., LTD.",776840,Atelier Lydie & Suelle - Bonus DLCｓ,DLC,,0,0,0,0
"KOEI TECMO GAMES CO., LTD.",776520,DYNASTY WARRIORS 9/真・三國無双８: Bonus DLC Set,DLC,,0,0,0,0
"KOEI TECMO GAMES CO., LTD.",735170,Nobunaga's Ambition: Taishi - 姫衣装替えCGセット～良妻賢母～/Princess Costume CG Set -Wife&Mother-,DLC,,0,0,0,0
"KOEI TECMO GAMES CO., LTD.",735090,Nobunaga's Ambition: Taishi - 姫衣装替えCGセット～乱世の戦姫～/Princess Costume CG Set - Princess Warriors -,DLC,,1512000000,0,0,0
"KOEI TECMO GAMES CO., LTD.",735050,"Nobunaga's Ambition: Taishi - シナリオ「大志繚乱」/Scenario ""A Flowering of Resolve""",DLC,,0,0,0,0
"KOEI TECMO GAMES CO., LTD.",727880,Nights of Azure 2 - Bonus DLCs,DLC,,0,0,0,0
"KOEI TECMO GAMES CO., LTD.",696350,"Nights of Azure 2: Bonus Costume, Blue High School Uniform",DLC,,1508803200,0,0,0
"KOEI TECMO GAMES CO., LTD.",688274,"BLUE REFLECTION: Bonus Costume, Nightless Saber",DLC,,1508803200,0,0,0
"KOEI TECMO GAMES CO., LTD.",688272,"BLUE REFLECTION - Vacation Style Set E (Rin, Kaori, Rika)",DLC,,1511222400,0,0,0
"KOEI TECMO GAMES CO., LTD.",688271,"BLUE REFLECTION - Vacation Style Set D (Sanae, Ako, Yuri)",DLC,,1511222400,0,0,0
"KOEI TECMO GAMES CO., LTD.",688270,"BLUE REFLECTION - Vacation Style Set C (Lime, Fumio, Chihiro)",DLC,,1511222400,0,0,0
"KOEI TECMO GAMES CO., LTD.",688259,"BLUE REFLECTION - Vacation Style Set B (Yuzu, Shihori, Kei)",DLC,,1511222400,0,0,0
"KOEI TECMO GAMES CO., LTD.",688258,"BLUE REFLECTION - Vacation Style Set A (Hinako, Sarasa, Mao)",DLC,,1511222400,0,0,0
"KOEI TECMO GAMES CO., LTD.",688257,"BLUE REFLECTION - Bath Towels Set E (Rin, Kaori, Rika)",DLC,,1508198400,0,0,0
"KOEI TECMO GAMES CO., LTD.",688256,"BLUE REFLECTION - Bath Towels Set D (Sanae, Ako, Yuri)",DLC,,1508198400,0,0,0
"KOEI TECMO GAMES CO., LTD.",688255,"BLUE REFLECTION - Bath Towels Set C (Lime, Fumio, Chihiro)",DLC,,1508198400,0,0,0
"KOEI TECMO GAMES CO., LTD.",688254,"BLUE REFLECTION - Bath Towels Set B (Yuzu, Shihori, Kei)",DLC,,1508198400,0,0,0
"KOEI TECMO GAMES CO., LTD.",688253,"BLUE REFLECTION - Bath Towels Set A (Hinako, Sarasa, Mao)",DLC,,1508198400,0,0,0
"KOEI TECMO GAMES CO., LTD.",688252,"BLUE REFLECTION - Summer Clothes Set E (Rin, Kaori, Rika)",DLC,,1508198400,0,0,0
"KOEI TECMO GAMES CO., LTD.",688251,"BLUE REFLECTION - Summer Clothes Set D (Sanae, Ako, Yuri)",DLC,,1508198400,0,0,0
"KOEI TECMO GAMES CO., LTD.",688250,"BLUE REFLECTION - Summer Clothes Set C (Lime, Fumio, Chihiro)",DLC,,1508198400,0,0,0
"KOEI TECMO GAMES CO., LTD.",688249,"BLUE REFLECTION - Summer Clothes Set B (Yuzu, Shihori, Kei)",DLC,,1508198400,0,0,0
"KOEI TECMO GAMES CO., LTD.",688248,"BLUE REFLECTION - Summer Clothes Set A (Hinako, Sarasa, Mao)",DLC,,1508198400,0,0,0
"KOEI TECMO GAMES CO., LTD.",688247,BLUE REFLECTION - Arland Maid Costumes (Lime),DLC,,1506384000,0,0,0
"KOEI TECMO GAMES CO., LTD.",688246,BLUE REFLECTION - Arland Maid Costumes (Yuzuki),DLC,,1506384000,0,0,0
"KOEI TECMO GAMES CO., LTD.",688245,"BLUE REFLECTION - Sailor Swimsuits set E (Rin, Kaori, Rika)",DLC,,1506384000,0,0,0
"KOEI TECMO GAMES CO., LTD.",688244,"BLUE REFLECTION - Sailor Swimsuits set D (Sanae, Ako, Yuri)",DLC,,1506384000,0,0,0
"KOEI TECMO GAMES CO., LTD.",688243,"BLUE REFLECTION - Sailor Swimsuits set C (Lime, Fumio, Chihiro)",DLC,,1506384000,0,0,0
"KOEI TECMO GAMES CO., LTD.",688242,"BLUE REFLECTION - Sailor Swimsuits set B (Yuzu, Shihori, Kei)",DLC,,1506384000,0,0,0
"KOEI TECMO GAMES CO., LTD.",688240,BLUE REFLECTION - Bonus DLC,DLC,,0,0,0,0
"KOEI TECMO GAMES CO., LTD.",658270,Warriors All-Stars - Right for using Opoona,DLC,,0,0,0,0
"KOEI TECMO GAMES CO., LTD.",601390,DOA5LR Arc System Works Mashup Set,DLC,,0,0,0,0
"KOEI TECMO GAMES CO., LTD.",579530,"RTK13 - Weekly Famitsu tie-up Officer CG ""Saki Suzuki"" 週刊ファミ通タイアップ武将CG「2代目ゲーマーズエンジェル 鈴木咲」",DLC,,0,0,0,0
"KOEI TECMO GAMES CO., LTD.",573547,Atelier Firis - Gust BGM pack / ガスト歴代タイトルＢＧＭパック,DLC,,1618876800,0,0,0
"KOEI TECMO GAMES CO., LTD.",573540,"Atelier Firis - Costume: Resort Vacation, Wonderland",DLC,,0,0,0,0
"KOEI TECMO GAMES CO., LTD.",569691,Toukiden 2 - Armor: Yamato Outfit / Reki Outfit,DLC,,1491868800,0,0,0
"KOEI TECMO GAMES CO., LTD.",569690,Toukiden 2 - Armor: Hayatori Outfit / Horo Outfit,DLC,,1491868800,0,0,0
"KOEI TECMO GAMES CO., LTD.",514332,DOA5LR KOF Mashup Costume Set,DLC,,0,0,0,0
"KOEI TECMO GAMES CO., LTD.",514331,DOA5LR Mai Shiranui Debut Costume Set,DLC,,0,0,0,0
"KOEI TECMO GAMES CO., LTD.",514330,DOA5LR Character: Mai Shiranui,DLC,,0,0,0,0
"KOEI TECMO GAMES CO., LTD.",494510,DOA5LR Attack on Titan Mashup Set,DLC,,0,0,0,0
"KOEI TECMO GAMES CO., LTD.",486001,Attack on Titan - Clean-up Eren & Levi costume,DLC,,1472169600,0,0,0
"KOEI TECMO GAMES CO., LTD.",485990,DOA5LR Fairy Tail Mashup Set,DLC,,0,0,0,0
"KOEI TECMO GAMES CO., LTD.",457360,NOBUNAGA'S AMBITION: Souzou SR - “SengokuBushouRetsuden”,DLC,,1461715200,0,0,0
"KOEI TECMO GAMES CO., LTD.",440300,WP8 2016 - GCコインシリアル,DLC,,1455840000,0,0,0
"KOEI TECMO GAMES CO., LTD.",440290,WP8 2016 - GAMECITYオンラインユーザー登録シリアル,DLC,,1455840000,0,0,0
"KOEI TECMO GAMES CO., LTD.",439790,"RTK13 - ""Hyakumannin no Sangokushi Special"" and ""Hyakumannin no Sangokushi"" Special Bonus 『100万人の三國志』『100万人の三國志 Special』連携特典",DLC,,1454025600,0,0,0
"KOEI TECMO GAMES CO., LTD.",429590,RTK Maker - Face CG Historical Fantasy Set - 三国志ツクール顔登録素材「歴史ファンタジー」セット+シナリオ,DLC,,1452211200,0,0,0
"KOEI TECMO GAMES CO., LTD.",426743,RTK Maker - Face CG Nobunyaga Set - 三国志ツクール顔登録素材『のぶニャがの野望』セット＋シナリオ,DLC,,1450915200,0,0,0
"KOEI TECMO GAMES CO., LTD.",426742,RTK Maker - Face CG Warriors Set - 三国志ツクール顔登録素材「無双」セット+シナリオ,DLC,,1450915200,0,0,0
"KOEI TECMO GAMES CO., LTD.",426720,RTK Maker - Face CG Gust Set - 三国志ツクール 顔登録素材 「ガスト」セット,DLC,,1449705600,0,0,0
"KOEI TECMO GAMES CO., LTD.",426710,RTK Maker - Face CG Tecmo Set - 三国志ツクール 顔登録素材 「テクモ」セット,DLC,,1449705600,0,0,0
"KOEI TECMO GAMES CO., LTD.",426700,RTK Maker - Face CG Neo Romance Set - 三国志ツクール 顔登録素材 「ネオロマンス」セット,DLC,,1449705600,0,0,0
"KOEI TECMO GAMES CO., LTD.",426200,RTK Maker - Face CG Koei Variety Set - 三国志ツクール 顔登録素材 「コーエーバラエティ」セット,DLC,,1449705600,0,0,0
"KOEI TECMO GAMES CO., LTD.",426181,RTK Maker - my GAMECITY GCコインシリアル,DLC,,1449619200,0,0,0
"KOEI TECMO GAMES CO., LTD.",426180,RTK Maker - GAMECITYオンラインユーザー登録シリアル,DLC,,1449619200,0,0,0
"KOEI TECMO GAMES CO., LTD.",425141,DOA5LR Tatsunoko Mashup Set,DLC,,0,0,0,0
"KOEI TECMO GAMES CO., LTD.",420463,RTK13 - Concert Subscription 「三國志」30周年記念コンサート応募用シリアルナンバー,DLC,,0,0,0,0
"KOEI TECMO GAMES CO., LTD.",420462,RTK13 - Original Officer “Koji Kikkawa” オリジナル武将DLC「吉川晃司」,DLC,,0,0,0,0
"KOEI TECMO GAMES CO., LTD.",420461,RTK13 - my GAMECITY ポイントサービス用シリアルナンバー,DLC,,1453939200,0,0,0
"KOEI TECMO GAMES CO., LTD.",412351,RTK13 - Wang Yuanji Special Blue Striped Outfit 王元姫 ブルーストライプ柄特別衣装,DLC,,1453939200,0,0,0
"KOEI TECMO GAMES CO., LTD.",410750,NOBUNAGA'S AMBITION: Tenshouki WPK HD Version - my GAMECITY GCコインシリアル,DLC,,1447200000,0,0,0
"KOEI TECMO GAMES CO., LTD.",403351,DOA5LR - School Girl Strikers Costume Set,DLC,,0,0,0,0
"KOEI TECMO GAMES CO., LTD.",382870,DOA5LR - Falcom Mashup Set,DLC,,0,0,0,0
"KOEI TECMO GAMES CO., LTD.",381731,NOBUNAGA'S AMBITION: Kakushin WPK - my GAMECITY GCコインシリアル,DLC,,0,0,0,0
"KOEI TECMO GAMES CO., LTD.",381730,NOBUNAGA'S AMBITION: Kakushin WPK - GAMECITYオンラインユーザー登録シリアル,DLC,,0,0,0,0
"KOEI TECMO GAMES CO., LTD.",381721,NOBUNAGA'S AMBITION: Tendou WPK - my GAMECITY GCコインシリアル,DLC,,0,0,0,0
"KOEI TECMO GAMES CO., LTD.",381720,NOBUNAGA'S AMBITION: Tendou WPK - GAMECITYオンラインユーザー登録シリアル,DLC,,0,0,0,0
"KOEI TECMO GAMES CO., LTD.",377790,Toukiden: Kiwami - my GAMECITY GCコインシリアル,DLC,,0,0,0,0
"KOEI TECMO GAMES CO., LTD.",376611,Toukiden: Kiwami - GAMECITYオンラインユーザー登録シリアル,DLC,,0,0,0,0
"KOEI TECMO GAMES CO., LTD.",376610,Toukiden: Kiwami - Armor - Sōma Outfit & Reki Outfit,DLC,,0,0,0,0
"KOEI TECMO GAMES CO., LTD.",363911,my GAMECITY GCコインシリアルナンバー,DLC,,0,0,0,0
"KOEI TECMO GAMES CO., LTD.",363910,GAMECITYオンラインユーザー登録シリアルナンバー,DLC,,0,0,0,0
"KOEI TECMO GAMES CO., LTD.",363230,Nobunaga's Ambition: Souzou WPK - 10 New Face CG Set,DLC,,1432771200,0,0,0
"KOEI TECMO GAMES CO., LTD.",358144,DOA5LR - SENRAN KAGURA Mashup Costume Set,DLC,,0,0,0,0
"KOEI TECMO GAMES CO., LTD.",352830,DW8E: Gamecity Online Registration,DLC,,0,0,0,0
"KOEI TECMO GAMES CO., LTD.",344123,"Nobunaga's Ambition: Souzou WPK(TC) - ""Tama"", ""Okatsu no Kata"" Bushou Data",DLC,,0,0,0,0
"KOEI TECMO GAMES CO., LTD.",344122,Nobunaga's Ambition: Souzou WPK - Scenario Shokutokudoumei,DLC,,1437523200,0,0,0
"KOEI TECMO GAMES CO., LTD.",344110,"Nobunaga's Ambition: Souzou WPK - ""Sengoku"" Tie Up Contents",DLC,,0,0,0,0
"KOEI TECMO GAMES CO., LTD.",341141,Uncharted Waters Online: Sentinel of the Sea Pack,DLC,,0,0,0,0
"KOEI TECMO GAMES CO., LTD.",341140,Uncharted Waters Online: Guardian of the Sea Pack,DLC,,0,0,0,0
"KOEI TECMO GAMES CO., LTD.",339410,GAMECITYオンラインユーザー登録シリアル,DLC,,0,0,0,0
"KOEI TECMO GAMES CO., LTD.",335650,GAMECITYオンラインユーザー登録シリアル,DLC,,0,0,0,0
"KOEI TECMO GAMES CO., LTD.",321649,"Nobunaga's Ambition: Souzou WPK - ""Tama"", ""Okatsu no Kata"" Bushou Data",DLC,,1418256000,0,0,0
"KOEI TECMO GAMES CO., LTD.",321648,Nobunaga's Ambition: Souzou WPK - Scenario Shokutokudoumei,DLC,,1418169600,0,0,0
"KOEI TECMO GAMES CO., LTD.",321647,Nobunaga's Ambition: Souzou WPK - Scenario Gunshinkourinsu,DLC,,1418169600,0,0,0
"KOEI TECMO GAMES CO., LTD.",321646,Nobunaga's Ambition: Souzou WPK - Scenario Shingenjouraku,DLC,,1418169600,0,0,0
"KOEI TECMO GAMES CO., LTD.",321643,Nobunaga's Ambition: Souzou WPK - Scenario Itsukushima,DLC,,1418169600,0,0,0
"KOEI TECMO GAMES CO., LTD.",321642,Nobunaga's Ambition: Souzou WPK - Scenario Nagashinonotatakai,DLC,,1418169600,0,0,0
"KOEI TECMO GAMES CO., LTD.",321641,Nobunaga's Ambition: Souzou WPK - Scenario Tennouzan,DLC,,1418169600,0,0,0
"KOEI TECMO GAMES CO., LTD.",321640,Nobunaga's Ambition: Souzou WPK - Scenario Tenkafubu,DLC,,1418169600,0,0,0
"KOEI TECMO GAMES CO., LTD.",297895,Nobunaga's Ambition: Souzou - Scenario Shingenjouraku,DLC,,1409097600,0,0,0
"KOEI TECMO GAMES CO., LTD.",297892,Nobunaga's Ambition: Souzou - Scenario Itsukushima,DLC,,1409097600,0,0,0
"KOEI TECMO GAMES CO., LTD.",297880,Nobunaga's Ambition: Souzou - Scenario Tenkafubu,DLC,,1409097600,0,0,0
SANDLOT,410320,EARTH DEFENSE FORCE 4.1 The Shadow of New Despair,Game,92.19,1468886400,43690,86,5940
SANDLOT,1007040,EARTH DEFENSE FORCE 5,Game,91.61,1562803200,34030,248,8416
SANDLOT,410780,Mission Pack 1: Time of the Mutants,DLC,78.95,1470700800,0,0,0
SANDLOT,411380,Mission Pack 2: Extreme Battle,DLC,78.74,1471910400,0,0,0
SANDLOT,1076015,EARTH DEFENSE FORCE 5 - Air Raider Weapon: Singing and Dancing Pure Decoy Launcher Set of 8,DLC,78.3,1562803200,0,0,0
SANDLOT,473444,Pure Decoy Launcher 5 Pack B  [Seira] [Miyabi] [Noko] [Mitsuki] [Anju],DLC,76.9,1468886400,0,0,0
SANDLOT,1057273,EARTH DEFENSE FORCE 5 - Ranger Vehicle: Light Truck,DLC,74.53,1562803200,0,0,0
SANDLOT,473447,Gigantus DCC-Gogo. Marking,DLC,72.17,1468886400,0,0,0
SANDLOT,473446,Gigantus DCC-Zero Marking,DLC,70.84,1468886400,0,0,0
SANDLOT,1057275,EARTH DEFENSE FORCE 5 - Ranger Piloted Weapon: Blacker Number 4.1,DLC,69.2,1562803200,0,0,0
SANDLOT,473445,Depth Crawler Gold Coat,DLC,69.2,1468886400,0,0,0
SANDLOT,1057270,EARTH DEFENSE FORCE 5 - Mission Pack 1: Extra Challenge,DLC,68.39,1564012800,0,0,0
SANDLOT,2378080,EARTH DEFENSE FORCE 6 - Fencer Weapons:  'OneeChanbara ORIGIN' illustrated 'Disguised Body Pillow'.,DLC,68.15,1721865600,0,0,0
SANDLOT,1057283,EARTH DEFENSE FORCE 5 - Air Raider Vehicle: Caliban Armored Ambulance Joyful Marking,DLC,68.15,1562803200,0,0,0
SANDLOT,1057272,EARTH DEFENSE FORCE 5 - Ranger Piloted Weapon: Omega Freesia,DLC,67.93,1562803200,0,0,0
SANDLOT,2291060,EARTH DEFENSE FORCE 6,Game,67.53,1721865600,21047,402,18641
SANDLOT,473441,Sting Shot,DLC,67.06,1468886400,0,0,0
SANDLOT,473443,Pure Decoy Launcher 5 Pack A [Karia] [Moegi] [Chiri] [Ouka] [Rinrin],DLC,66.62,1468886400,0,0,0
SANDLOT,473442,Volatile Napalm,DLC,66.62,1468886400,0,0,0
SANDLOT,2378081,EARTH DEFENSE FORCE 6 - Fencer Weapons: Power Blade Zero,DLC,65.42,1721865600,0,0,0
SANDLOT,2378078,EARTH DEFENSE FORCE 6 - Wing Diver Independently Operated Equipment: Handy Saber Type 0,DLC,64.78,1721865600,0,0,0
SANDLOT,2378075,EARTH DEFENSE FORCE 6 - Ranger Weapons: Broken MR98 Fang,DLC,64.78,1721865600,0,0,0
SANDLOT,2378071,EARTH DEFENSE FORCE 6 - Air Raider Boarding Weapons: Eros No. 6,DLC,64.78,1721865600,0,0,0
SANDLOT,1057279,EARTH DEFENSE FORCE 5 - Fencer Support Device: Wild Skeleton,DLC,64.78,1562803200,0,0,0
SANDLOT,464220,"Gigantus Tank, Natsuiro HS Markings",DLC,64.78,1468886400,0,0,0
SANDLOT,1076014,EARTH DEFENSE FORCE 5 - Ranger Weapon: Singing and Dancing Pure Decoy Launcher Set of 8,DLC,64.76,1562803200,0,0,0
SANDLOT,1076010,EARTH DEFENSE FORCE 5 - Ranger Weapon: Decoy Launcher (Pale Wing),DLC,64.08,1562803200,0,0,0
SANDLOT,1057280,EARTH DEFENSE FORCE 5 - Air Raider Weapon: FZ-GUN,DLC,64.08,1562803200,0,0,0
SANDLOT,464203,Spark Lancer,DLC,64.08,1468886400,0,0,0
SANDLOT,464202,Gleipnir,DLC,63.45,1468886400,0,0,0
SANDLOT,464201,Blood Storm,DLC,63.45,1468886400,0,0,0
SANDLOT,2378070,EARTH DEFENSE FORCE 6 - Ranger Boarding Weapons: Free Bike No. 6,DLC,62.1,1721865600,0,0,0
SANDLOT,1076011,EARTH DEFENSE FORCE 5 - Air Raider Piloted Weapon: Combat Frame Gold Nyx,DLC,61.97,1562803200,0,0,0
SANDLOT,1057271,EARTH DEFENSE FORCE 5 - Mission Pack 2: Super Challenge,DLC,61.26,1565222400,0,0,0
SANDLOT,1057278,EARTH DEFENSE FORCE 5 - Fencer Weapon: Happy Body Pillow,DLC,59.97,1562803200,0,0,0
SANDLOT,2378076,EARTH DEFENSE FORCE 6 - Ranger Weapons: A60 Binary Round,DLC,59.6,1721865600,0,0,0
SANDLOT,1057274,EARTH DEFENSE FORCE 5 - Ranger Support Device: Detector S-Type,DLC,59.6,1562803200,0,0,0
SANDLOT,1057277,EARTH DEFENSE FORCE 5 - Fencer Weapon: Grim Reaper Shield,DLC,59.42,1562803200,0,0,0
SANDLOT,2378087,EARTH DEFENSE FORCE 6 - Additional Mission Pack 1: Lost Days,DLC,56.95,1724889600,0,0,0
SANDLOT,473440,Reflectron Laser,DLC,56.05,1468886400,0,0,0
SANDLOT,2378077,EARTH DEFENSE FORCE 6 - Ranger Weapons: Aerial Reverser M0,DLC,55.69,1721865600,0,0,0
SANDLOT,2378073,EARTH DEFENSE FORCE 6 - Air Raider Boarding Weapons: Naegling No. 6,DLC,55.69,1721865600,0,0,0
SANDLOT,2378088,EARTH DEFENSE FORCE 6 - Additional Mission Pack 2: Visions of Malice,DLC,54.52,1729123200,0,0,0
SANDLOT,2378083,EARTH DEFENSE FORCE 6 - Strengthening Parts for Fencer: Gunner's Exoskeleton,DLC,50.0,1721865600,0,0,0
SANDLOT,2378082,EARTH DEFENSE FORCE 6 - Fencer Weapons: Proto Reflector,DLC,50.0,1721865600,0,0,0
SANDLOT,2378072,EARTH DEFENSE FORCE 6 - Ranger Piloted Weapons: Blacker No. 6,DLC,50.0,1721865600,0,0,0
SANDLOT,464206,"Gigantus Tank, EDF IFPS Markings",DLC,50.0,1468886400,0,0,0
SANDLOT,464205,"Gigantus Tank, Bullet Girls Marking",DLC,50.0,1468886400,0,0,0
SANDLOT,464204,BM03 Vegalta Gold,DLC,50.0,1468886400,0,0,0
SANDLOT,464200,Ifrit,DLC,50.0,1468886400,0,0,0
SANDLOT,1076012,EARTH DEFENSE FORCE 5 - Wing Diver Weapon: Vulcaneer Cracker,DLC,46.68,1562803200,0,0,0
SANDLOT,1076013,EARTH DEFENSE FORCE 5 - Wing Diver Weapon: Starburst,DLC,45.83,1562803200,0,0,0
SANDLOT,1057281,EARTH DEFENSE FORCE 5 - Air Raider Piloted Weapon: Combat Frame Phantasia Shield Nyx,DLC,45.52,1562803200,0,0,0
SANDLOT,1057282,EARTH DEFENSE FORCE 5 - Air Raider Piloted Weapon: Blacker Number 5,DLC,40.4,1562803200,0,0,0
SANDLOT,1057276,EARTH DEFENSE FORCE 5 - Wing Diver Support Device: Reverse Core S-Type,DLC,33.24,1562803200,0,0,0
MAGES. Inc.,412830,STEINS;GATE,Game,94.84,1473379200,101062,188,3565
MAGES. Inc.,825630,STEINS;GATE 0,Game,93.02,1525737600,38702,60,787
MAGES. Inc.,930910,STEINS;GATE: Linear Bounded Phenogram,Game,91.44,1550534400,7134,15,454
MAGES. Inc.,970560,STEINS;GATE: My Darling's Embrace,Game,90.85,1575936000,8371,9,137
MAGES. Inc.,970570,CHAOS;CHILD,Game,89.93,1548201600,11416,34,245
MAGES. Inc.,2507620,The Quintessential Quintuplets - Five Memories Spent With You,Game,88.64,1716422400,3204,9,29
MAGES. Inc.,2184580,Memories Off6 T-wave,Game,86.58,1706659200,973,0,21
MAGES. Inc.,819030,STEINS;GATE ELITE,Game,85.83,1550534400,20225,4,185
MAGES. Inc.,738510,Memories Off -Innocent Fille-,Game,85.06,1585785600,6941,3,276
MAGES. Inc.,1111380,ROBOTICS;NOTES ELITE,Game,84.74,1602633600,5700,11,140
MAGES. Inc.,1961950,CHAOS;HEAD NOAH,Game,84.61,1665100800,4472,77,238
MAGES. Inc.,675610,Memories Off,Game,84.28,1706659200,1228,1,27
MAGES. Inc.,679520,Memories Off 2nd,Game,84.2,1706659200,764,0,19
MAGES. Inc.,960730,Memories Off Sorekara,Game,84.0,1706659200,654,0,16
MAGES. Inc.,1446720,Is It Wrong to Try to Shoot 'em Up Girls in a Dungeon?,Game,83.9,1606262400,858,0,16
MAGES. Inc.,1200110,Memories Off -Innocent Fille- for Dearest,Game,83.71,1588204800,4118,1,93
MAGES. Inc.,333110,Phantom Breaker: Battle Grounds - Kurisu Makise + Level 99 Pack,DLC,83.49,1426204800,0,0,0
MAGES. Inc.,2507610,The Quintessential Quintuplets - Memories of a Quintessential Summer,Game,82.69,1716422400,2525,3,43
MAGES. Inc.,2184590,Memories Off Yubikiri No Kioku,Game,81.56,1706659200,688,0,12
MAGES. Inc.,1011950,CHAOS;CHILD - LIMITED EDITION OST,DLC,81.46,1548201600,0,0,0
MAGES. Inc.,778390,Corpse Party: Book of Shadows,Game,80.91,1540771200,4811,5,50
MAGES. Inc.,2349140,KONOSUBA - God's Blessing on this Wonderful World! Love For These Clothes Of Desire!,Game,80.25,1707350400,5828,4,133
MAGES. Inc.,2349030,B-PROJECT RYUSEI*FANTASIA,Game,80.0,1721001600,552,1,15
MAGES. Inc.,329490,Phantom Breaker: Battle Grounds Classic,Game,79.93,1422057600,15518,0,424
MAGES. Inc.,778400,Corpse Party: Sweet Sachiko's Hysteric Birthday Bash,Game,79.55,1554854400,2845,1,55
MAGES. Inc.,2184570,Memories Off #5 Togireta Film,Game,78.14,1706659200,527,2,8
MAGES. Inc.,2392500,Ever 17 - The Out of Infinity,Game,77.28,1741219200,2260,5,121
MAGES. Inc.,372110,Phantom Breaker: Battle Grounds - Frau Koujiro,DLC,75.24,1479427200,0,0,0
MAGES. Inc.,381760,Phantom Breaker: Battle Grounds - Kemomimi Costume DLC,DLC,75.14,1471478400,0,0,0
MAGES. Inc.,2291020,ANONYMOUS;CODE,Game,75.11,1694131200,4887,2,199
MAGES. Inc.,1417860,ROBOTICS;NOTES ELITE & DaSH : Mini Soundtrack,Music,75.0,1602633600,0,0,0
MAGES. Inc.,2103330,CHAOS;HEAD NOAH - COSTUME DLC,DLC,74.9,1665100800,0,0,0
MAGES. Inc.,912450,YU-NO: A girl who chants love at the bound of this world,Game,74.62,1569974400,6871,4,60
MAGES. Inc.,348940,Phantom Breaker: Battle Grounds - Original Soundtrack,DLC,74.51,1432598400,0,0,0
MAGES. Inc.,544580,BULLET SOUL,Game,74.38,1491523200,921,0,27
MAGES. Inc.,1269130,Memories Off -Innocent Fille- Sound Collection,Music,74.2,1585785600,0,0,0
MAGES. Inc.,2497670,Genso Manège,Game,74.03,1738281600,623,1,13
MAGES. Inc.,2184620,Never 7 - The End of Infinity,Game,73.29,1741219200,1046,1,31
MAGES. Inc.,522880,PSYCHO-PASS: Mandatory Happiness,Game,72.64,1492992000,5398,0,55
MAGES. Inc.,548810,Operation Babel: New Tokyo Legacy,Game,72.47,1494892800,6885,1,78
MAGES. Inc.,743910,Omoide Ni Kawaru Kimi Memories Off,Game,71.49,1706659200,524,0,9
MAGES. Inc.,1184560,Phantom Breaker: Omnia,Game,71.46,1647216000,3082,3,109
MAGES. Inc.,824830,Corpse Party: Blood Drive,Game,71.09,1570665600,3171,0,54
MAGES. Inc.,2590900,KonoSuba: God's Blessing on this Wonderful World! Love For These Clothes Of Desire! - Darkness Special Swimsuit DLC,DLC,70.84,1707350400,0,0,0
MAGES. Inc.,2838360,SINce Memories: Off The Starry Sky,Game,70.68,1729641600,845,0,13
MAGES. Inc.,3197710,Iwakura Aria,Game,69.77,1755129600,1228,0,25
MAGES. Inc.,2604320,Memories Off Sousou ~Not always true~,Game,67.82,1744156800,998,1,109
MAGES. Inc.,545060,BULLET SOUL INFINITE BURST,Game,67.8,1501459200,961,1,21
MAGES. Inc.,630790,PSYCHO-PASS サイコパス 選択なき幸福,Game,67.06,1499904000,155,0,10
MAGES. Inc.,587510,PSYCHO-PASS: Mandatory Happiness - Digital Art Book,DLC,67.06,1492992000,0,0,0
MAGES. Inc.,2590890,KonoSuba: God's Blessing on this Wonderful World! Love For These Clothes Of Desire! - Megumin Special Swimsuit DLC,DLC,66.76,1707350400,0,0,0
MAGES. Inc.,541450,Operation Abyss: New Tokyo Legacy,Game,64.35,1490572800,7271,1,129
MAGES. Inc.,2544850,ANONYMOUS;CODE - SOUND DATA LOG,Music,64.08,1694131200,0,0,0
MAGES. Inc.,1764110,Phantom Breaker: Omnia Original Game Soundtrack,Music,64.08,1647216000,0,0,0
MAGES. Inc.,548820,Operation Abyss: New Tokyo Legacy - Digital Art Book,DLC,64.08,1490572800,0,0,0
MAGES. Inc.,1111390,ROBOTICS;NOTES DaSH,Game,63.57,1602633600,2980,2,28
MAGES. Inc.,372112,Phantom Breaker: Battle Grounds - FM sound generator BGM,DLC,63.45,1479427200,0,0,0
MAGES. Inc.,766680,Punch Line,Game,62.52,1558569600,3911,0,12
MAGES. Inc.,2590880,KonoSuba: God's Blessing on this Wonderful World! Love For These Clothes Of Desire! - Aqua Special Swimsuit DLC,DLC,57.39,1707350400,0,0,0
MAGES. Inc.,1124050,Ogre Tale,Game,55.71,1597881600,1893,0,93
MAGES. Inc.,548821,Operation Abyss: New Tokyo Legacy - Digital Soundtrack,Music,50.0,1490572800,0,0,0
MAGES. Inc.,1187940,Is It Wrong to Try to Pick Up Girls in a Dungeon? Infinite Combate,Game,46.67,1597017600,6177,0,117
MAGES. Inc.,4012810,STEINS;GATE RE:BOOT,Game,,1798675200,6274,0,0
MAGES. Inc.,4231560,Memories Off Sousou Break out of my shell,Game,,9223372036854775807,25,0,0
MAGES. Inc.,3481060,Iwakura Aria Trial ver.,Demo,,1748822400,0,0,16
MAGES. Inc.,3426830,Memories Off Sousou ~Not always true~ Sound Collection,Music,,1744156800,0,0,0
MAGES. Inc.,3426820,Memories Off Sousou ~Not always true~ MATERIAL BOOK,DLC,,1744156800,0,0,0
MAGES. Inc.,3209720,Genso Manège Demo,Demo,,1728604800,0,0,7
MAGES. Inc.,2972000,B-PROJECT RYUSEI*FANTASIA Demo,Demo,,1717718400,0,0,16
MAGES. Inc.,1829390,Phantom Breaker: Omnia Demo,Demo,,1644451200,0,0,56
MAGES. Inc.,1160520,YU-NO: Official Art Book,DLC,,0,0,0,0
MAGES. Inc.,665170,BULLET SOUL INFINITE BURST - Original Soundtrack,DLC,,1501459200,0,0,0
MAGES. Inc.,659800,PSYCHO-PASS サイコパス 選択なき幸福 - 設定資料集,DLC,,1499904000,0,0,0
MAGES. Inc.,651400,BULLET SOUL Original Soundtrack,DLC,,1499126400,0,0,0
MAGES. Inc.,548831,Operation Babel: New Tokyo Legacy - Digital Soundtrack,Music,,1494892800,0,0,0
MAGES. Inc.,548830,Operation Babel: New Tokyo Legacy - Digital Art Book,DLC,,1494892800,0,0,0
ATLUS,1113000,Persona 4 Golden,Game,95.47,1592006400,98356,930,29984
ATLUS,1687950,Persona 5 Royal,Game,95.12,1666310400,155965,4339,35474
ATLUS,2161700,Persona 3 Reload,Game,92.66,1706832000,106955,2806,45002
ATLUS,1875830,Shin Megami Tensei V: Vengeance,Game,89.85,1718323200,42542,578,21749
ATLUS,2679460,Metaphor: ReFantazio,Game,88.34,1728604800,100549,1421,85961
ATLUS,2288350,RAIDOU Remastered: The Mystery of the Soulless Army,Game,88.29,1750291200,13514,29,3544
ATLUS,1382330,Persona® 5 Strikers,Game,85.62,1614038400,73025,113,8730
ATLUS,893180,Catherine Classic,Game,84.93,1547078400,52894,57,1265
ATLUS,1413480,Shin Megami Tensei III Nocturne HD Remaster,Game,84.6,1621555200,25832,97,1906
ATLUS,1602010,Persona 4 Arena Ultimax,Game,84.58,1647475200,17865,59,7099
ATLUS,1810820,Etrian Odyssey III HD,Game,84.09,1686700800,8351,67,1577
ATLUS,3358440,Persona 3 Reload Demo,Demo,83.48,1744070400,0,70,532
ATLUS,1868180,Etrian Odyssey HD,Game,81.64,1686700800,8948,99,3283
ATLUS,1482080,Persona® 5 Strikers - Legacy BGM Pack,DLC,81.51,1614038400,0,0,0
ATLUS,2850150,G-MODEアーカイブス+ ペルソナ3 アイギス THE FIRST MISSION,Game,81.42,1717632000,848,0,22
ATLUS,2106500,Shin Megami Tensei V: Vengeance - Demon Subquest - Holy Will and Profane Dissent,DLC,81.42,1718323200,0,0,0
ATLUS,1502000,Shin Megami Tensei III Nocturne HD Remaster - Maniax Pack,DLC,79.48,1621900800,0,0,0
ATLUS,2334531,Persona 3 Reload - Persona 5 Royal Phantom Thieves Costume Set,DLC,79.37,1706832000,0,0,0
ATLUS,2541170,G-MODEアーカイブス+ 女神異聞録ペルソナ 異空の塔編,Game,79.25,1695945600,499,3,15
ATLUS,1809700,Persona 3 Portable,Game,78.27,1674086400,21675,101,3515
ATLUS,2107724,Shin Megami Tensei V: Vengeance - Safety Difficulty,DLC,77.91,1718323200,0,0,0
ATLUS,3130330,Metaphor: ReFantazio - Prologue Demo,Demo,76.89,1727222400,0,8,12828
ATLUS,2107720,Shin Megami Tensei V: Vengeance - Demon Subquest - Sakura Cinders of the East,DLC,76.49,1718323200,0,0,0
ATLUS,3652460,G-MODEアーカイブス+ 真・女神転生-20XX,Game,75.03,1747180800,442,0,66
ATLUS,2486848,RAIDOU Remastered: The Mystery of the Soulless Army - Survival Pack Light Gear,DLC,75.0,1750291200,0,0,0
ATLUS,1851230,Etrian Odyssey III HD Character Set DLC,DLC,75.0,1686700800,0,0,0
ATLUS,1868170,Etrian Odyssey II HD,Game,74.57,1686700800,4513,23,360
ATLUS,3907460,RAIDOU Remastered: The Mystery of the Soulless Army Demo,Demo,74.53,1762214400,0,0,98
ATLUS,3185590,Shin Megami Tensei V: Vengeance Demo,Demo,73.91,1731542400,0,17,453
ATLUS,2486844,RAIDOU Remastered: The Mystery of the Soulless Army - A Special Briefing,DLC,73.26,1750291200,0,0,0
ATLUS,2192670,G-MODEアーカイブス+ 女神転生外伝 新約ラストバイブル,Game,72.76,1670889600,307,0,10
ATLUS,2924420,"Metaphor: ReFantazio - Gekkoukan High School Uniform (7), Battle BGM & Battle Jingle Set",DLC,72.36,1728604800,0,0,0
ATLUS,2486843,RAIDOU Remastered: The Mystery of the Soulless Army - Demonic Designations: Summoner Titles,DLC,72.17,1751500800,0,0,0
ATLUS,2486842,RAIDOU Remastered: The Mystery of the Soulless Army - Guest Demons Pack,DLC,72.17,1750291200,0,0,0
ATLUS,2107722,Shin Megami Tensei V: Vengeance - Mitama Dance of EXP,DLC,71.87,1718323200,0,0,0
ATLUS,2254740,Persona 5 Tactica,Game,71.23,1700179200,17405,27,4344
ATLUS,2377460,Persona 5 Tactica: Repaint Your Heart,DLC,71.02,1700179200,0,0,0
ATLUS,1872851,Soul Hackers 2 - Useful Item Set & Extra Difficulty,DLC,71.0,1661472000,0,0,0
ATLUS,2924450,"Metaphor: ReFantazio - Jouin High School Uniform (7), Battle BGM & Battle Jingle Set",DLC,69.91,1728604800,0,0,0
ATLUS,2015490,Etrian Odyssey HD Character Set DLC,DLC,69.44,1686700800,0,0,0
ATLUS,2194300,G-MODEアーカイブス+ 女神転生外伝 新約ラストバイブルIII 夢幻の英雄,Game,68.15,1670889600,206,0,3
ATLUS,2924440,"Metaphor: ReFantazio - St. Hermelin High School Uniform (7), Battle BGM & Battle Jingle Set",DLC,67.93,1728604800,0,0,0
ATLUS,2107723,Shin Megami Tensei V: Vengeance - Mitama Dance of Wealth,DLC,67.76,1718323200,0,0,0
ATLUS,2924460,"Metaphor: ReFantazio - Samurai Garb (7), Battle BGM & Battle Jingle Set",DLC,67.18,1728604800,0,0,0
ATLUS,2486847,RAIDOU Remastered: The Mystery of the Soulless Army - Survival Pack,DLC,67.06,1750291200,0,0,0
ATLUS,2486841,RAIDOU Remastered: The Mystery of the Soulless Army - Demons of the Aril Rift,DLC,67.06,1750291200,0,0,0
ATLUS,2192680,G-MODEアーカイブス+ 女神転生外伝 新約ラストバイブルII 始まりの福音,Game,66.76,1670889600,192,0,5
ATLUS,2541180,G-MODEアーカイブス+ 魔神転生 blind thinker,Game,66.33,1700092800,273,0,15
ATLUS,1502940,Shin Megami Tensei III Nocturne HD Remaster - Chronicle Pack,DLC,65.2,1621900800,0,0,0
ATLUS,2486840,RAIDOU Remastered: The Mystery of the Soulless Army - Kuzunoha Village Trainings,DLC,64.78,1750291200,0,0,0
ATLUS,1497870,Shin Megami Tensei III Nocturne HD Remaster - Merciful Difficulty,DLC,64.27,1621900800,0,0,0
ATLUS,1777620,Soul Hackers 2,Game,64.14,1661472000,21233,21,5692
ATLUS,2924470,Metaphor: ReFantazio - Etrian Odyssey Class Costumes (7) & Battle BGM Set,DLC,64.14,1728604800,0,0,0
ATLUS,2322840,Persona 3 Reload - Persona 4 Golden Yasogami High Costume Set,DLC,63.53,1706832000,0,0,0
ATLUS,2924430,"Metaphor: ReFantazio - Seven Sisters High School Uniform (7), Battle BGM & Battle Jingle Set",DLC,63.45,1728604800,0,0,0
ATLUS,2107721,Shin Megami Tensei V: Vengeance - Mitama Dance of Miracles,DLC,62.0,1718323200,0,0,0
ATLUS,1527660,Shin Megami Tensei III Nocturne HD Remaster - Mercy and Expectation Map Pack,DLC,61.59,1621900800,0,0,0
ATLUS,2924410,"Metaphor: ReFantazio - Yasogami High School Uniform (7), Battle BGM & Battle Jingle Set",DLC,60.95,1728604800,0,0,0
ATLUS,2334535,Persona 3 Reload - Persona 4 Golden BGM Set,DLC,58.95,1706832000,0,0,0
ATLUS,2334532,Persona 3 Reload - Persona 5 Royal Persona Set 1,DLC,57.58,1706832000,0,0,0
ATLUS,2334534,Persona 3 Reload - Persona 4 Golden Persona Set,DLC,57.47,1706832000,0,0,0
ATLUS,1869260,Soul Hackers 2 - Booster Item Pack,DLC,56.69,1661472000,0,0,0
ATLUS,2054910,Etrian Odyssey II HD Character Set DLC,DLC,55.69,1686700800,0,0,0
ATLUS,2334530,Persona 3 Reload - Persona 5 Royal Shujin Academy Costume Set,DLC,54.33,1706832000,0,0,0
ATLUS,3713410,G-MODEアーカイブス+ 真・女神転生 東京鎮魂歌,Game,52.78,1756425600,216,0,33
ATLUS,2334533,Persona 3 Reload - Persona 5 Royal Persona Set 2,DLC,52.06,1706832000,0,0,0
ATLUS,1482081,Persona® 5 Strikers - All-Out Attack Pack,DLC,52.05,1614038400,0,0,0
ATLUS,1503720,Shin Megami Tensei III Nocturne HD Remaster - Shin Megami Tensei BGM Pack,DLC,51.34,1621900800,0,0,0
ATLUS,3061570,Persona5: The Phantom X,Game,50.06,1750896000,24711,1677,41622
ATLUS,2486846,RAIDOU Remastered: The Mystery of the Soulless Army - Skill Book Pack,DLC,50.0,1750291200,0,0,0
ATLUS,2924400,"Metaphor: ReFantazio - Shujin Academy School Uniform (7), Battle BGM & Battle Jingle Set",DLC,47.03,1728604800,0,0,0
ATLUS,1872840,Soul Hackers 2 - Costume & BGM Pack,DLC,44.87,1661472000,0,0,0
ATLUS,4128470,Metaphor: ReFantazio: Essential Digital Strategy Guide,DLC,44.31,1768176000,0,0,0
ATLUS,1869261,Soul Hackers 2 - Bonus Story Arc: The Lost Numbers,DLC,43.19,1661472000,0,0,0
ATLUS,2377462,Persona 5 Tactica: Picaro Summoning Pack & Raoul,DLC,41.86,1700179200,0,0,0
ATLUS,2334536,Persona 3 Reload - Persona 5 Royal BGM Set,DLC,39.03,1706832000,0,0,0
ATLUS,2377461,Persona 5 Tactica: Weapon Pack,DLC,34.07,1700179200,0,0,0
ATLUS,2689210,Persona 3 Reload: Expansion Pass,DLC,33.4,1710201600,0,0,0
ATLUS,1869262,Soul Hackers 2 - Bonus Demon Pack,DLC,32.91,1661472000,0,0,0
ATLUS,1869263,Soul Hackers 2 - Costume & BGM Pack,DLC,31.99,1661472000,0,0,0
ATLUS,2517300,Persona 3 Reload - Digital Artbook,DLC,24.42,1706832000,0,0,0
ATLUS,2517310,Persona 3 Reload - Digital Soundtrack,DLC,10.56,1706832000,0,0,0
ATLUS,2963950,Persona 4 Revival,Game,,9223372036854775807,30526,0,0
ATLUS,3899160,G-MODEアーカイブス+ ステラデウス 漆黒の精霊,Game,,1758153600,88,0,2
ATLUS,2627690,G-MODEアーカイブス+ DIGITAL DEVIL SAGA アバタール・チューナー A's TEST Server完全版,Game,,9223372036854775807,79,0,0
ATLUS,4166940,G-MODEアーカイブス+ ステラデウス 錬金術の時間,Game,,1764806400,58,0,1
ATLUS,2999630,Metaphor: ReFantazio - Digital Artbook,DLC,,0,0,0,0
ATLUS,2334537,SteamDB Unknown App 2334537,DLC,,0,0,0,0
